#Task Selector: 4
#PID Parameters: kp: 0.50, kd: 0.00, ki: 0.00
#n_pos: 10
#n_vel: 10
t x_ref y_ref vx_ref vy_ref x_raw y_raw x y vx_raw vy_raw vx vy
16 0.00 0.00 0.00 0.00 36.30 16.83 3.63 1.68 0.00 0.00 0.00 0.00
16 0.00 0.00 0.00 0.00 36.31 17.21 7.26 3.40 0.00 0.00 0.00 0.00
16 0.00 0.00 0.00 0.00 36.73 19.12 10.93 5.32 0.00 0.00 0.00 0.00
16 0.00 0.00 0.00 0.00 36.72 18.36 14.61 7.15 0.00 0.00 0.00 0.00
16 0.00 0.00 0.00 0.00 44.25 -0.25 19.03 7.13 0.00 0.00 0.00 0.00
16 0.00 0.00 0.00 0.00 43.45 -0.62 23.37 7.06 0.00 0.00 0.00 0.00
16 0.00 0.00 0.00 0.00 41.81 5.86 27.56 7.65 0.00 0.00 0.00 0.00
16 0.00 0.00 0.00 0.00 45.05 -0.25 32.06 7.63 0.00 0.00 0.00 0.00
16 0.00 0.00 0.00 0.00 45.90 -4.09 36.65 7.22 0.00 0.00 0.00 0.00
16 0.00 0.00 0.00 0.00 44.29 -4.46 41.08 6.77 0.00 0.00 0.00 0.00
16 0.00 0.00 0.00 0.00 35.18 21.00 40.97 7.19 0.00 0.00 0.00 0.00
16 0.00 0.00 0.00 0.00 32.83 21.72 40.62 7.64 0.00 0.00 0.00 0.00
16 0.00 0.00 0.00 0.00 33.63 22.49 40.31 7.98 0.00 0.00 0.00 0.00
16 0.00 0.00 0.00 0.00 33.26 23.63 39.96 8.50 0.00 0.00 0.00 0.00
16 0.00 0.00 0.00 0.00 32.92 26.30 38.83 11.16 0.00 0.00 0.00 0.00
16 0.00 0.00 0.00 0.00 31.79 28.19 37.67 14.04 0.00 0.00 0.00 0.00
16 0.00 0.00 0.00 0.00 31.46 30.88 36.63 16.54 0.00 0.00 0.00 0.00
16 0.00 0.00 0.00 0.00 29.97 33.94 35.12 19.96 0.00 0.00 0.00 0.00
16 0.00 0.00 0.00 0.00 29.67 37.43 33.50 24.11 0.00 0.00 0.00 0.00
16 0.00 0.00 0.00 0.00 27.06 41.68 31.78 28.72 0.00 0.00 0.00 0.00
16 0.00 0.00 0.00 0.00 25.60 45.59 30.82 31.18 0.00 0.00 0.00 0.00
16 0.00 0.00 0.00 0.00 23.40 51.11 29.87 34.12 0.00 0.00 0.00 0.00
16 0.00 0.00 0.00 0.00 24.66 56.33 28.98 37.51 0.00 0.00 0.00 0.00
16 0.00 0.00 0.00 0.00 22.76 59.09 27.93 41.05 0.00 0.00 0.00 0.00
16 0.00 0.00 0.00 0.00 22.01 61.07 26.84 44.53 0.00 0.00 0.00 0.00
16 0.00 0.00 0.00 0.00 18.55 63.81 25.51 48.09 0.00 0.00 0.00 0.00
16 0.00 0.00 0.00 0.00 18.55 63.81 24.22 51.38 0.00 0.00 0.00 0.00
16 0.00 0.00 0.00 0.00 34.89 -12.72 24.72 46.72 0.00 0.00 0.00 0.00
16 0.00 0.00 0.00 0.00 34.89 -12.72 25.24 41.70 0.00 0.00 0.00 0.00
16 0.00 0.00 0.00 0.00 33.72 -13.08 25.90 36.23 0.00 0.00 0.00 0.00
16 0.00 0.00 0.00 0.00 33.72 -13.08 26.72 30.36 0.00 0.00 0.00 0.00
16 0.00 0.00 0.00 0.00 34.86 -11.19 27.86 24.13 0.00 0.00 0.00 0.00
16 0.00 0.00 0.00 0.00 35.64 -10.82 28.96 17.42 0.00 0.00 0.00 0.00
16 0.00 0.00 0.00 0.00 35.64 -10.82 30.25 10.42 0.00 0.00 0.00 0.00
16 0.00 0.00 0.00 0.00 34.12 -13.47 31.46 2.97 0.00 0.00 0.00 0.00
16 0.00 0.00 0.00 0.00 34.12 -13.47 33.02 -4.76 0.00 0.00 0.00 0.00
16 0.00 0.00 0.00 0.00 32.52 -11.91 34.41 -12.33 0.00 0.00 0.00 0.00
16 0.00 0.00 0.00 0.00 30.96 -11.88 34.02 -12.25 0.00 0.00 0.00 0.00
16 0.00 0.00 0.00 0.00 29.79 -11.85 33.51 -12.16 0.00 0.00 0.00 0.00
16 0.00 0.00 0.00 0.00 28.64 -12.59 33.00 -12.11 0.00 0.00 0.00 0.00
16 0.00 0.00 0.00 0.00 -1.84 8.84 29.45 -9.92 0.00 0.00 0.00 0.00
16 0.00 0.00 0.00 0.00 -0.37 7.74 25.92 -8.02 0.00 0.00 0.00 0.00
16 0.00 0.00 0.00 0.00 16.38 -10.50 24.00 -7.99 0.00 0.00 0.00 0.00
16 0.00 0.00 0.00 0.00 -2.94 8.84 20.14 -6.03 0.00 0.00 0.00 0.00
16 0.00 0.00 0.00 0.00 -2.94 8.10 16.43 -3.87 0.00 0.00 0.00 0.00
16 0.00 0.00 0.00 0.00 -4.05 8.47 12.62 -1.67 0.00 0.00 0.00 0.00
16 0.00 0.00 0.00 0.00 -2.57 8.47 9.11 0.36 0.00 0.00 0.00 0.00
16 0.00 0.00 0.00 0.00 5.18 -7.79 6.53 0.77 0.00 0.00 0.00 0.00
16 0.00 0.00 0.00 0.00 2.96 -7.78 3.84 1.18 0.00 0.00 0.00 0.00
16 0.00 0.00 0.00 0.00 3.32 -6.29 1.31 1.81 0.00 0.00 0.00 0.00
16 0.00 0.00 0.00 0.00 -5.89 8.84 0.91 1.81 0.00 0.00 0.00 0.00
16 0.00 0.00 0.00 0.00 -1.48 -4.80 0.80 0.56 0.00 0.00 0.00 0.00
16 0.00 0.00 0.00 0.00 -2.58 -6.66 -1.10 0.94 0.00 0.00 0.00 0.00
16 0.00 0.00 0.00 0.00 -10.32 5.89 -1.84 0.65 0.00 0.00 0.00 0.00
16 0.00 0.00 0.00 0.00 -10.32 5.89 -2.57 0.42 0.00 0.00 0.00 0.00
16 0.00 0.00 0.00 0.00 -5.89 8.84 -2.76 0.46 0.00 0.00 0.00 0.00
16 0.00 0.00 0.00 0.00 -6.62 9.58 -3.16 0.57 0.00 0.00 0.00 0.00
16 0.00 0.00 0.00 0.00 -5.52 8.10 -4.23 2.16 0.00 0.00 0.00 0.00
16 0.00 0.00 0.00 0.00 -3.68 8.10 -4.90 3.75 0.00 0.00 0.00 0.00
16 0.00 0.00 0.00 0.00 -5.52 8.10 -5.78 5.19 0.00 0.00 0.00 0.00
16 0.00 0.00 0.00 0.00 -5.89 9.21 -5.78 5.23 0.00 0.00 0.00 0.00
16 0.00 0.00 0.00 0.00 -0.74 7.00 -5.71 6.41 0.00 0.00 0.00 0.00
16 0.00 0.00 0.00 0.00 -0.74 7.00 -5.52 7.77 0.00 0.00 0.00 0.00
16 0.00 0.00 0.00 0.00 -4.78 7.00 -4.97 7.88 0.00 0.00 0.00 0.00
16 0.00 0.00 0.00 0.00 -6.99 9.21 -4.64 8.21 0.00 0.00 0.00 0.00
16 0.00 0.00 0.00 0.00 -6.99 9.21 -4.75 8.25 0.00 0.00 0.00 0.00
16 0.00 0.00 0.00 0.00 -4.05 7.00 -4.49 7.99 0.00 0.00 0.00 0.00
16 0.00 0.00 0.00 0.00 -5.89 8.47 -4.53 8.03 0.00 0.00 0.00 0.00
16 0.00 0.00 0.00 0.00 -5.89 8.47 -4.75 8.07 0.00 0.00 0.00 0.00
16 0.00 0.00 0.00 0.00 -6.26 8.47 -4.82 8.10 0.00 0.00 0.00 0.00
16 0.00 0.00 0.00 0.00 -6.26 8.47 -4.86 8.03 0.00 0.00 0.00 0.00
16 0.00 0.00 0.00 0.00 -3.68 7.00 -5.15 8.03 0.00 0.00 0.00 0.00
16 0.00 0.00 0.00 0.00 -4.05 7.37 -5.48 8.07 0.00 0.00 0.00 0.00
16 0.00 0.00 0.00 0.00 -6.26 8.47 -5.63 8.21 0.00 0.00 0.00 0.00
16 0.00 0.00 0.00 0.00 -6.26 8.47 -5.56 8.14 0.00 0.00 0.00 0.00
16 0.00 0.00 0.00 0.00 -6.26 7.74 -5.48 7.99 0.00 0.00 0.00 0.00
16 0.00 0.00 0.00 0.00 -6.26 8.47 -5.70 8.14 0.00 0.00 0.00 0.00
16 0.00 0.00 0.00 0.00 -5.52 7.74 -5.67 8.07 0.00 0.00 0.00 0.00
16 0.00 0.00 0.00 0.00 -5.52 7.74 -5.63 7.99 0.00 0.00 0.00 0.00
16 0.00 0.00 0.00 0.00 -4.78 7.37 -5.48 7.88 0.00 0.00 0.00 0.00
16 0.00 0.00 0.00 0.00 -4.78 7.37 -5.33 7.77 0.00 0.00 0.00 0.00
16 0.00 0.00 0.00 0.00 -6.62 8.10 -5.63 7.88 0.00 0.00 0.00 0.00
16 0.00 0.00 0.00 0.00 -6.62 8.10 -5.89 7.96 0.00 0.00 0.00 0.00
16 0.00 0.00 0.00 0.00 -6.62 8.84 -5.92 7.99 0.00 0.00 0.00 0.00
16 0.00 0.00 0.00 0.00 -6.62 8.84 -5.96 8.03 0.00 0.00 0.00 0.00
16 0.00 0.00 0.00 0.00 -8.10 7.00 -6.14 7.96 0.00 0.00 0.00 0.00
16 0.00 0.00 0.00 0.00 -8.47 7.37 -6.37 7.85 0.00 0.00 0.00 0.00
16 0.00 0.00 0.00 0.00 -9.95 12.16 -6.81 8.29 0.00 0.00 0.00 0.00
16 0.00 0.00 0.00 0.00 1.11 -11.15 -6.15 6.40 0.00 0.00 0.00 0.00
16 0.00 0.00 0.00 0.00 5.19 -11.91 -5.15 4.47 0.00 0.00 0.00 0.00
16 0.00 0.00 0.00 0.00 -6.26 9.94 -5.30 4.73 0.00 0.00 0.00 0.00
16 0.00 0.00 0.00 0.00 -1.84 5.16 -4.82 4.44 0.00 0.00 0.00 0.00
16 0.00 0.00 0.00 0.00 -7.36 9.21 -4.89 4.55 0.00 0.00 0.00 0.00
16 0.00 0.00 0.00 0.00 -7.36 9.21 -4.97 4.58 0.00 0.00 0.00 0.00
16 0.00 0.00 0.00 0.00 -4.78 8.84 -4.78 4.58 0.00 0.00 0.00 0.00
16 0.00 0.00 0.00 0.00 -5.89 8.10 -4.56 4.69 0.00 0.00 0.00 0.00
16 0.00 0.00 0.00 0.00 -4.78 8.47 -4.19 4.80 0.00 0.00 0.00 0.00
16 0.00 0.00 0.00 0.00 -4.78 8.47 -3.67 4.43 0.00 0.00 0.00 0.00
16 0.00 0.00 0.00 0.00 -5.52 7.37 -4.34 6.29 0.00 0.00 0.00 0.00
16 0.00 0.00 0.00 0.00 -6.62 7.74 -5.52 8.25 0.00 0.00 0.00 0.00
16 0.00 0.00 0.00 0.00 -5.15 8.10 -5.41 8.07 0.00 0.00 0.00 0.00
16 0.00 0.00 0.00 0.00 -6.62 8.47 -5.89 8.40 0.00 0.00 0.00 0.00
16 0.00 0.00 0.00 0.00 -6.62 8.47 -5.81 8.32 0.00 0.00 0.00 0.00
16 0.00 0.00 0.00 0.00 36.33 19.11 -1.44 9.31 0.00 0.00 0.00 0.00
16 0.00 0.00 0.00 0.00 36.33 19.11 2.67 10.34 0.00 0.00 0.00 0.00
16 0.00 0.00 0.00 0.00 36.34 19.49 6.89 11.48 0.00 0.00 0.00 0.00
16 0.00 0.00 0.00 0.00 36.34 19.49 11.00 12.58 0.00 0.00 0.00 0.00
16 0.00 0.00 0.00 0.00 35.94 19.49 15.07 13.68 0.00 0.00 0.00 0.00
16 0.00 0.00 0.00 0.00 35.15 19.09 19.14 14.86 0.00 0.00 0.00 0.00
16 0.00 0.00 0.00 0.00 35.55 19.48 23.36 16.03 0.00 0.00 0.00 0.00
16 0.00 0.00 0.00 0.00 35.55 19.48 27.43 17.17 0.00 0.00 0.00 0.00
16 0.00 0.00 0.00 0.00 35.15 19.09 31.61 18.23 0.00 0.00 0.00 0.00
16 0.00 0.00 0.00 0.00 35.18 21.38 35.79 19.52 0.00 0.00 0.00 0.00
16 0.00 0.00 0.00 0.00 35.18 21.38 35.67 19.75 0.00 0.00 0.00 0.00
16 0.00 0.00 0.00 0.00 35.19 21.76 35.56 20.01 0.00 0.00 0.00 0.00
16 0.00 0.00 0.00 0.00 35.59 21.76 35.48 20.24 0.00 0.00 0.00 0.00
16 0.00 0.00 0.00 0.00 35.97 21.39 35.45 20.43 0.00 0.00 0.00 0.00
16 0.00 0.00 0.00 0.00 35.98 21.77 35.45 20.66 0.00 0.00 0.00 0.00
16 0.00 0.00 0.00 0.00 35.59 22.15 35.49 20.96 0.00 0.00 0.00 0.00
16 0.00 0.00 0.00 0.00 36.38 21.78 35.58 21.19 0.00 0.00 0.00 0.00
16 0.00 0.00 0.00 0.00 36.78 22.17 35.70 21.46 0.00 0.00 0.00 0.00
16 0.00 0.00 0.00 0.00 36.38 22.16 35.82 21.77 0.00 0.00 0.00 0.00
16 0.00 0.00 0.00 0.00 36.38 22.16 35.94 21.85 0.00 0.00 0.00 0.00
16 0.00 0.00 0.00 0.00 35.59 22.15 35.98 21.92 0.00 0.00 0.00 0.00
16 0.00 0.00 0.00 0.00 35.98 21.77 36.06 21.92 0.00 0.00 0.00 0.00
16 0.00 0.00 0.00 0.00 35.59 22.15 36.06 21.96 0.00 0.00 0.00 0.00
16 0.00 0.00 0.00 0.00 35.99 22.15 36.06 22.04 0.00 0.00 0.00 0.00
16 0.00 0.00 0.00 0.00 36.38 22.16 36.10 22.08 0.00 0.00 0.00 0.00
16 0.00 0.00 0.00 0.00 35.98 21.77 36.14 22.04 0.00 0.00 0.00 0.00
16 0.00 0.00 0.00 0.00 35.59 21.76 36.06 22.04 0.00 0.00 0.00 0.00
16 0.00 0.00 0.00 0.00 34.40 21.36 35.83 21.96 0.00 0.00 0.00 0.00
16 0.00 0.00 0.00 0.00 35.19 21.76 35.71 21.92 0.00 0.00 0.00 0.00
16 0.00 0.00 0.00 0.00 33.62 21.73 35.43 21.88 0.00 0.00 0.00 0.00
16 0.00 0.00 0.00 0.00 34.40 21.74 35.31 21.84 0.00 0.00 0.00 0.00
16 0.00 0.00 0.00 0.00 34.40 21.36 35.15 21.80 0.00 0.00 0.00 0.00
16 0.00 0.00 0.00 0.00 34.01 21.74 35.00 21.75 0.00 0.00 0.00 0.00
16 0.00 0.00 0.00 0.00 34.41 22.13 34.84 21.75 0.00 0.00 0.00 0.00
16 0.00 0.00 0.00 0.00 34.01 21.74 34.60 21.71 0.00 0.00 0.00 0.00
16 0.00 0.00 0.00 0.00 34.00 21.36 34.40 21.67 0.00 0.00 0.00 0.00
16 0.00 0.00 0.00 0.00 34.02 22.12 34.25 21.70 0.00 0.00 0.00 0.00
16 0.00 0.00 0.00 0.00 33.62 21.73 34.17 21.74 0.00 0.00 0.00 0.00
16 0.00 0.00 0.00 0.00 34.02 22.12 34.05 21.78 0.00 0.00 0.00 0.00
16 0.00 0.00 0.00 0.00 34.00 21.36 34.09 21.74 0.00 0.00 0.00 0.00
16 0.00 0.00 0.00 0.00 34.40 21.36 34.09 21.70 0.00 0.00 0.00 0.00
16 0.00 0.00 0.00 0.00 34.78 20.61 34.13 21.63 0.00 0.00 0.00 0.00
16 0.00 0.00 0.00 0.00 35.17 20.23 34.24 21.48 0.00 0.00 0.00 0.00
16 0.00 0.00 0.00 0.00 35.56 20.24 34.36 21.29 0.00 0.00 0.00 0.00
16 0.00 0.00 0.00 0.00 35.56 20.24 34.51 21.14 0.00 0.00 0.00 0.00
16 0.00 0.00 0.00 0.00 35.95 19.87 34.71 20.99 0.00 0.00 0.00 0.00
16 0.00 0.00 0.00 0.00 35.94 19.11 34.90 20.69 0.00 0.00 0.00 0.00
16 0.00 0.00 0.00 0.00 36.31 17.59 35.17 20.27 0.00 0.00 0.00 0.00
16 0.00 0.00 0.00 0.00 35.52 17.58 35.32 19.82 0.00 0.00 0.00 0.00
16 0.00 0.00 0.00 0.00 36.33 19.11 35.55 19.59 0.00 0.00 0.00 0.00
16 0.00 0.00 0.00 0.00 36.32 17.97 35.74 19.25 0.00 0.00 0.00 0.00
16 0.00 0.00 0.00 0.00 36.30 16.83 35.90 18.88 0.00 0.00 0.00 0.00
16 0.00 0.00 0.00 0.00 35.91 17.21 35.97 18.57 0.00 0.00 0.00 0.00
16 0.00 0.00 0.00 0.00 35.91 17.21 36.01 18.27 0.00 0.00 0.00 0.00
16 0.00 0.00 0.00 0.00 36.31 17.59 36.08 18.01 0.00 0.00 0.00 0.00
16 0.00 0.00 0.00 0.00 35.92 17.97 36.08 17.82 0.00 0.00 0.00 0.00
16 0.00 0.00 0.00 0.00 35.57 20.62 36.04 17.97 0.00 0.00 0.00 0.00
16 0.00 0.00 0.00 0.00 34.80 22.13 35.89 18.42 0.00 0.00 0.00 0.00
16 0.00 0.00 0.00 0.00 33.27 24.39 35.67 19.10 0.00 0.00 0.00 0.00
16 0.00 0.00 0.00 0.00 31.75 26.27 35.21 19.82 0.00 0.00 0.00 0.00
16 0.00 0.00 0.00 0.00 29.10 30.05 34.48 21.03 0.00 0.00 0.00 0.00
16 0.00 0.00 0.00 0.00 28.02 33.50 33.66 22.69 0.00 0.00 0.00 0.00
16 0.00 0.00 0.00 0.00 25.77 36.94 32.64 24.67 0.00 0.00 0.00 0.00
16 0.00 0.00 0.00 0.00 23.93 40.81 31.44 27.03 0.00 0.00 0.00 0.00
16 0.00 0.00 0.00 0.00 20.95 45.08 29.91 29.78 0.00 0.00 0.00 0.00
16 0.00 0.00 0.00 0.00 20.29 50.64 28.34 33.05 0.00 0.00 0.00 0.00
16 0.00 0.00 0.00 0.00 17.65 53.80 26.55 36.36 0.00 0.00 0.00 0.00
16 0.00 0.00 0.00 0.00 15.78 58.19 24.65 39.97 0.00 0.00 0.00 0.00
16 0.00 0.00 0.00 0.00 12.71 60.16 22.59 43.55 0.00 0.00 0.00 0.00
16 0.00 0.00 0.00 0.00 10.03 62.94 20.42 47.21 0.00 0.00 0.00 0.00
16 0.00 0.00 0.00 0.00 10.03 62.94 18.52 50.50 0.00 0.00 0.00 0.00
16 0.00 0.00 0.00 0.00 37.22 -10.85 19.44 46.07 0.00 0.00 0.00 0.00
16 0.00 0.00 0.00 0.00 36.42 -10.45 20.50 41.33 0.00 0.00 0.00 0.00
16 0.00 0.00 0.00 0.00 36.45 -11.60 21.75 36.09 0.00 0.00 0.00 0.00
16 0.00 0.00 0.00 0.00 36.46 -11.99 23.30 30.38 0.00 0.00 0.00 0.00
16 0.00 0.00 0.00 0.00 36.08 -12.75 24.88 24.04 0.00 0.00 0.00 0.00
16 0.00 0.00 0.00 0.00 38.06 -12.79 26.92 17.38 0.00 0.00 0.00 0.00
16 0.00 0.00 0.00 0.00 35.69 -13.12 28.92 10.25 0.00 0.00 0.00 0.00
16 0.00 0.00 0.00 0.00 35.69 -13.12 31.21 2.92 0.00 0.00 0.00 0.00
16 0.00 0.00 0.00 0.00 36.08 -12.75 33.82 -4.65 0.00 0.00 0.00 0.00
16 0.00 0.00 0.00 0.00 36.08 -12.75 36.42 -12.22 0.00 0.00 0.00 0.00
16 0.00 0.00 0.00 0.00 -5.89 7.37 32.11 -10.40 0.00 0.00 0.00 0.00
16 0.00 0.00 0.00 0.00 -2.94 8.47 28.17 -8.50 0.00 0.00 0.00 0.00
16 0.00 0.00 0.00 0.00 -2.94 8.47 24.24 -6.50 0.00 0.00 0.00 0.00
16 0.00 0.00 0.00 0.00 -3.31 8.10 20.26 -4.49 0.00 0.00 0.00 0.00
16 0.00 0.00 0.00 0.00 -2.21 8.47 16.43 -2.36 0.00 0.00 0.00 0.00
16 0.00 0.00 0.00 0.00 -3.31 8.47 12.29 -0.24 0.00 0.00 0.00 0.00
16 0.00 0.00 0.00 0.00 -5.15 8.10 8.21 1.88 0.00 0.00 0.00 0.00
16 0.00 0.00 0.00 0.00 -2.57 7.74 4.38 3.97 0.00 0.00 0.00 0.00
16 0.00 0.00 0.00 0.00 -5.52 8.47 0.22 6.09 0.00 0.00 0.00 0.00
16 0.00 0.00 0.00 0.00 -5.52 9.58 -3.94 8.32 0.00 0.00 0.00 0.00
16 0.00 0.00 0.00 0.00 -5.89 9.94 -3.94 8.58 0.00 0.00 0.00 0.00
16 0.00 0.00 0.00 0.00 -5.89 9.94 -4.23 8.73 0.00 0.00 0.00 0.00
16 0.00 0.00 0.00 0.00 -6.99 10.31 -4.64 8.91 0.00 0.00 0.00 0.00
16 0.00 0.00 0.00 0.00 -7.36 9.95 -5.04 9.10 0.00 0.00 0.00 0.00
16 0.00 0.00 0.00 0.00 -7.36 10.68 -5.56 9.32 0.00 0.00 0.00 0.00
16 0.00 0.00 0.00 0.00 -7.36 10.68 -5.96 9.54 0.00 0.00 0.00 0.00
16 0.00 0.00 0.00 0.00 -6.26 10.68 -6.07 9.80 0.00 0.00 0.00 0.00
16 0.00 0.00 0.00 0.00 -8.10 11.42 -6.63 10.17 0.00 0.00 0.00 0.00
16 0.00 0.00 0.00 0.00 4.07 -9.65 -5.67 8.35 0.00 0.00 0.00 0.00
16 0.00 0.00 0.00 0.00 4.08 -11.91 -4.71 6.20 0.00 0.00 0.00 0.00
16 0.00 0.00 0.00 0.00 4.08 -13.04 -3.71 3.91 0.00 0.00 0.00 0.00
16 0.00 0.00 0.00 0.00 4.08 -13.04 -2.71 1.61 0.00 0.00 0.00 0.00
16 0.00 0.00 0.00 0.00 -11.81 13.28 -3.19 1.90 0.00 0.00 0.00 0.00
16 0.00 0.00 0.00 0.00 -8.48 14.74 -3.31 2.38 0.00 0.00 0.00 0.00
16 0.00 0.00 0.00 0.00 -6.63 13.63 -3.23 2.68 0.00 0.00 0.00 0.00
16 0.00 0.00 0.00 0.00 -4.79 13.63 -2.98 2.97 0.00 0.00 0.00 0.00
16 0.00 0.00 0.00 0.00 2.27 43.24 -2.12 6.23 0.00 0.00 0.00 0.00
16 0.00 0.00 0.00 0.00 5.28 41.68 -0.79 9.26 0.00 0.00 0.00 0.00
16 0.00 0.00 0.00 0.00 11.32 41.35 -0.06 14.36 0.00 0.00 0.00 0.00
16 0.00 0.00 0.00 0.00 12.11 42.94 0.74 19.84 0.00 0.00 0.00 0.00
16 0.00 0.00 0.00 0.00 13.58 40.21 1.69 25.17 0.00 0.00 0.00 0.00
16 0.00 0.00 0.00 0.00 14.00 42.18 2.68 30.69 0.00 0.00 0.00 0.00
16 0.00 0.00 0.00 0.00 14.37 41.79 5.30 33.54 0.00 0.00 0.00 0.00
16 0.00 0.00 0.00 0.00 14.00 42.57 7.55 36.32 0.00 0.00 0.00 0.00
16 0.00 0.00 0.00 0.00 14.76 42.19 9.69 39.18 0.00 0.00 0.00 0.00
16 0.00 0.00 0.00 0.00 14.02 43.76 11.57 42.19 0.00 0.00 0.00 0.00
16 0.00 0.00 0.00 0.00 14.39 42.97 12.78 42.16 0.00 0.00 0.00 0.00
16 0.00 0.00 0.00 0.00 13.63 43.36 13.62 42.33 0.00 0.00 0.00 0.00
16 0.00 0.00 0.00 0.00 13.63 42.96 13.85 42.49 0.00 0.00 0.00 0.00
16 0.00 0.00 0.00 0.00 14.41 44.16 14.08 42.61 0.00 0.00 0.00 0.00
16 0.00 0.00 0.00 0.00 15.94 44.58 14.31 43.05 0.00 0.00 0.00 0.00
16 0.00 0.00 0.00 0.00 12.90 45.32 14.21 43.37 0.00 0.00 0.00 0.00
16 0.00 0.00 0.00 0.00 12.51 44.92 14.02 43.68 0.00 0.00 0.00 0.00
16 0.00 0.00 0.00 0.00 13.66 44.94 13.99 43.92 0.00 0.00 0.00 0.00
16 0.00 0.00 0.00 0.00 13.28 44.93 13.84 44.19 0.00 0.00 0.00 0.00
16 0.00 0.00 0.00 0.00 13.27 44.54 13.76 44.27 0.00 0.00 0.00 0.00
16 0.00 0.00 0.00 0.00 12.52 45.32 13.58 44.50 0.00 0.00 0.00 0.00
16 0.00 0.00 0.00 0.00 10.61 44.89 13.27 44.66 0.00 0.00 0.00 0.00
16 0.00 0.00 0.00 0.00 13.26 44.14 13.24 44.78 0.00 0.00 0.00 0.00
16 0.00 0.00 0.00 0.00 11.01 46.09 12.90 44.97 0.00 0.00 0.00 0.00
16 0.00 0.00 0.00 0.00 11.39 46.10 12.44 45.12 0.00 0.00 0.00 0.00
16 0.00 0.00 0.00 0.00 12.14 45.71 12.37 45.16 0.00 0.00 0.00 0.00
16 0.00 0.00 0.00 0.00 11.00 45.69 12.21 45.24 0.00 0.00 0.00 0.00
16 0.00 0.00 0.00 0.00 11.77 46.10 12.03 45.35 0.00 0.00 0.00 0.00
16 0.00 0.00 0.00 0.00 10.62 45.69 11.76 45.43 0.00 0.00 0.00 0.00
16 0.00 0.00 0.00 0.00 11.38 45.70 11.57 45.54 0.00 0.00 0.00 0.00
16 0.00 0.00 0.00 0.00 10.99 44.50 11.42 45.46 0.00 0.00 0.00 0.00
16 0.00 0.00 0.00 0.00 12.13 44.52 11.57 45.42 0.00 0.00 0.00 0.00
16 0.00 0.00 0.00 0.00 12.51 44.53 11.49 45.46 0.00 0.00 0.00 0.00
16 0.00 0.00 0.00 0.00 14.01 42.97 11.79 45.15 0.00 0.00 0.00 0.00
16 0.00 0.00 0.00 0.00 13.99 41.78 12.05 44.72 0.00 0.00 0.00 0.00
16 0.00 0.00 0.00 0.00 15.10 39.84 12.35 44.13 0.00 0.00 0.00 0.00
16 0.00 0.00 0.00 0.00 18.51 38.73 13.10 43.44 0.00 0.00 0.00 0.00
16 0.00 0.00 0.00 0.00 20.01 37.20 13.92 42.55 0.00 0.00 0.00 0.00
16 0.00 0.00 0.00 0.00 20.01 37.20 14.86 41.70 0.00 0.00 0.00 0.00
16 0.00 0.00 0.00 0.00 64.97 -13.88 20.22 35.74 0.00 0.00 0.00 0.00
16 0.00 0.00 0.00 0.00 64.97 -13.88 25.62 29.90 0.00 0.00 0.00 0.00
16 0.00 0.00 0.00 0.00 61.91 -13.51 30.60 24.10 0.00 0.00 0.00 0.00
16 0.00 0.00 0.00 0.00 64.59 -13.50 35.81 18.29 0.00 0.00 0.00 0.00
16 0.00 0.00 0.00 0.00 65.36 -12.34 40.94 12.76 0.00 0.00 0.00 0.00
16 0.00 0.00 0.00 0.00 66.49 -11.94 46.19 7.39 0.00 0.00 0.00 0.00
16 0.00 0.00 0.00 0.00 66.11 -12.72 51.29 2.14 0.00 0.00 0.00 0.00
16 0.00 0.00 0.00 0.00 66.12 -11.95 56.05 -2.93 0.00 0.00 0.00 0.00
16 0.00 0.00 0.00 0.00 69.05 -14.60 60.96 -8.11 0.00 0.00 0.00 0.00
16 0.00 0.00 0.00 0.00 66.51 -10.40 65.61 -12.87 0.00 0.00 0.00 0.00
16 0.00 0.00 0.00 0.00 71.97 -13.01 66.31 -12.79 0.00 0.00 0.00 0.00
16 0.00 0.00 0.00 0.00 67.25 -11.17 66.54 -12.51 0.00 0.00 0.00 0.00
16 0.00 0.00 0.00 0.00 68.36 -11.92 67.18 -12.35 0.00 0.00 0.00 0.00
16 0.00 0.00 0.00 0.00 67.98 -12.31 67.52 -12.24 0.00 0.00 0.00 0.00
16 0.00 0.00 0.00 0.00 69.47 -11.52 67.93 -12.15 0.00 0.00 0.00 0.00
16 0.00 0.00 0.00 0.00 70.53 -13.43 68.33 -12.30 0.00 0.00 0.00 0.00
16 0.00 0.00 0.00 0.00 63.84 -11.18 68.11 -12.15 0.00 0.00 0.00 0.00
16 0.00 0.00 0.00 0.00 69.47 -11.52 68.44 -12.11 0.00 0.00 0.00 0.00
16 0.00 0.00 0.00 0.00 70.88 -13.80 68.62 -12.03 0.00 0.00 0.00 0.00
16 0.00 0.00 0.00 0.00 67.63 -10.01 68.74 -11.99 0.00 0.00 0.00 0.00
16 0.00 0.00 0.00 0.00 67.64 -9.23 68.30 -11.61 0.00 0.00 0.00 0.00
16 0.00 0.00 0.00 0.00 70.89 -13.42 68.67 -11.84 0.00 0.00 0.00 0.00
16 0.00 0.00 0.00 0.00 71.30 -10.73 68.96 -11.72 0.00 0.00 0.00 0.00
16 0.00 0.00 0.00 0.00 69.80 -13.82 69.14 -11.87 0.00 0.00 0.00 0.00
16 0.00 0.00 0.00 0.00 71.26 -12.64 69.32 -11.98 0.00 0.00 0.00 0.00
16 0.00 0.00 0.00 0.00 64.99 -10.79 68.77 -11.72 0.00 0.00 0.00 0.00
16 0.00 0.00 0.00 0.00 68.71 -13.07 69.26 -11.90 0.00 0.00 0.00 0.00
16 0.00 0.00 0.00 0.00 71.61 -13.02 69.47 -12.05 0.00 0.00 0.00 0.00
16 0.00 0.00 0.00 0.00 70.89 -13.04 69.47 -11.98 0.00 0.00 0.00 0.00
16 0.00 0.00 0.00 0.00 70.88 -13.80 69.80 -12.36 0.00 0.00 0.00 0.00
16 0.00 0.00 0.00 0.00 68.33 -13.85 69.87 -12.82 0.00 0.00 0.00 0.00
16 0.00 0.00 0.00 0.00 67.62 -11.93 69.54 -12.67 0.00 0.00 0.00 0.00
16 0.00 0.00 0.00 0.00 69.46 -12.29 69.35 -12.83 0.00 0.00 0.00 0.00
16 0.00 0.00 0.00 0.00 62.68 -11.96 68.64 -12.64 0.00 0.00 0.00 0.00
16 0.00 0.00 0.00 0.00 66.49 -11.94 68.17 -12.57 0.00 0.00 0.00 0.00
16 0.00 0.00 0.00 0.00 61.91 -12.73 67.86 -12.76 0.00 0.00 0.00 0.00
16 0.00 0.00 0.00 0.00 64.22 -12.73 67.41 -12.73 0.00 0.00 0.00 0.00
16 0.00 0.00 0.00 0.00 57.61 -13.11 66.01 -12.74 0.00 0.00 0.00 0.00
16 0.00 0.00 0.00 0.00 57.61 -12.72 64.68 -12.71 0.00 0.00 0.00 0.00
16 0.00 0.00 0.00 0.00 53.24 -12.29 62.92 -12.56 0.00 0.00 0.00 0.00
16 0.00 0.00 0.00 0.00 60.36 -13.51 62.12 -12.52 0.00 0.00 0.00 0.00
16 0.00 0.00 0.00 0.00 58.40 -13.11 61.20 -12.64 0.00 0.00 0.00 0.00
16 0.00 0.00 0.00 0.00 57.60 -11.94 60.01 -12.60 0.00 0.00 0.00 0.00
16 0.00 0.00 0.00 0.00 56.04 -13.87 59.35 -12.80 0.00 0.00 0.00 0.00
16 0.00 0.00 0.00 0.00 60.75 -14.28 58.77 -13.03 0.00 0.00 0.00 0.00
16 0.00 0.00 0.00 0.00 57.22 -13.49 58.30 -13.10 0.00 0.00 0.00 0.00
16 0.00 0.00 0.00 0.00 56.82 -12.71 57.57 -13.10 0.00 0.00 0.00 0.00
16 0.00 0.00 0.00 0.00 56.83 -13.88 57.49 -13.18 0.00 0.00 0.00 0.00
16 0.00 0.00 0.00 0.00 58.79 -11.95 57.60 -13.10 0.00 0.00 0.00 0.00
16 0.00 0.00 0.00 0.00 59.57 -11.95 58.24 -13.07 0.00 0.00 0.00 0.00
16 0.00 0.00 0.00 0.00 59.57 -11.95 58.16 -12.91 0.00 0.00 0.00 0.00
16 0.00 0.00 0.00 0.00 16.39 -11.25 53.96 -12.73 0.00 0.00 0.00 0.00
16 0.00 0.00 0.00 0.00 16.39 -11.25 49.84 -12.66 0.00 0.00 0.00 0.00
16 0.00 0.00 0.00 0.00 20.86 -5.66 46.32 -11.84 0.00 0.00 0.00 0.00
16 0.00 0.00 0.00 0.00 25.39 -1.59 42.78 -10.57 0.00 0.00 0.00 0.00
16 0.00 0.00 0.00 0.00 19.35 -6.40 39.00 -9.86 0.00 0.00 0.00 0.00
16 0.00 0.00 0.00 0.00 29.61 1.00 36.28 -8.49 0.00 0.00 0.00 0.00
16 0.00 0.00 0.00 0.00 28.46 -0.49 33.44 -7.15 0.00 0.00 0.00 0.00
16 0.00 0.00 0.00 0.00 24.24 -1.20 29.98 -6.08 0.00 0.00 0.00 0.00
16 0.00 0.00 0.00 0.00 26.53 0.65 26.68 -4.82 0.00 0.00 0.00 0.00
16 0.00 0.00 0.00 0.00 24.99 0.66 23.22 -3.55 0.00 0.00 0.00 0.00
16 0.00 0.00 0.00 0.00 24.61 1.03 24.04 -2.33 0.00 0.00 0.00 0.00
16 0.00 0.00 0.00 0.00 24.24 -0.83 24.83 -1.28 0.00 0.00 0.00 0.00
16 0.00 0.00 0.00 0.00 26.52 1.77 25.39 -0.54 0.00 0.00 0.00 0.00
16 0.00 0.00 0.00 0.00 23.85 0.29 25.24 -0.35 0.00 0.00 0.00 0.00
16 0.00 0.00 0.00 0.00 27.28 2.89 26.03 0.58 0.00 0.00 0.00 0.00
16 0.00 0.00 0.00 0.00 25.38 -0.09 25.61 0.47 0.00 0.00 0.00 0.00
16 0.00 0.00 0.00 0.00 31.93 2.87 25.96 0.80 0.00 0.00 0.00 0.00
16 0.00 0.00 0.00 0.00 29.60 2.50 26.49 1.17 0.00 0.00 0.00 0.00
16 0.00 0.00 0.00 0.00 31.17 0.99 26.96 1.21 0.00 0.00 0.00 0.00
16 0.00 0.00 0.00 0.00 21.24 -6.04 26.58 0.54 0.00 0.00 0.00 0.00
16 0.00 0.00 0.00 0.00 21.25 -6.79 26.25 -0.24 0.00 0.00 0.00 0.00
16 0.00 0.00 0.00 0.00 31.95 0.23 27.02 -0.14 0.00 0.00 0.00 0.00
16 0.00 0.00 0.00 0.00 31.95 -0.14 27.56 -0.33 0.00 0.00 0.00 0.00
16 0.00 0.00 0.00 0.00 28.11 -3.49 27.99 -0.71 0.00 0.00 0.00 0.00
16 0.00 0.00 0.00 0.00 26.94 -2.73 27.95 -1.27 0.00 0.00 0.00 0.00
16 0.00 0.00 0.00 0.00 29.63 -1.63 28.38 -1.42 0.00 0.00 0.00 0.00
16 0.00 0.00 0.00 0.00 27.34 -3.86 27.92 -2.10 0.00 0.00 0.00 0.00
16 0.00 0.00 0.00 0.00 26.18 -3.85 27.58 -2.73 0.00 0.00 0.00 0.00
16 0.00 0.00 0.00 0.00 29.63 -1.63 27.42 -2.99 0.00 0.00 0.00 0.00
16 0.00 0.00 0.00 0.00 28.11 -3.87 28.11 -2.78 0.00 0.00 0.00 0.00
16 0.00 0.00 0.00 0.00 26.18 -3.85 28.60 -2.48 0.00 0.00 0.00 0.00
16 0.00 0.00 0.00 0.00 26.18 -3.47 28.03 -2.85 0.00 0.00 0.00 0.00
16 0.00 0.00 0.00 0.00 25.79 -3.47 27.41 -3.18 0.00 0.00 0.00 0.00
16 0.00 0.00 0.00 0.00 30.03 -2.38 27.60 -3.07 0.00 0.00 0.00 0.00
16 0.00 0.00 0.00 0.00 26.17 -3.10 27.53 -3.11 0.00 0.00 0.00 0.00
16 0.00 0.00 0.00 0.00 30.04 -3.14 27.57 -3.26 0.00 0.00 0.00 0.00
16 0.00 0.00 0.00 0.00 27.73 -4.62 27.61 -3.34 0.00 0.00 0.00 0.00
16 0.00 0.00 0.00 0.00 27.73 -4.62 27.76 -3.41 0.00 0.00 0.00 0.00
16 0.00 0.00 0.00 0.00 28.51 -4.63 27.65 -3.71 0.00 0.00 0.00 0.00
16 0.00 0.00 0.00 0.00 29.28 -4.26 27.76 -3.75 0.00 0.00 0.00 0.00
16 0.00 0.00 0.00 0.00 28.50 -4.25 28.00 -3.79 0.00 0.00 0.00 0.00
16 0.00 0.00 0.00 0.00 31.21 -3.15 28.50 -3.76 0.00 0.00 0.00 0.00
16 0.00 0.00 0.00 0.00 27.72 -3.86 28.69 -3.80 0.00 0.00 0.00 0.00
16 0.00 0.00 0.00 0.00 26.96 -4.23 28.38 -3.99 0.00 0.00 0.00 0.00
16 0.00 0.00 0.00 0.00 30.41 -2.01 28.81 -3.88 0.00 0.00 0.00 0.00
16 0.00 0.00 0.00 0.00 28.12 -4.62 28.62 -4.03 0.00 0.00 0.00 0.00
16 0.00 0.00 0.00 0.00 28.89 -4.26 28.73 -3.99 0.00 0.00 0.00 0.00
16 0.00 0.00 0.00 0.00 26.18 -3.85 28.58 -3.91 0.00 0.00 0.00 0.00
16 0.00 0.00 0.00 0.00 26.18 -3.85 28.34 -3.83 0.00 0.00 0.00 0.00
16 0.00 0.00 0.00 0.00 29.66 -4.26 28.38 -3.83 0.00 0.00 0.00 0.00
16 0.00 0.00 0.00 0.00 29.66 -3.89 28.50 -3.80 0.00 0.00 0.00 0.00
16 0.00 0.00 0.00 0.00 28.11 -3.87 28.19 -3.87 0.00 0.00 0.00 0.00
16 0.00 0.00 0.00 0.00 29.28 -4.64 28.35 -3.95 0.00 0.00 0.00 0.00
16 0.00 0.00 0.00 0.00 28.88 -3.88 28.54 -3.91 0.00 0.00 0.00 0.00
16 0.00 0.00 0.00 0.00 27.34 -3.86 28.23 -4.10 0.00 0.00 0.00 0.00
16 0.00 0.00 0.00 0.00 31.19 -2.02 28.54 -3.84 0.00 0.00 0.00 0.00
16 0.00 0.00 0.00 0.00 28.50 -4.25 28.50 -3.84 0.00 0.00 0.00 0.00
16 0.00 0.00 0.00 0.00 31.97 -2.03 29.08 -3.65 0.00 0.00 0.00 0.00
16 0.00 0.00 0.00 0.00 28.90 -5.01 29.35 -3.77 0.00 0.00 0.00 0.00
16 0.00 0.00 0.00 0.00 27.72 -3.86 29.16 -3.73 0.00 0.00 0.00 0.00
16 0.00 0.00 0.00 0.00 28.11 -3.87 29.00 -3.73 0.00 0.00 0.00 0.00
16 0.00 0.00 0.00 0.00 28.11 -3.49 29.00 -3.69 0.00 0.00 0.00 0.00
16 0.00 0.00 0.00 0.00 27.33 -3.48 28.81 -3.58 0.00 0.00 0.00 0.00
16 0.00 0.00 0.00 0.00 28.10 -3.12 28.73 -3.50 0.00 0.00 0.00 0.00
16 0.00 0.00 0.00 0.00 28.49 -3.50 28.84 -3.46 0.00 0.00 0.00 0.00
16 0.00 0.00 0.00 0.00 27.33 -3.11 28.46 -3.57 0.00 0.00 0.00 0.00
16 0.00 0.00 0.00 0.00 26.94 -2.73 28.30 -3.42 0.00 0.00 0.00 0.00
16 0.00 0.00 0.00 0.00 26.94 -2.73 27.80 -3.49 0.00 0.00 0.00 0.00
16 0.00 0.00 0.00 0.00 29.61 1.38 27.87 -2.85 0.00 0.00 0.00 0.00
16 0.00 0.00 0.00 0.00 26.90 2.14 27.79 -2.25 0.00 0.00 0.00 0.00
16 0.00 0.00 0.00 0.00 24.23 -0.08 27.40 -1.87 0.00 0.00 0.00 0.00
16 0.00 0.00 0.00 0.00 25.76 0.65 27.16 -1.46 0.00 0.00 0.00 0.00
16 0.00 0.00 0.00 0.00 27.66 4.76 27.20 -0.63 0.00 0.00 0.00 0.00
16 0.00 0.00 0.00 0.00 27.66 4.76 27.15 0.15 0.00 0.00 0.00 0.00
16 0.00 0.00 0.00 0.00 25.74 5.51 26.88 1.05 0.00 0.00 0.00 0.00
16 0.00 0.00 0.00 0.00 26.50 8.12 26.79 2.18 0.00 0.00 0.00 0.00
16 0.00 0.00 0.00 0.00 26.12 9.99 26.71 3.45 0.00 0.00 0.00 0.00
16 0.00 0.00 0.00 0.00 29.24 15.25 26.94 5.25 0.00 0.00 0.00 0.00
16 0.00 0.00 0.00 0.00 28.07 14.11 26.79 6.52 0.00 0.00 0.00 0.00
16 0.00 0.00 0.00 0.00 28.15 20.89 26.91 8.39 0.00 0.00 0.00 0.00
16 0.00 0.00 0.00 0.00 32.93 26.68 27.78 11.07 0.00 0.00 0.00 0.00
16 0.00 0.00 0.00 0.00 32.93 26.68 28.50 13.67 0.00 0.00 0.00 0.00
16 0.00 0.00 0.00 0.00 32.28 32.44 28.96 16.44 0.00 0.00 0.00 0.00
16 0.00 0.00 0.00 0.00 33.13 35.18 29.51 19.48 0.00 0.00 0.00 0.00
16 0.00 0.00 0.00 0.00 23.14 19.69 29.25 20.90 0.00 0.00 0.00 0.00
16 0.00 0.00 0.00 0.00 31.20 36.30 29.72 23.72 0.00 0.00 0.00 0.00
16 0.00 0.00 0.00 0.00 30.89 39.42 30.20 26.66 0.00 0.00 0.00 0.00
16 0.00 0.00 0.00 0.00 28.20 40.92 30.09 29.23 0.00 0.00 0.00 0.00
16 0.00 0.00 0.00 0.00 29.43 43.31 30.23 32.15 0.00 0.00 0.00 0.00
16 0.00 0.00 0.00 0.00 29.05 43.70 30.32 34.43 0.00 0.00 0.00 0.00
16 0.00 0.00 0.00 0.00 29.88 45.30 30.01 36.30 0.00 0.00 0.00 0.00
16 0.00 0.00 0.00 0.00 30.01 50.86 29.72 38.71 0.00 0.00 0.00 0.00
16 0.00 0.00 0.00 0.00 29.97 49.27 29.49 40.40 0.00 0.00 0.00 0.00
16 0.00 0.00 0.00 0.00 29.59 49.66 29.14 41.84 0.00 0.00 0.00 0.00
16 0.00 0.00 0.00 0.00 30.39 50.47 29.86 44.92 0.00 0.00 0.00 0.00
16 0.00 0.00 0.00 0.00 29.65 52.44 29.71 46.54 0.00 0.00 0.00 0.00
16 0.00 0.00 0.00 0.00 28.76 47.65 29.49 47.36 0.00 0.00 0.00 0.00
16 0.00 0.00 0.00 0.00 30.81 51.67 29.75 48.43 0.00 0.00 0.00 0.00
16 0.00 0.00 0.00 0.00 28.00 48.43 29.61 48.94 0.00 0.00 0.00 0.00
16 0.00 0.00 0.00 0.00 30.41 51.26 29.75 49.70 0.00 0.00 0.00 0.00
16 0.00 0.00 0.00 0.00 29.24 51.24 29.68 50.29 0.00 0.00 0.00 0.00
16 0.00 0.00 0.00 0.00 30.42 51.66 29.72 50.38 0.00 0.00 0.00 0.00
16 0.00 0.00 0.00 0.00 30.79 50.88 29.81 50.54 0.00 0.00 0.00 0.00
16 0.00 0.00 0.00 0.00 30.02 51.26 29.85 50.70 0.00 0.00 0.00 0.00
16 0.00 0.00 0.00 0.00 30.43 52.46 29.85 50.89 0.00 0.00 0.00 0.00
16 0.00 0.00 0.00 0.00 30.02 51.26 29.89 50.78 0.00 0.00 0.00 0.00
16 0.00 0.00 0.00 0.00 30.80 51.27 30.09 51.14 0.00 0.00 0.00 0.00
16 0.00 0.00 0.00 0.00 29.24 51.24 29.94 51.10 0.00 0.00 0.00 0.00
16 0.00 0.00 0.00 0.00 30.43 52.46 30.18 51.50 0.00 0.00 0.00 0.00
16 0.00 0.00 0.00 0.00 30.42 52.06 30.18 51.58 0.00 0.00 0.00 0.00
16 0.00 0.00 0.00 0.00 30.41 51.26 30.30 51.58 0.00 0.00 0.00 0.00
16 0.00 0.00 0.00 0.00 31.17 50.49 30.37 51.46 0.00 0.00 0.00 0.00
16 0.00 0.00 0.00 0.00 29.97 49.27 30.29 51.30 0.00 0.00 0.00 0.00
16 0.00 0.00 0.00 0.00 29.59 49.66 30.25 51.14 0.00 0.00 0.00 0.00
16 0.00 0.00 0.00 0.00 31.20 51.68 30.33 51.06 0.00 0.00 0.00 0.00
16 0.00 0.00 0.00 0.00 30.39 50.47 30.36 50.99 0.00 0.00 0.00 0.00
16 0.00 0.00 0.00 0.00 30.82 52.07 30.36 51.07 0.00 0.00 0.00 0.00
16 0.00 0.00 0.00 0.00 30.85 54.05 30.53 51.35 0.00 0.00 0.00 0.00
16 0.00 0.00 0.00 0.00 31.19 51.28 30.60 51.23 0.00 0.00 0.00 0.00
16 0.00 0.00 0.00 0.00 31.20 51.68 30.68 51.19 0.00 0.00 0.00 0.00
16 0.00 0.00 0.00 0.00 31.15 49.69 30.75 51.03 0.00 0.00 0.00 0.00
16 0.00 0.00 0.00 0.00 31.61 52.48 30.80 51.23 0.00 0.00 0.00 0.00
16 0.00 0.00 0.00 0.00 30.01 50.86 30.80 51.39 0.00 0.00 0.00 0.00
16 0.00 0.00 0.00 0.00 30.41 51.26 30.88 51.55 0.00 0.00 0.00 0.00
16 0.00 0.00 0.00 0.00 29.97 49.27 30.76 51.31 0.00 0.00 0.00 0.00
16 0.00 0.00 0.00 0.00 29.60 50.05 30.68 51.27 0.00 0.00 0.00 0.00
16 0.00 0.00 0.00 0.00 31.54 49.31 30.75 50.99 0.00 0.00 0.00 0.00
16 0.00 0.00 0.00 0.00 31.96 50.51 30.86 50.64 0.00 0.00 0.00 0.00
16 0.00 0.00 0.00 0.00 31.15 49.30 30.86 50.44 0.00 0.00 0.00 0.00
16 0.00 0.00 0.00 0.00 31.90 48.13 30.93 50.09 0.00 0.00 0.00 0.00
16 0.00 0.00 0.00 0.00 32.26 46.95 31.04 49.81 0.00 0.00 0.00 0.00
16 0.00 0.00 0.00 0.00 31.47 46.53 31.03 49.22 0.00 0.00 0.00 0.00
16 0.00 0.00 0.00 0.00 30.65 44.93 31.09 48.62 0.00 0.00 0.00 0.00
16 0.00 0.00 0.00 0.00 31.79 43.77 31.23 47.87 0.00 0.00 0.00 0.00
16 0.00 0.00 0.00 0.00 31.34 41.40 31.37 47.09 0.00 0.00 0.00 0.00
16 0.00 0.00 0.00 0.00 30.72 32.79 31.48 45.36 0.00 0.00 0.00 0.00
16 0.00 0.00 0.00 0.00 32.63 30.91 31.59 43.52 0.00 0.00 0.00 0.00
16 0.00 0.00 0.00 0.00 33.82 31.32 31.77 41.60 0.00 0.00 0.00 0.00
16 0.00 0.00 0.00 0.00 34.58 30.18 32.12 39.69 0.00 0.00 0.00 0.00
16 0.00 0.00 0.00 0.00 31.26 20.93 32.05 36.97 0.00 0.00 0.00 0.00
16 0.00 0.00 0.00 0.00 42.15 31.91 33.04 35.47 0.00 0.00 0.00 0.00
16 0.00 0.00 0.00 0.00 44.12 30.79 34.31 33.89 0.00 0.00 0.00 0.00
16 0.00 0.00 0.00 0.00 44.08 29.23 35.65 32.32 0.00 0.00 0.00 0.00
16 0.00 0.00 0.00 0.00 39.61 24.90 36.43 30.44 0.00 0.00 0.00 0.00
16 0.00 0.00 0.00 0.00 46.43 26.57 37.94 28.95 0.00 0.00 0.00 0.00
16 0.00 0.00 0.00 0.00 46.81 25.42 39.55 28.22 0.00 0.00 0.00 0.00
16 0.00 0.00 0.00 0.00 40.37 22.99 40.32 27.42 0.00 0.00 0.00 0.00
16 0.00 0.00 0.00 0.00 43.99 24.60 41.34 26.75 0.00 0.00 0.00 0.00
16 0.00 0.00 0.00 0.00 44.00 24.98 42.28 26.23 0.00 0.00 0.00 0.00
16 0.00 0.00 0.00 0.00 44.41 25.37 43.60 26.68 0.00 0.00 0.00 0.00
16 0.00 0.00 0.00 0.00 40.76 23.00 43.46 25.79 0.00 0.00 0.00 0.00
16 0.00 0.00 0.00 0.00 42.39 24.57 43.28 25.16 0.00 0.00 0.00 0.00
16 0.00 0.00 0.00 0.00 37.98 22.95 42.67 24.54 0.00 0.00 0.00 0.00
16 0.00 0.00 0.00 0.00 38.79 23.73 42.59 24.42 0.00 0.00 0.00 0.00
16 0.00 0.00 0.00 0.00 38.80 24.12 41.83 24.17 0.00 0.00 0.00 0.00
16 0.00 0.00 0.00 0.00 37.11 17.98 40.86 23.43 0.00 0.00 0.00 0.00
16 0.00 0.00 0.00 0.00 38.41 24.49 40.66 23.58 0.00 0.00 0.00 0.00
16 0.00 0.00 0.00 0.00 35.94 19.11 39.86 23.03 0.00 0.00 0.00 0.00
16 0.00 0.00 0.00 0.00 38.41 24.88 39.30 23.02 0.00 0.00 0.00 0.00
16 0.00 0.00 0.00 0.00 39.24 26.43 38.78 23.12 0.00 0.00 0.00 0.00
16 0.00 0.00 0.00 0.00 38.86 27.19 38.59 23.54 0.00 0.00 0.00 0.00
16 0.00 0.00 0.00 0.00 38.08 27.95 38.16 23.88 0.00 0.00 0.00 0.00
16 0.00 0.00 0.00 0.00 35.32 28.27 37.90 24.41 0.00 0.00 0.00 0.00
16 0.00 0.00 0.00 0.00 33.77 29.39 37.39 24.98 0.00 0.00 0.00 0.00
16 0.00 0.00 0.00 0.00 30.26 29.69 36.54 25.54 0.00 0.00 0.00 0.00
16 0.00 0.00 0.00 0.00 30.74 33.57 35.90 27.10 0.00 0.00 0.00 0.00
16 0.00 0.00 0.00 0.00 30.34 33.17 35.10 27.96 0.00 0.00 0.00 0.00
16 0.00 0.00 0.00 0.00 28.48 36.62 34.35 29.72 0.00 0.00 0.00 0.00
16 0.00 0.00 0.00 0.00 26.88 34.64 33.20 30.69 0.00 0.00 0.00 0.00
16 0.00 0.00 0.00 0.00 28.54 38.97 32.13 31.95 0.00 0.00 0.00 0.00
16 0.00 0.00 0.00 0.00 26.98 38.53 30.94 33.08 0.00 0.00 0.00 0.00
16 0.00 0.00 0.00 0.00 26.66 41.27 29.80 34.41 0.00 0.00 0.00 0.00
16 0.00 0.00 0.00 0.00 26.25 40.48 28.89 35.63 0.00 0.00 0.00 0.00
16 0.00 0.00 0.00 0.00 28.21 41.31 28.33 36.83 0.00 0.00 0.00 0.00
16 0.00 0.00 0.00 0.00 27.87 43.27 28.10 38.18 0.00 0.00 0.00 0.00
16 0.00 0.00 0.00 0.00 30.67 45.72 28.09 39.40 0.00 0.00 0.00 0.00
16 0.00 0.00 0.00 0.00 26.31 42.84 27.68 40.37 0.00 0.00 0.00 0.00
16 0.00 0.00 0.00 0.00 28.75 47.25 27.71 41.43 0.00 0.00 0.00 0.00
16 0.00 0.00 0.00 0.00 29.54 47.67 27.98 42.73 0.00 0.00 0.00 0.00
16 0.00 0.00 0.00 0.00 20.14 23.04 27.14 41.14 0.00 0.00 0.00 0.00
16 0.00 0.00 0.00 0.00 24.75 42.41 26.92 41.53 0.00 0.00 0.00 0.00
16 0.00 0.00 0.00 0.00 29.51 46.08 27.20 42.01 0.00 0.00 0.00 0.00
16 0.00 0.00 0.00 0.00 28.40 48.83 27.42 42.84 0.00 0.00 0.00 0.00
16 0.00 0.00 0.00 0.00 29.55 48.07 27.55 43.52 0.00 0.00 0.00 0.00
16 0.00 0.00 0.00 0.00 30.35 48.88 27.80 44.08 0.00 0.00 0.00 0.00
16 0.00 0.00 0.00 0.00 29.53 47.27 27.68 44.24 0.00 0.00 0.00 0.00
16 0.00 0.00 0.00 0.00 27.19 47.22 27.77 44.67 0.00 0.00 0.00 0.00
16 0.00 0.00 0.00 0.00 29.20 49.65 27.82 44.91 0.00 0.00 0.00 0.00
16 0.00 0.00 0.00 0.00 30.37 49.68 27.90 45.11 0.00 0.00 0.00 0.00
16 0.00 0.00 0.00 0.00 28.38 48.04 28.72 47.61 0.00 0.00 0.00 0.00
16 0.00 0.00 0.00 0.00 28.80 49.24 29.13 48.30 0.00 0.00 0.00 0.00
16 0.00 0.00 0.00 0.00 28.81 49.64 29.06 48.65 0.00 0.00 0.00 0.00
16 0.00 0.00 0.00 0.00 30.40 50.87 29.26 48.86 0.00 0.00 0.00 0.00
16 0.00 0.00 0.00 0.00 27.23 48.81 29.03 48.93 0.00 0.00 0.00 0.00
16 0.00 0.00 0.00 0.00 28.80 49.24 28.87 48.96 0.00 0.00 0.00 0.00
16 0.00 0.00 0.00 0.00 27.23 48.81 28.64 49.12 0.00 0.00 0.00 0.00
16 0.00 0.00 0.00 0.00 26.46 49.19 28.57 49.32 0.00 0.00 0.00 0.00
16 0.00 0.00 0.00 0.00 29.20 49.65 28.57 49.32 0.00 0.00 0.00 0.00
16 0.00 0.00 0.00 0.00 28.45 50.82 28.38 49.43 0.00 0.00 0.00 0.00
16 0.00 0.00 0.00 0.00 28.00 48.43 28.34 49.47 0.00 0.00 0.00 0.00
16 0.00 0.00 0.00 0.00 28.83 50.43 28.34 49.59 0.00 0.00 0.00 0.00
16 0.00 0.00 0.00 0.00 26.06 48.78 28.07 49.50 0.00 0.00 0.00 0.00
16 0.00 0.00 0.00 0.00 25.66 47.97 27.59 49.21 0.00 0.00 0.00 0.00
16 0.00 0.00 0.00 0.00 29.19 49.25 27.79 49.26 0.00 0.00 0.00 0.00
16 0.00 0.00 0.00 0.00 28.82 50.04 27.79 49.34 0.00 0.00 0.00 0.00
16 0.00 0.00 0.00 0.00 29.62 50.85 28.03 49.54 0.00 0.00 0.00 0.00
16 0.00 0.00 0.00 0.00 28.84 50.83 28.27 49.71 0.00 0.00 0.00 0.00
16 0.00 0.00 0.00 0.00 25.21 45.58 27.87 49.30 0.00 0.00 0.00 0.00
16 0.00 0.00 0.00 0.00 28.05 50.42 27.83 49.26 0.00 0.00 0.00 0.00
16 0.00 0.00 0.00 0.00 26.86 49.59 27.71 49.37 0.00 0.00 0.00 0.00
16 0.00 0.00 0.00 0.00 26.85 49.20 27.52 49.25 0.00 0.00 0.00 0.00
16 0.00 0.00 0.00 0.00 26.87 49.99 27.60 49.37 0.00 0.00 0.00 0.00
16 0.00 0.00 0.00 0.00 26.47 49.58 27.68 49.53 0.00 0.00 0.00 0.00
16 0.00 0.00 0.00 0.00 26.50 50.78 27.41 49.69 0.00 0.00 0.00 0.00
16 0.00 0.00 0.00 0.00 26.85 49.20 27.21 49.60 0.00 0.00 0.00 0.00
16 0.00 0.00 0.00 0.00 22.97 49.10 26.55 49.43 0.00 0.00 0.00 0.00
16 0.00 0.00 0.00 0.00 24.13 49.13 26.08 49.26 0.00 0.00 0.00 0.00
16 0.00 0.00 0.00 0.00 23.71 47.93 25.93 49.49 0.00 0.00 0.00 0.00
16 0.00 0.00 0.00 0.00 21.33 45.09 25.25 48.96 0.00 0.00 0.00 0.00
16 0.00 0.00 0.00 0.00 21.33 45.09 24.70 48.51 0.00 0.00 0.00 0.00
16 0.00 0.00 0.00 0.00 -11.43 9.58 20.87 44.55 0.00 0.00 0.00 0.00
16 0.00 0.00 0.00 0.00 -11.43 9.58 17.04 40.51 0.00 0.00 0.00 0.00
16 0.00 0.00 0.00 0.00 -11.80 8.48 13.22 36.40 0.00 0.00 0.00 0.00
16 0.00 0.00 0.00 0.00 -11.80 8.11 9.39 32.13 0.00 0.00 0.00 0.00
16 0.00 0.00 0.00 0.00 -8.10 5.90 5.89 27.80 0.00 0.00 0.00 0.00
16 0.00 0.00 0.00 0.00 -8.10 5.90 2.78 23.48 0.00 0.00 0.00 0.00
16 0.00 0.00 0.00 0.00 -2.95 -5.55 0.08 18.01 0.00 0.00 0.00 0.00
16 0.00 0.00 0.00 0.00 -0.74 -3.69 -2.37 12.85 0.00 0.00 0.00 0.00
16 0.00 0.00 0.00 0.00 -0.74 -3.69 -4.58 7.97 0.00 0.00 0.00 0.00
16 0.00 0.00 0.00 0.00 6.26 11.05 -6.08 4.57 0.00 0.00 0.00 0.00
16 0.00 0.00 0.00 0.00 7.37 12.16 -4.20 4.82 0.00 0.00 0.00 0.00
16 0.00 0.00 0.00 0.00 9.96 14.01 -2.06 5.27 0.00 0.00 0.00 0.00
16 0.00 0.00 0.00 0.00 8.48 14.00 -0.04 5.82 0.00 0.00 0.00 0.00
16 0.00 0.00 0.00 0.00 8.48 15.11 1.99 6.52 0.00 0.00 0.00 0.00
16 0.00 0.00 0.00 0.00 10.34 16.23 3.84 7.55 0.00 0.00 0.00 0.00
16 0.00 0.00 0.00 0.00 9.96 15.49 5.64 8.51 0.00 0.00 0.00 0.00
16 0.00 0.00 0.00 0.00 9.96 15.49 6.93 10.62 0.00 0.00 0.00 0.00
16 0.00 0.00 0.00 0.00 10.34 16.23 8.04 12.61 0.00 0.00 0.00 0.00
16 0.00 0.00 0.00 0.00 10.34 15.86 9.15 14.56 0.00 0.00 0.00 0.00
16 0.00 0.00 0.00 0.00 9.97 17.71 9.52 15.23 0.00 0.00 0.00 0.00
16 0.00 0.00 0.00 0.00 10.71 16.23 9.85 15.64 0.00 0.00 0.00 0.00
16 0.00 0.00 0.00 0.00 11.08 16.98 9.97 15.93 0.00 0.00 0.00 0.00
16 0.00 0.00 0.00 0.00 10.71 16.23 10.19 16.16 0.00 0.00 0.00 0.00
16 0.00 0.00 0.00 0.00 11.09 18.09 10.45 16.45 0.00 0.00 0.00 0.00
16 0.00 0.00 0.00 0.00 11.09 18.83 10.53 16.71 0.00 0.00 0.00 0.00
16 0.00 0.00 0.00 0.00 11.09 17.72 10.64 16.94 0.00 0.00 0.00 0.00
16 0.00 0.00 0.00 0.00 10.73 19.95 10.72 17.38 0.00 0.00 0.00 0.00
16 0.00 0.00 0.00 0.00 9.98 19.57 10.68 17.72 0.00 0.00 0.00 0.00
16 0.00 0.00 0.00 0.00 9.61 19.20 10.61 18.05 0.00 0.00 0.00 0.00
16 0.00 0.00 0.00 0.00 9.99 21.06 10.61 18.39 0.00 0.00 0.00 0.00
16 0.00 0.00 0.00 0.00 9.25 21.06 10.46 18.87 0.00 0.00 0.00 0.00
16 0.00 0.00 0.00 0.00 9.99 20.32 10.35 19.20 0.00 0.00 0.00 0.00
16 0.00 0.00 0.00 0.00 9.63 22.18 10.25 19.80 0.00 0.00 0.00 0.00
16 0.00 0.00 0.00 0.00 9.62 20.32 10.10 20.02 0.00 0.00 0.00 0.00
16 0.00 0.00 0.00 0.00 9.62 21.06 9.95 20.24 0.00 0.00 0.00 0.00
16 0.00 0.00 0.00 0.00 8.87 20.31 9.73 20.50 0.00 0.00 0.00 0.00
16 0.00 0.00 0.00 0.00 9.62 21.06 9.62 20.61 0.00 0.00 0.00 0.00
16 0.00 0.00 0.00 0.00 9.62 21.44 9.58 20.80 0.00 0.00 0.00 0.00
16 0.00 0.00 0.00 0.00 9.98 19.20 9.62 20.80 0.00 0.00 0.00 0.00
16 0.00 0.00 0.00 0.00 11.10 20.33 9.73 20.73 0.00 0.00 0.00 0.00
16 0.00 0.00 0.00 0.00 11.10 19.58 9.92 20.58 0.00 0.00 0.00 0.00
16 0.00 0.00 0.00 0.00 12.58 18.84 10.18 20.43 0.00 0.00 0.00 0.00
16 0.00 0.00 0.00 0.00 14.08 19.23 10.62 20.14 0.00 0.00 0.00 0.00
16 0.00 0.00 0.00 0.00 14.07 17.37 11.07 19.84 0.00 0.00 0.00 0.00
16 0.00 0.00 0.00 0.00 14.43 15.88 11.55 19.32 0.00 0.00 0.00 0.00
16 0.00 0.00 0.00 0.00 14.80 15.88 12.14 18.88 0.00 0.00 0.00 0.00
16 0.00 0.00 0.00 0.00 15.55 15.89 12.73 18.36 0.00 0.00 0.00 0.00
16 0.00 0.00 0.00 0.00 17.43 16.27 13.51 17.85 0.00 0.00 0.00 0.00
16 0.00 0.00 0.00 0.00 17.81 16.27 14.30 17.55 0.00 0.00 0.00 0.00
16 0.00 0.00 0.00 0.00 19.32 17.03 15.12 17.22 0.00 0.00 0.00 0.00
16 0.00 0.00 0.00 0.00 18.56 16.28 15.86 16.89 0.00 0.00 0.00 0.00
16 0.00 0.00 0.00 0.00 17.43 16.64 16.35 16.67 0.00 0.00 0.00 0.00
16 0.00 0.00 0.00 0.00 17.44 17.39 16.68 16.49 0.00 0.00 0.00 0.00
16 0.00 0.00 0.00 0.00 17.07 18.51 16.99 16.60 0.00 0.00 0.00 0.00
16 0.00 0.00 0.00 0.00 17.08 18.88 17.25 16.90 0.00 0.00 0.00 0.00
16 0.00 0.00 0.00 0.00 17.10 21.12 17.48 17.43 0.00 0.00 0.00 0.00
16 0.00 0.00 0.00 0.00 16.34 20.74 17.56 17.91 0.00 0.00 0.00 0.00
16 0.00 0.00 0.00 0.00 15.60 21.48 17.37 18.44 0.00 0.00 0.00 0.00
16 0.00 0.00 0.00 0.00 16.35 21.49 17.23 18.96 0.00 0.00 0.00 0.00
16 0.00 0.00 0.00 0.00 16.36 22.99 16.93 19.55 0.00 0.00 0.00 0.00
16 0.00 0.00 0.00 0.00 16.39 24.88 16.72 20.41 0.00 0.00 0.00 0.00
16 0.00 0.00 0.00 0.00 17.52 24.89 16.72 21.24 0.00 0.00 0.00 0.00
16 0.00 0.00 0.00 0.00 16.40 25.63 16.62 22.06 0.00 0.00 0.00 0.00
16 0.00 0.00 0.00 0.00 17.16 26.40 16.63 22.85 0.00 0.00 0.00 0.00
16 0.00 0.00 0.00 0.00 16.40 26.01 16.56 23.56 0.00 0.00 0.00 0.00
16 0.00 0.00 0.00 0.00 16.41 26.77 16.49 24.13 0.00 0.00 0.00 0.00
16 0.00 0.00 0.00 0.00 16.04 27.52 16.46 24.81 0.00 0.00 0.00 0.00
16 0.00 0.00 0.00 0.00 16.80 27.53 16.58 25.41 0.00 0.00 0.00 0.00
16 0.00 0.00 0.00 0.00 16.06 29.04 16.55 26.17 0.00 0.00 0.00 0.00
16 0.00 0.00 0.00 0.00 16.44 29.05 16.56 26.77 0.00 0.00 0.00 0.00
16 0.00 0.00 0.00 0.00 16.06 29.04 16.53 27.19 0.00 0.00 0.00 0.00
16 0.00 0.00 0.00 0.00 16.45 29.43 16.42 27.64 0.00 0.00 0.00 0.00
16 0.00 0.00 0.00 0.00 16.83 29.82 16.47 28.06 0.00 0.00 0.00 0.00
16 0.00 0.00 0.00 0.00 17.22 30.20 16.47 28.44 0.00 0.00 0.00 0.00
16 0.00 0.00 0.00 0.00 16.47 30.58 16.48 28.90 0.00 0.00 0.00 0.00
16 0.00 0.00 0.00 0.00 16.84 30.58 16.52 29.28 0.00 0.00 0.00 0.00
16 0.00 0.00 0.00 0.00 16.84 30.58 16.60 29.59 0.00 0.00 0.00 0.00
16 0.00 0.00 0.00 0.00 17.23 31.35 16.65 29.97 0.00 0.00 0.00 0.00
16 0.00 0.00 0.00 0.00 16.87 32.50 16.73 30.31 0.00 0.00 0.00 0.00
16 0.00 0.00 0.00 0.00 16.86 31.35 16.77 30.54 0.00 0.00 0.00 0.00
16 0.00 0.00 0.00 0.00 16.89 33.27 16.85 30.97 0.00 0.00 0.00 0.00
16 0.00 0.00 0.00 0.00 17.24 31.74 16.93 31.20 0.00 0.00 0.00 0.00
16 0.00 0.00 0.00 0.00 15.71 30.95 16.82 31.31 0.00 0.00 0.00 0.00
16 0.00 0.00 0.00 0.00 15.34 30.94 16.63 31.38 0.00 0.00 0.00 0.00
16 0.00 0.00 0.00 0.00 16.13 33.64 16.60 31.69 0.00 0.00 0.00 0.00
16 0.00 0.00 0.00 0.00 15.70 29.80 16.48 31.61 0.00 0.00 0.00 0.00
16 0.00 0.00 0.00 0.00 18.04 34.06 16.60 31.96 0.00 0.00 0.00 0.00
16 0.00 0.00 0.00 0.00 18.43 34.45 16.72 32.27 0.00 0.00 0.00 0.00
16 0.00 0.00 0.00 0.00 18.79 33.69 16.91 32.39 0.00 0.00 0.00 0.00
16 0.00 0.00 0.00 0.00 16.46 30.19 16.87 32.27 0.00 0.00 0.00 0.00
16 0.00 0.00 0.00 0.00 18.03 33.29 16.99 32.27 0.00 0.00 0.00 0.00
16 0.00 0.00 0.00 0.00 18.79 33.30 17.14 32.43 0.00 0.00 0.00 0.00
16 0.00 0.00 0.00 0.00 19.59 35.25 17.53 32.86 0.00 0.00 0.00 0.00
16 0.00 0.00 0.00 0.00 20.37 36.43 18.03 33.41 0.00 0.00 0.00 0.00
16 0.00 0.00 0.00 0.00 20.39 37.21 18.46 33.77 0.00 0.00 0.00 0.00
16 0.00 0.00 0.00 0.00 20.42 38.38 18.93 34.63 0.00 0.00 0.00 0.00
16 0.00 0.00 0.00 0.00 21.62 40.76 19.29 35.30 0.00 0.00 0.00 0.00
16 0.00 0.00 0.00 0.00 21.95 38.41 19.64 35.69 0.00 0.00 0.00 0.00
16 0.00 0.00 0.00 0.00 21.55 37.62 19.92 36.08 0.00 0.00 0.00 0.00
16 0.00 0.00 0.00 0.00 22.76 40.00 20.55 37.07 0.00 0.00 0.00 0.00
16 0.00 0.00 0.00 0.00 22.38 40.38 20.98 37.77 0.00 0.00 0.00 0.00
16 0.00 0.00 0.00 0.00 21.97 39.20 21.30 38.36 0.00 0.00 0.00 0.00
16 0.00 0.00 0.00 0.00 23.54 40.41 21.69 38.88 0.00 0.00 0.00 0.00
16 0.00 0.00 0.00 0.00 23.57 41.59 22.01 39.40 0.00 0.00 0.00 0.00
16 0.00 0.00 0.00 0.00 26.32 43.23 22.61 40.00 0.00 0.00 0.00 0.00
16 0.00 0.00 0.00 0.00 25.90 42.04 23.15 40.36 0.00 0.00 0.00 0.00
16 0.00 0.00 0.00 0.00 25.55 43.61 23.55 40.65 0.00 0.00 0.00 0.00
16 0.00 0.00 0.00 0.00 26.29 42.05 23.98 41.01 0.00 0.00 0.00 0.00
16 0.00 0.00 0.00 0.00 28.27 43.68 24.65 41.62 0.00 0.00 0.00 0.00
16 0.00 0.00 0.00 0.00 25.11 41.63 24.89 41.78 0.00 0.00 0.00 0.00
16 0.00 0.00 0.00 0.00 27.86 42.88 25.44 42.03 0.00 0.00 0.00 0.00
16 0.00 0.00 0.00 0.00 27.83 41.70 26.02 42.28 0.00 0.00 0.00 0.00
16 0.00 0.00 0.00 0.00 27.82 41.30 26.45 42.37 0.00 0.00 0.00 0.00
16 0.00 0.00 0.00 0.00 28.59 40.93 26.96 42.30 0.00 0.00 0.00 0.00
16 0.00 0.00 0.00 0.00 28.20 40.92 27.14 42.07 0.00 0.00 0.00 0.00
16 0.00 0.00 0.00 0.00 31.76 42.59 27.73 42.13 0.00 0.00 0.00 0.00
16 0.00 0.00 0.00 0.00 32.52 41.82 28.43 41.95 0.00 0.00 0.00 0.00
16 0.00 0.00 0.00 0.00 32.90 41.04 29.09 41.85 0.00 0.00 0.00 0.00
16 0.00 0.00 0.00 0.00 28.35 31.19 29.10 40.60 0.00 0.00 0.00 0.00
16 0.00 0.00 0.00 0.00 30.48 38.63 29.63 40.30 0.00 0.00 0.00 0.00
16 0.00 0.00 0.00 0.00 34.48 41.48 30.29 40.16 0.00 0.00 0.00 0.00
16 0.00 0.00 0.00 0.00 34.45 40.30 30.96 40.02 0.00 0.00 0.00 0.00
16 0.00 0.00 0.00 0.00 33.25 39.48 31.50 39.84 0.00 0.00 0.00 0.00
16 0.00 0.00 0.00 0.00 25.45 20.85 31.18 37.83 0.00 0.00 0.00 0.00
16 0.00 0.00 0.00 0.00 34.01 38.72 31.77 37.61 0.00 0.00 0.00 0.00
16 0.00 0.00 0.00 0.00 35.96 37.99 32.19 37.15 0.00 0.00 0.00 0.00
16 0.00 0.00 0.00 0.00 28.51 19.00 31.78 34.87 0.00 0.00 0.00 0.00
16 0.00 0.00 0.00 0.00 39.15 39.24 32.41 34.69 0.00 0.00 0.00 0.00
16 0.00 0.00 0.00 0.00 30.15 24.33 32.59 34.00 0.00 0.00 0.00 0.00
16 0.00 0.00 0.00 0.00 35.31 27.88 33.07 32.93 0.00 0.00 0.00 0.00
16 0.00 0.00 0.00 0.00 30.44 17.90 32.67 30.57 0.00 0.00 0.00 0.00
16 0.00 0.00 0.00 0.00 38.60 32.99 33.08 29.84 0.00 0.00 0.00 0.00
16 0.00 0.00 0.00 0.00 45.42 35.87 34.30 29.48 0.00 0.00 0.00 0.00
16 0.00 0.00 0.00 0.00 46.22 35.89 36.38 30.98 0.00 0.00 0.00 0.00
16 0.00 0.00 0.00 0.00 47.79 34.75 37.76 30.58 0.00 0.00 0.00 0.00
16 0.00 0.00 0.00 0.00 49.78 35.17 39.14 30.30 0.00 0.00 0.00 0.00
16 0.00 0.00 0.00 0.00 45.74 31.98 40.86 31.60 0.00 0.00 0.00 0.00
16 0.00 0.00 0.00 0.00 46.51 30.45 41.60 30.72 0.00 0.00 0.00 0.00
16 0.00 0.00 0.00 0.00 49.75 33.23 43.56 31.61 0.00 0.00 0.00 0.00
16 0.00 0.00 0.00 0.00 50.93 32.47 45.12 32.07 0.00 0.00 0.00 0.00
16 0.00 0.00 0.00 0.00 50.92 31.69 47.17 33.45 0.00 0.00 0.00 0.00
16 0.00 0.00 0.00 0.00 52.11 31.71 48.52 33.32 0.00 0.00 0.00 0.00
16 0.00 0.00 0.00 0.00 52.89 30.55 49.27 32.79 0.00 0.00 0.00 0.00
16 0.00 0.00 0.00 0.00 51.70 30.53 49.81 32.25 0.00 0.00 0.00 0.00
16 0.00 0.00 0.00 0.00 52.88 29.77 50.32 31.75 0.00 0.00 0.00 0.00
16 0.00 0.00 0.00 0.00 54.07 29.40 50.75 31.18 0.00 0.00 0.00 0.00
16 0.00 0.00 0.00 0.00 53.67 29.01 51.54 30.88 0.00 0.00 0.00 0.00
16 0.00 0.00 0.00 0.00 54.46 28.63 52.34 30.70 0.00 0.00 0.00 0.00
16 0.00 0.00 0.00 0.00 53.65 27.46 52.73 30.12 0.00 0.00 0.00 0.00
16 0.00 0.00 0.00 0.00 54.84 27.47 53.12 29.62 0.00 0.00 0.00 0.00
16 0.00 0.00 0.00 0.00 54.84 27.47 53.51 29.20 0.00 0.00 0.00 0.00
16 0.00 0.00 0.00 0.00 54.04 27.07 53.71 28.74 0.00 0.00 0.00 0.00
16 0.00 0.00 0.00 0.00 54.84 27.08 53.90 28.39 0.00 0.00 0.00 0.00
16 0.00 0.00 0.00 0.00 53.65 27.46 54.10 28.08 0.00 0.00 0.00 0.00
16 0.00 0.00 0.00 0.00 55.24 27.09 54.33 27.81 0.00 0.00 0.00 0.00
16 0.00 0.00 0.00 0.00 55.23 26.70 54.45 27.54 0.00 0.00 0.00 0.00
16 0.00 0.00 0.00 0.00 55.24 27.47 54.60 27.39 0.00 0.00 0.00 0.00
16 0.00 0.00 0.00 0.00 55.24 27.47 54.68 27.27 0.00 0.00 0.00 0.00
16 0.00 0.00 0.00 0.00 54.84 27.08 54.80 27.24 0.00 0.00 0.00 0.00
16 0.00 0.00 0.00 0.00 54.84 27.47 54.80 27.24 0.00 0.00 0.00 0.00
16 0.00 0.00 0.00 0.00 54.44 26.69 54.76 27.16 0.00 0.00 0.00 0.00
16 0.00 0.00 0.00 0.00 55.63 26.31 54.92 27.08 0.00 0.00 0.00 0.00
16 0.00 0.00 0.00 0.00 54.83 25.92 54.92 26.97 0.00 0.00 0.00 0.00
16 0.00 0.00 0.00 0.00 54.43 25.91 55.00 26.81 0.00 0.00 0.00 0.00
16 0.00 0.00 0.00 0.00 55.62 25.54 55.03 26.66 0.00 0.00 0.00 0.00
16 0.00 0.00 0.00 0.00 55.62 25.15 55.07 26.50 0.00 0.00 0.00 0.00
16 0.00 0.00 0.00 0.00 55.21 24.76 55.07 26.23 0.00 0.00 0.00 0.00
16 0.00 0.00 0.00 0.00 55.21 23.99 55.07 25.88 0.00 0.00 0.00 0.00
16 0.00 0.00 0.00 0.00 56.40 24.38 55.22 25.61 0.00 0.00 0.00 0.00
16 0.00 0.00 0.00 0.00 56.00 23.61 55.34 25.23 0.00 0.00 0.00 0.00
16 0.00 0.00 0.00 0.00 55.99 22.44 55.49 24.80 0.00 0.00 0.00 0.00
16 0.00 0.00 0.00 0.00 56.38 21.67 55.57 24.34 0.00 0.00 0.00 0.00
16 0.00 0.00 0.00 0.00 56.39 22.84 55.72 24.03 0.00 0.00 0.00 0.00
16 0.00 0.00 0.00 0.00 56.38 21.67 55.92 23.61 0.00 0.00 0.00 0.00
16 0.00 0.00 0.00 0.00 56.38 21.29 56.00 23.18 0.00 0.00 0.00 0.00
16 0.00 0.00 0.00 0.00 56.77 20.90 56.11 22.76 0.00 0.00 0.00 0.00
16 0.00 0.00 0.00 0.00 55.58 20.89 56.15 22.37 0.00 0.00 0.00 0.00
16 0.00 0.00 0.00 0.00 55.57 20.12 56.18 21.98 0.00 0.00 0.00 0.00
16 0.00 0.00 0.00 0.00 55.97 20.51 56.14 21.60 0.00 0.00 0.00 0.00
16 0.00 0.00 0.00 0.00 55.17 20.12 56.06 21.25 0.00 0.00 0.00 0.00
16 0.00 0.00 0.00 0.00 54.76 19.34 55.93 20.94 0.00 0.00 0.00 0.00
16 0.00 0.00 0.00 0.00 54.75 18.57 55.77 20.63 0.00 0.00 0.00 0.00
16 0.00 0.00 0.00 0.00 54.75 18.57 55.61 20.20 0.00 0.00 0.00 0.00
16 0.00 0.00 0.00 0.00 54.75 18.18 55.45 19.85 0.00 0.00 0.00 0.00
16 0.00 0.00 0.00 0.00 53.14 18.17 55.12 19.54 0.00 0.00 0.00 0.00
16 0.00 0.00 0.00 0.00 52.33 17.00 54.68 19.15 0.00 0.00 0.00 0.00
16 0.00 0.00 0.00 0.00 51.52 16.23 54.27 18.68 0.00 0.00 0.00 0.00
16 0.00 0.00 0.00 0.00 51.11 16.22 53.83 18.29 0.00 0.00 0.00 0.00
16 0.00 0.00 0.00 0.00 49.90 15.44 53.22 17.78 0.00 0.00 0.00 0.00
16 0.00 0.00 0.00 0.00 48.68 14.67 52.57 17.24 0.00 0.00 0.00 0.00
16 0.00 0.00 0.00 0.00 48.27 13.90 51.92 16.69 0.00 0.00 0.00 0.00
16 0.00 0.00 0.00 0.00 47.46 13.51 51.19 16.19 0.00 0.00 0.00 0.00
16 0.00 0.00 0.00 0.00 45.03 11.96 50.22 15.53 0.00 0.00 0.00 0.00
16 0.00 0.00 0.00 0.00 45.84 11.58 49.33 14.87 0.00 0.00 0.00 0.00
16 0.00 0.00 0.00 0.00 45.83 10.44 48.60 14.09 0.00 0.00 0.00 0.00
16 0.00 0.00 0.00 0.00 44.62 9.29 47.83 13.32 0.00 0.00 0.00 0.00
16 0.00 0.00 0.00 0.00 45.02 8.53 47.18 12.55 0.00 0.00 0.00 0.00
16 0.00 0.00 0.00 0.00 44.22 8.14 46.49 11.75 0.00 0.00 0.00 0.00
16 0.00 0.00 0.00 0.00 44.21 7.00 45.92 10.90 0.00 0.00 0.00 0.00
16 0.00 0.00 0.00 0.00 44.22 5.86 45.47 10.02 0.00 0.00 0.00 0.00
16 0.00 0.00 0.00 0.00 44.22 5.86 45.07 9.22 0.00 0.00 0.00 0.00
16 0.00 0.00 0.00 0.00 43.41 5.10 44.66 8.37 0.00 0.00 0.00 0.00
16 0.00 0.00 0.00 0.00 43.01 4.72 44.46 7.65 0.00 0.00 0.00 0.00
16 0.00 0.00 0.00 0.00 42.61 4.34 44.14 6.93 0.00 0.00 0.00 0.00
16 0.00 0.00 0.00 0.00 41.82 3.20 43.74 6.20 0.00 0.00 0.00 0.00
16 0.00 0.00 0.00 0.00 40.62 3.20 43.34 5.59 0.00 0.00 0.00 0.00
16 0.00 0.00 0.00 0.00 40.23 2.07 42.86 4.95 0.00 0.00 0.00 0.00
16 0.00 0.00 0.00 0.00 39.83 2.07 42.42 4.34 0.00 0.00 0.00 0.00
16 0.00 0.00 0.00 0.00 39.04 1.32 41.90 3.77 0.00 0.00 0.00 0.00
16 0.00 0.00 0.00 0.00 37.85 0.57 41.26 3.24 0.00 0.00 0.00 0.00
16 0.00 0.00 0.00 0.00 37.06 0.57 40.55 2.71 0.00 0.00 0.00 0.00
16 0.00 0.00 0.00 0.00 36.67 0.20 39.87 2.22 0.00 0.00 0.00 0.00
16 0.00 0.00 0.00 0.00 35.48 -0.17 39.12 1.74 0.00 0.00 0.00 0.00
16 0.00 0.00 0.00 0.00 35.09 -0.55 38.37 1.25 0.00 0.00 0.00 0.00
16 0.00 0.00 0.00 0.00 33.53 -0.91 37.54 0.84 0.00 0.00 0.00 0.00
16 0.00 0.00 0.00 0.00 32.74 -0.15 36.75 0.50 0.00 0.00 0.00 0.00
16 0.00 0.00 0.00 0.00 31.96 -1.27 35.92 0.17 0.00 0.00 0.00 0.00
16 0.00 0.00 0.00 0.00 30.40 -0.88 34.98 -0.13 0.00 0.00 0.00 0.00
16 0.00 0.00 0.00 0.00 29.23 0.25 34.00 -0.23 0.00 0.00 0.00 0.00
16 0.00 0.00 0.00 0.00 26.91 0.65 32.91 -0.23 0.00 0.00 0.00 0.00
16 0.00 0.00 0.00 0.00 25.76 -0.09 31.78 -0.29 0.00 0.00 0.00 0.00
16 0.00 0.00 0.00 0.00 24.61 0.29 30.57 -0.28 0.00 0.00 0.00 0.00
16 0.00 0.00 0.00 0.00 24.24 -0.83 29.45 -0.35 0.00 0.00 0.00 0.00
16 0.00 0.00 0.00 0.00 24.99 0.29 28.44 -0.27 0.00 0.00 0.00 0.00
16 0.00 0.00 0.00 0.00 27.67 1.76 27.85 0.00 0.00 0.00 0.00 0.00
16 0.00 0.00 0.00 0.00 27.67 1.76 27.35 0.19 0.00 0.00 0.00 0.00
16 0.00 0.00 0.00 0.00 29.23 0.63 27.07 0.38 0.00 0.00 0.00 0.00
16 0.00 0.00 0.00 0.00 30.78 0.24 27.11 0.50 0.00 0.00 0.00 0.00
16 0.00 0.00 0.00 0.00 30.40 -0.88 27.23 0.38 0.00 0.00 0.00 0.00
16 0.00 0.00 0.00 0.00 33.13 -0.15 27.85 0.30 0.00 0.00 0.00 0.00
16 0.00 0.00 0.00 0.00 32.35 -0.90 28.51 0.22 0.00 0.00 0.00 0.00
16 0.00 0.00 0.00 0.00 32.74 -0.53 29.32 0.14 0.00 0.00 0.00 0.00
16 0.00 0.00 0.00 0.00 33.14 -1.66 30.21 0.06 0.00 0.00 0.00 0.00
16 0.00 0.00 0.00 0.00 32.75 -1.28 30.99 -0.10 0.00 0.00 0.00 0.00
16 0.00 0.00 0.00 0.00 33.53 -0.91 31.57 -0.37 0.00 0.00 0.00 0.00
16 0.00 0.00 0.00 0.00 33.14 -1.28 32.12 -0.67 0.00 0.00 0.00 0.00
16 0.00 0.00 0.00 0.00 33.13 -0.91 32.51 -0.83 0.00 0.00 0.00 0.00
16 0.00 0.00 0.00 0.00 33.53 -0.91 32.78 -0.94 0.00 0.00 0.00 0.00
16 0.00 0.00 0.00 0.00 33.53 -0.91 33.10 -0.94 0.00 0.00 0.00 0.00
16 0.00 0.00 0.00 0.00 32.35 -0.90 33.02 -1.02 0.00 0.00 0.00 0.00
16 0.00 0.00 0.00 0.00 33.13 -0.91 33.10 -1.02 0.00 0.00 0.00 0.00
16 0.00 0.00 0.00 0.00 33.13 -0.91 33.14 -1.06 0.00 0.00 0.00 0.00
16 0.00 0.00 0.00 0.00 33.13 -0.91 33.14 -0.98 0.00 0.00 0.00 0.00
16 0.00 0.00 0.00 0.00 33.52 -0.53 33.21 -0.91 0.00 0.00 0.00 0.00
16 0.00 0.00 0.00 0.00 33.13 -0.53 33.17 -0.87 0.00 0.00 0.00 0.00
16 0.00 0.00 0.00 0.00 33.13 -0.15 33.17 -0.76 0.00 0.00 0.00 0.00
16 0.00 0.00 0.00 0.00 32.35 -0.52 33.09 -0.72 0.00 0.00 0.00 0.00
16 0.00 0.00 0.00 0.00 32.73 0.23 33.01 -0.60 0.00 0.00 0.00 0.00
16 0.00 0.00 0.00 0.00 32.35 -0.90 32.90 -0.60 0.00 0.00 0.00 0.00
16 0.00 0.00 0.00 0.00 32.35 -0.52 32.90 -0.57 0.00 0.00 0.00 0.00
16 0.00 0.00 0.00 0.00 32.35 -0.52 32.82 -0.53 0.00 0.00 0.00 0.00
16 0.00 0.00 0.00 0.00 32.35 -0.90 32.74 -0.53 0.00 0.00 0.00 0.00
16 0.00 0.00 0.00 0.00 32.35 -0.90 32.66 -0.53 0.00 0.00 0.00 0.00
16 0.00 0.00 0.00 0.00 33.13 -0.91 32.62 -0.56 0.00 0.00 0.00 0.00
16 0.00 0.00 0.00 0.00 33.13 -0.91 32.62 -0.60 0.00 0.00 0.00 0.00
16 0.00 0.00 0.00 0.00 32.74 -0.90 32.58 -0.68 0.00 0.00 0.00 0.00
16 0.00 0.00 0.00 0.00 33.92 -0.91 32.74 -0.71 0.00 0.00 0.00 0.00
16 0.00 0.00 0.00 0.00 32.74 -0.90 32.74 -0.83 0.00 0.00 0.00 0.00
16 0.00 0.00 0.00 0.00 33.53 -0.91 32.86 -0.83 0.00 0.00 0.00 0.00
16 0.00 0.00 0.00 0.00 33.13 -0.91 32.94 -0.87 0.00 0.00 0.00 0.00
16 0.00 0.00 0.00 0.00 33.13 -0.91 33.02 -0.91 0.00 0.00 0.00 0.00
16 0.00 0.00 0.00 0.00 31.96 -0.52 32.98 -0.87 0.00 0.00 0.00 0.00
16 0.00 0.00 0.00 0.00 32.74 -0.53 33.02 -0.83 0.00 0.00 0.00 0.00
16 0.00 0.00 0.00 0.00 31.95 -0.14 32.90 -0.75 0.00 0.00 0.00 0.00
16 0.00 0.00 0.00 0.00 32.34 0.98 32.82 -0.57 0.00 0.00 0.00 0.00
16 0.00 0.00 0.00 0.00 31.16 1.74 32.66 -0.30 0.00 0.00 0.00 0.00
16 0.00 0.00 0.00 0.00 30.38 2.50 32.31 0.04 0.00 0.00 0.00 0.00
16 0.00 0.00 0.00 0.00 29.98 3.63 32.03 0.49 0.00 0.00 0.00 0.00
16 0.00 0.00 0.00 0.00 30.37 4.00 31.72 0.99 0.00 0.00 0.00 0.00
16 0.00 0.00 0.00 0.00 29.98 5.50 31.40 1.63 0.00 0.00 0.00 0.00
16 0.00 0.00 0.00 0.00 28.82 5.88 30.97 2.30 0.00 0.00 0.00 0.00
16 0.00 0.00 0.00 0.00 28.43 7.00 30.62 3.06 0.00 0.00 0.00 0.00
16 0.00 0.00 0.00 0.00 28.04 8.50 30.15 3.96 0.00 0.00 0.00 0.00
16 0.00 0.00 0.00 0.00 27.27 8.87 29.68 4.86 0.00 0.00 0.00 0.00
16 0.00 0.00 0.00 0.00 27.28 10.74 29.17 5.83 0.00 0.00 0.00 0.00
16 0.00 0.00 0.00 0.00 27.28 10.74 28.78 6.73 0.00 0.00 0.00 0.00
16 0.00 0.00 0.00 0.00 26.51 11.48 28.40 7.63 0.00 0.00 0.00 0.00
16 0.00 0.00 0.00 0.00 25.75 12.22 27.97 8.49 0.00 0.00 0.00 0.00
16 0.00 0.00 0.00 0.00 26.14 13.72 27.55 9.46 0.00 0.00 0.00 0.00
16 0.00 0.00 0.00 0.00 25.00 14.09 27.05 10.32 0.00 0.00 0.00 0.00
16 0.00 0.00 0.00 0.00 25.39 14.84 26.71 11.22 0.00 0.00 0.00 0.00
16 0.00 0.00 0.00 0.00 25.02 16.71 26.37 12.19 0.00 0.00 0.00 0.00
16 0.00 0.00 0.00 0.00 24.64 17.08 26.03 13.05 0.00 0.00 0.00 0.00
16 0.00 0.00 0.00 0.00 23.51 18.57 25.65 14.02 0.00 0.00 0.00 0.00
16 0.00 0.00 0.00 0.00 23.90 18.95 25.31 14.84 0.00 0.00 0.00 0.00
16 0.00 0.00 0.00 0.00 23.53 20.07 24.94 15.77 0.00 0.00 0.00 0.00
16 0.00 0.00 0.00 0.00 24.69 20.84 24.76 16.71 0.00 0.00 0.00 0.00
16 0.00 0.00 0.00 0.00 23.53 20.45 24.53 17.53 0.00 0.00 0.00 0.00
16 0.00 0.00 0.00 0.00 23.19 23.08 24.24 18.47 0.00 0.00 0.00 0.00
16 0.00 0.00 0.00 0.00 22.83 24.59 24.02 19.52 0.00 0.00 0.00 0.00
16 0.00 0.00 0.00 0.00 23.19 23.08 23.80 20.34 0.00 0.00 0.00 0.00
16 0.00 0.00 0.00 0.00 22.45 24.96 23.54 21.17 0.00 0.00 0.00 0.00
16 0.00 0.00 0.00 0.00 22.47 26.10 23.33 22.07 0.00 0.00 0.00 0.00
16 0.00 0.00 0.00 0.00 23.28 28.40 23.30 23.05 0.00 0.00 0.00 0.00
16 0.00 0.00 0.00 0.00 22.07 24.96 23.12 23.65 0.00 0.00 0.00 0.00
16 0.00 0.00 0.00 0.00 22.50 27.62 23.02 24.41 0.00 0.00 0.00 0.00
16 0.00 0.00 0.00 0.00 22.90 28.77 22.84 25.20 0.00 0.00 0.00 0.00
16 0.00 0.00 0.00 0.00 23.29 29.16 22.82 26.07 0.00 0.00 0.00 0.00
16 0.00 0.00 0.00 0.00 23.37 33.01 22.83 27.07 0.00 0.00 0.00 0.00
16 0.00 0.00 0.00 0.00 22.94 30.69 22.85 27.68 0.00 0.00 0.00 0.00
16 0.00 0.00 0.00 0.00 22.56 31.07 22.78 28.47 0.00 0.00 0.00 0.00
16 0.00 0.00 0.00 0.00 22.95 31.46 22.83 29.12 0.00 0.00 0.00 0.00
16 0.00 0.00 0.00 0.00 22.57 31.45 22.84 29.66 0.00 0.00 0.00 0.00
16 0.00 0.00 0.00 0.00 22.59 32.22 22.77 30.04 0.00 0.00 0.00 0.00
16 0.00 0.00 0.00 0.00 22.71 38.04 22.84 31.35 0.00 0.00 0.00 0.00
16 0.00 0.00 0.00 0.00 23.04 35.71 22.89 32.16 0.00 0.00 0.00 0.00
16 0.00 0.00 0.00 0.00 22.31 37.25 22.83 33.01 0.00 0.00 0.00 0.00
16 0.00 0.00 0.00 0.00 22.75 39.61 22.78 34.05 0.00 0.00 0.00 0.00
16 0.00 0.00 0.00 0.00 23.57 41.59 22.80 34.91 0.00 0.00 0.00 0.00
16 0.00 0.00 0.00 0.00 22.26 34.92 22.73 35.33 0.00 0.00 0.00 0.00
16 0.00 0.00 0.00 0.00 22.80 41.96 22.76 36.42 0.00 0.00 0.00 0.00
16 0.00 0.00 0.00 0.00 22.36 39.60 22.70 37.23 0.00 0.00 0.00 0.00
16 0.00 0.00 0.00 0.00 22.81 42.36 22.72 38.33 0.00 0.00 0.00 0.00
16 0.00 0.00 0.00 0.00 22.41 41.56 22.70 39.26 0.00 0.00 0.00 0.00
16 0.00 0.00 0.00 0.00 22.76 40.00 22.71 39.46 0.00 0.00 0.00 0.00
16 0.00 0.00 0.00 0.00 22.26 34.92 22.63 39.38 0.00 0.00 0.00 0.00
16 0.00 0.00 0.00 0.00 23.92 40.03 22.79 39.65 0.00 0.00 0.00 0.00
16 0.00 0.00 0.00 0.00 23.03 34.93 22.82 39.19 0.00 0.00 0.00 0.00
16 0.00 0.00 0.00 0.00 23.03 34.93 22.76 38.52 0.00 0.00 0.00 0.00
16 0.00 0.00 0.00 0.00 24.27 38.86 22.96 38.92 0.00 0.00 0.00 0.00
16 0.00 0.00 0.00 0.00 23.34 31.47 23.02 37.87 0.00 0.00 0.00 0.00
16 0.00 0.00 0.00 0.00 25.00 36.92 23.28 37.60 0.00 0.00 0.00 0.00
16 0.00 0.00 0.00 0.00 24.57 34.97 23.46 36.86 0.00 0.00 0.00 0.00
16 0.00 0.00 0.00 0.00 24.55 34.19 23.67 36.12 0.00 0.00 0.00 0.00
16 0.00 0.00 0.00 0.00 24.48 31.11 23.84 35.23 0.00 0.00 0.00 0.00
16 0.00 0.00 0.00 0.00 23.65 27.64 23.98 34.51 0.00 0.00 0.00 0.00
16 0.00 0.00 0.00 0.00 25.15 26.15 24.11 33.12 0.00 0.00 0.00 0.00
16 0.00 0.00 0.00 0.00 25.53 25.77 24.36 32.20 0.00 0.00 0.00 0.00
16 0.00 0.00 0.00 0.00 25.92 26.16 24.65 31.32 0.00 0.00 0.00 0.00
16 0.00 0.00 0.00 0.00 26.64 23.13 24.88 29.75 0.00 0.00 0.00 0.00
16 0.00 0.00 0.00 0.00 25.85 21.61 25.13 28.77 0.00 0.00 0.00 0.00
16 0.00 0.00 0.00 0.00 24.68 20.09 25.10 27.08 0.00 0.00 0.00 0.00
16 0.00 0.00 0.00 0.00 25.04 18.21 25.15 25.41 0.00 0.00 0.00 0.00
16 0.00 0.00 0.00 0.00 26.19 18.22 25.31 23.81 0.00 0.00 0.00 0.00
16 0.00 0.00 0.00 0.00 25.79 16.72 25.44 22.37 0.00 0.00 0.00 0.00
16 0.00 0.00 0.00 0.00 27.30 14.48 25.81 21.05 0.00 0.00 0.00 0.00
16 0.00 0.00 0.00 0.00 28.46 14.87 26.14 19.93 0.00 0.00 0.00 0.00
16 0.00 0.00 0.00 0.00 27.68 13.73 26.35 18.72 0.00 0.00 0.00 0.00
16 0.00 0.00 0.00 0.00 30.00 13.38 26.76 17.44 0.00 0.00 0.00 0.00
16 0.00 0.00 0.00 0.00 30.37 10.75 27.14 16.20 0.00 0.00 0.00 0.00
16 0.00 0.00 0.00 0.00 31.55 11.51 27.71 15.19 0.00 0.00 0.00 0.00
16 0.00 0.00 0.00 0.00 32.32 9.63 28.47 14.15 0.00 0.00 0.00 0.00
16 0.00 0.00 0.00 0.00 31.54 9.25 29.12 13.25 0.00 0.00 0.00 0.00
16 0.00 0.00 0.00 0.00 32.32 8.50 29.73 12.28 0.00 0.00 0.00 0.00
16 0.00 0.00 0.00 0.00 32.71 7.75 30.42 11.38 0.00 0.00 0.00 0.00
16 0.00 0.00 0.00 0.00 33.10 6.62 31.00 10.60 0.00 0.00 0.00 0.00
16 0.00 0.00 0.00 0.00 33.88 5.49 31.55 9.66 0.00 0.00 0.00 0.00
16 0.00 0.00 0.00 0.00 33.88 4.74 32.17 8.76 0.00 0.00 0.00 0.00
16 0.00 0.00 0.00 0.00 35.06 4.36 32.67 7.86 0.00 0.00 0.00 0.00
16 0.00 0.00 0.00 0.00 35.06 3.98 33.14 7.18 0.00 0.00 0.00 0.00
16 0.00 0.00 0.00 0.00 35.46 3.23 33.53 6.36 0.00 0.00 0.00 0.00
16 0.00 0.00 0.00 0.00 35.46 2.85 33.85 5.68 0.00 0.00 0.00 0.00
16 0.00 0.00 0.00 0.00 35.48 0.58 34.24 4.81 0.00 0.00 0.00 0.00
16 0.00 0.00 0.00 0.00 36.26 1.33 34.64 4.10 0.00 0.00 0.00 0.00
16 0.00 0.00 0.00 0.00 36.27 0.20 34.99 3.34 0.00 0.00 0.00 0.00
16 0.00 0.00 0.00 0.00 36.67 0.20 35.35 2.70 0.00 0.00 0.00 0.00
16 0.00 0.00 0.00 0.00 36.67 -0.18 35.63 2.13 0.00 0.00 0.00 0.00
16 0.00 0.00 0.00 0.00 37.46 -0.57 35.99 1.60 0.00 0.00 0.00 0.00
16 0.00 0.00 0.00 0.00 37.06 -0.19 36.19 1.14 0.00 0.00 0.00 0.00
16 0.00 0.00 0.00 0.00 37.46 -0.19 36.43 0.73 0.00 0.00 0.00 0.00
16 0.00 0.00 0.00 0.00 36.67 -0.18 36.55 0.39 0.00 0.00 0.00 0.00
16 0.00 0.00 0.00 0.00 37.85 0.19 36.79 0.12 0.00 0.00 0.00 0.00
16 0.00 0.00 0.00 0.00 37.46 0.19 36.98 0.08 0.00 0.00 0.00 0.00
16 0.00 0.00 0.00 0.00 37.06 -0.19 37.06 -0.07 0.00 0.00 0.00 0.00
16 0.00 0.00 0.00 0.00 36.27 -0.18 37.06 -0.11 0.00 0.00 0.00 0.00
16 0.00 0.00 0.00 0.00 38.25 0.18 37.22 -0.11 0.00 0.00 0.00 0.00
16 0.00 0.00 0.00 0.00 36.67 0.20 37.22 -0.07 0.00 0.00 0.00 0.00
16 0.00 0.00 0.00 0.00 37.46 0.19 37.22 0.00 0.00 0.00 0.00 0.00
16 0.00 0.00 0.00 0.00 37.06 0.19 37.22 0.04 0.00 0.00 0.00 0.00
16 0.00 0.00 0.00 0.00 37.46 0.19 37.22 0.08 0.00 0.00 0.00 0.00
16 0.00 0.00 0.00 0.00 37.86 -0.19 37.34 0.08 0.00 0.00 0.00 0.00
16 0.00 0.00 0.00 0.00 37.06 -0.19 37.26 0.04 0.00 0.00 0.00 0.00
16 0.00 0.00 0.00 0.00 36.27 0.20 37.14 0.04 0.00 0.00 0.00 0.00
16 0.00 0.00 0.00 0.00 37.05 1.33 37.14 0.19 0.00 0.00 0.00 0.00
16 0.00 0.00 0.00 0.00 36.66 0.57 37.18 0.27 0.00 0.00 0.00 0.00
16 0.00 0.00 0.00 0.00 37.05 2.09 37.06 0.46 0.00 0.00 0.00 0.00
16 0.00 0.00 0.00 0.00 36.65 2.47 37.06 0.68 0.00 0.00 0.00 0.00
16 0.00 0.00 0.00 0.00 37.04 3.60 37.02 1.03 0.00 0.00 0.00 0.00
16 0.00 0.00 0.00 0.00 36.64 3.98 36.97 1.40 0.00 0.00 0.00 0.00
16 0.00 0.00 0.00 0.00 37.03 5.49 36.93 1.93 0.00 0.00 0.00 0.00
16 0.00 0.00 0.00 0.00 35.45 6.62 36.69 2.62 0.00 0.00 0.00 0.00
16 0.00 0.00 0.00 0.00 35.06 7.38 36.49 3.37 0.00 0.00 0.00 0.00
16 0.00 0.00 0.00 0.00 34.67 8.51 36.33 4.20 0.00 0.00 0.00 0.00
16 0.00 0.00 0.00 0.00 32.71 9.63 35.90 5.03 0.00 0.00 0.00 0.00
16 0.00 0.00 0.00 0.00 34.28 11.14 35.66 6.09 0.00 0.00 0.00 0.00
16 0.00 0.00 0.00 0.00 32.72 12.27 35.23 7.11 0.00 0.00 0.00 0.00
16 0.00 0.00 0.00 0.00 31.56 13.01 34.72 8.16 0.00 0.00 0.00 0.00
16 0.00 0.00 0.00 0.00 31.57 15.27 34.17 9.33 0.00 0.00 0.00 0.00
16 0.00 0.00 0.00 0.00 31.59 16.78 33.66 10.61 0.00 0.00 0.00 0.00
16 0.00 0.00 0.00 0.00 31.21 17.91 33.08 11.85 0.00 0.00 0.00 0.00
16 0.00 0.00 0.00 0.00 30.44 17.90 32.58 12.98 0.00 0.00 0.00 0.00
16 0.00 0.00 0.00 0.00 30.85 19.41 32.16 14.18 0.00 0.00 0.00 0.00
16 0.00 0.00 0.00 0.00 30.09 20.92 31.70 15.42 0.00 0.00 0.00 0.00
16 0.00 0.00 0.00 0.00 30.48 21.30 31.48 16.59 0.00 0.00 0.00 0.00
16 0.00 0.00 0.00 0.00 28.96 23.17 30.95 17.79 0.00 0.00 0.00 0.00
16 0.00 0.00 0.00 0.00 29.02 26.22 30.58 19.19 0.00 0.00 0.00 0.00
16 0.00 0.00 0.00 0.00 28.99 24.69 30.32 20.36 0.00 0.00 0.00 0.00
16 0.00 0.00 0.00 0.00 29.89 30.46 30.15 21.88 0.00 0.00 0.00 0.00
16 0.00 0.00 0.00 0.00 28.27 27.35 29.82 22.93 0.00 0.00 0.00 0.00
16 0.00 0.00 0.00 0.00 27.89 28.11 29.49 23.95 0.00 0.00 0.00 0.00
16 0.00 0.00 0.00 0.00 27.95 30.80 29.24 25.24 0.00 0.00 0.00 0.00
16 0.00 0.00 0.00 0.00 28.40 33.51 28.99 26.65 0.00 0.00 0.00 0.00
16 0.00 0.00 0.00 0.00 27.22 32.71 28.71 27.83 0.00 0.00 0.00 0.00
16 0.00 0.00 0.00 0.00 27.68 35.82 28.43 29.28 0.00 0.00 0.00 0.00
16 0.00 0.00 0.00 0.00 27.35 38.15 28.27 30.78 0.00 0.00 0.00 0.00
16 0.00 0.00 0.00 0.00 27.76 38.95 28.14 32.05 0.00 0.00 0.00 0.00
16 0.00 0.00 0.00 0.00 26.93 36.58 27.94 33.24 0.00 0.00 0.00 0.00
16 0.00 0.00 0.00 0.00 26.94 36.97 27.64 33.89 0.00 0.00 0.00 0.00
16 0.00 0.00 0.00 0.00 26.63 40.09 27.48 35.17 0.00 0.00 0.00 0.00
16 0.00 0.00 0.00 0.00 23.69 29.94 27.06 35.35 0.00 0.00 0.00 0.00
16 0.00 0.00 0.00 0.00 27.08 42.46 26.97 36.52 0.00 0.00 0.00 0.00
16 0.00 0.00 0.00 0.00 25.97 44.81 26.72 37.65 0.00 0.00 0.00 0.00
16 0.00 0.00 0.00 0.00 30.71 47.30 27.07 39.11 0.00 0.00 0.00 0.00
16 0.00 0.00 0.00 0.00 28.32 45.66 27.14 40.09 0.00 0.00 0.00 0.00
16 0.00 0.00 0.00 0.00 25.15 43.20 26.92 40.60 0.00 0.00 0.00 0.00
16 0.00 0.00 0.00 0.00 29.97 49.27 27.14 41.63 0.00 0.00 0.00 0.00
16 0.00 0.00 0.00 0.00 29.16 48.06 27.36 42.78 0.00 0.00 0.00 0.00
16 0.00 0.00 0.00 0.00 27.63 49.21 27.43 44.00 0.00 0.00 0.00 0.00
16 0.00 0.00 0.00 0.00 25.61 45.99 27.33 44.59 0.00 0.00 0.00 0.00
16 0.00 0.00 0.00 0.00 25.86 40.47 27.55 45.64 0.00 0.00 0.00 0.00
16 0.00 0.00 0.00 0.00 26.69 42.45 27.51 45.64 0.00 0.00 0.00 0.00
16 0.00 0.00 0.00 0.00 29.10 45.68 27.82 45.73 0.00 0.00 0.00 0.00
16 0.00 0.00 0.00 0.00 27.08 42.46 27.46 45.25 0.00 0.00 0.00 0.00
16 0.00 0.00 0.00 0.00 26.59 38.52 27.28 44.53 0.00 0.00 0.00 0.00
16 0.00 0.00 0.00 0.00 28.97 40.55 27.67 44.27 0.00 0.00 0.00 0.00
16 0.00 0.00 0.00 0.00 28.04 34.66 27.47 42.81 0.00 0.00 0.00 0.00
16 0.00 0.00 0.00 0.00 28.76 31.97 27.43 41.20 0.00 0.00 0.00 0.00
16 0.00 0.00 0.00 0.00 29.09 29.67 27.58 39.24 0.00 0.00 0.00 0.00
16 0.00 0.00 0.00 0.00 29.46 28.91 27.96 37.53 0.00 0.00 0.00 0.00
16 0.00 0.00 0.00 0.00 30.64 29.32 28.44 36.42 0.00 0.00 0.00 0.00
16 0.00 0.00 0.00 0.00 30.96 25.88 28.87 34.76 0.00 0.00 0.00 0.00
16 0.00 0.00 0.00 0.00 30.52 23.58 29.01 32.55 0.00 0.00 0.00 0.00
16 0.00 0.00 0.00 0.00 31.67 22.46 29.47 30.55 0.00 0.00 0.00 0.00
16 0.00 0.00 0.00 0.00 32.08 23.23 30.02 29.02 0.00 0.00 0.00 0.00
16 0.00 0.00 0.00 0.00 32.85 22.48 30.41 27.22 0.00 0.00 0.00 0.00
16 0.00 0.00 0.00 0.00 33.59 20.21 30.96 25.77 0.00 0.00 0.00 0.00
16 0.00 0.00 0.00 0.00 32.00 18.29 31.29 24.40 0.00 0.00 0.00 0.00
16 0.00 0.00 0.00 0.00 33.55 16.80 31.73 23.12 0.00 0.00 0.00 0.00
16 0.00 0.00 0.00 0.00 33.15 16.42 32.10 21.87 0.00 0.00 0.00 0.00
16 0.00 0.00 0.00 0.00 32.75 15.28 32.31 20.46 0.00 0.00 0.00 0.00
16 0.00 0.00 0.00 0.00 33.13 14.15 32.53 19.29 0.00 0.00 0.00 0.00
16 0.00 0.00 0.00 0.00 33.90 12.65 32.87 18.20 0.00 0.00 0.00 0.00
16 0.00 0.00 0.00 0.00 33.89 10.77 33.09 17.03 0.00 0.00 0.00 0.00
16 0.00 0.00 0.00 0.00 33.49 9.63 33.23 15.67 0.00 0.00 0.00 0.00
16 0.00 0.00 0.00 0.00 33.10 8.88 33.25 14.31 0.00 0.00 0.00 0.00
16 0.00 0.00 0.00 0.00 33.49 7.75 33.24 13.06 0.00 0.00 0.00 0.00
16 0.00 0.00 0.00 0.00 33.49 6.62 33.39 11.90 0.00 0.00 0.00 0.00
16 0.00 0.00 0.00 0.00 33.10 5.50 33.35 10.77 0.00 0.00 0.00 0.00
16 0.00 0.00 0.00 0.00 33.49 3.99 33.38 9.52 0.00 0.00 0.00 0.00
16 0.00 0.00 0.00 0.00 34.28 3.23 33.54 8.32 0.00 0.00 0.00 0.00
16 0.00 0.00 0.00 0.00 34.29 1.72 33.65 7.07 0.00 0.00 0.00 0.00
16 0.00 0.00 0.00 0.00 33.50 1.73 33.61 5.98 0.00 0.00 0.00 0.00
16 0.00 0.00 0.00 0.00 33.91 -0.54 33.61 4.85 0.00 0.00 0.00 0.00
16 0.00 0.00 0.00 0.00 34.31 -0.92 33.70 3.80 0.00 0.00 0.00 0.00
16 0.00 0.00 0.00 0.00 33.92 -1.29 33.78 2.78 0.00 0.00 0.00 0.00
16 0.00 0.00 0.00 0.00 34.31 -1.30 33.86 1.88 0.00 0.00 0.00 0.00
16 0.00 0.00 0.00 0.00 33.15 -2.80 33.83 0.93 0.00 0.00 0.00 0.00
16 0.00 0.00 0.00 0.00 34.33 -2.43 33.95 0.14 0.00 0.00 0.00 0.00
16 0.00 0.00 0.00 0.00 33.94 -3.18 34.00 -0.58 0.00 0.00 0.00 0.00
16 0.00 0.00 0.00 0.00 33.16 -3.17 33.88 -1.22 0.00 0.00 0.00 0.00
16 0.00 0.00 0.00 0.00 32.39 -3.92 33.69 -1.78 0.00 0.00 0.00 0.00
16 0.00 0.00 0.00 0.00 33.55 -3.18 33.70 -2.27 0.00 0.00 0.00 0.00
16 0.00 0.00 0.00 0.00 33.57 -4.31 33.66 -2.65 0.00 0.00 0.00 0.00
16 0.00 0.00 0.00 0.00 33.17 -4.31 33.55 -2.99 0.00 0.00 0.00 0.00
16 0.00 0.00 0.00 0.00 33.57 -4.31 33.51 -3.29 0.00 0.00 0.00 0.00
16 0.00 0.00 0.00 0.00 33.17 -4.31 33.40 -3.59 0.00 0.00 0.00 0.00
16 0.00 0.00 0.00 0.00 33.57 -4.69 33.44 -3.78 0.00 0.00 0.00 0.00
16 0.00 0.00 0.00 0.00 33.18 -4.69 33.33 -4.01 0.00 0.00 0.00 0.00
16 0.00 0.00 0.00 0.00 33.57 -4.69 33.29 -4.16 0.00 0.00 0.00 0.00
16 0.00 0.00 0.00 0.00 32.78 -4.30 33.25 -4.27 0.00 0.00 0.00 0.00
16 0.00 0.00 0.00 0.00 33.57 -4.69 33.37 -4.35 0.00 0.00 0.00 0.00
16 0.00 0.00 0.00 0.00 33.57 -4.69 33.37 -4.50 0.00 0.00 0.00 0.00
16 0.00 0.00 0.00 0.00 33.57 -4.69 33.37 -4.54 0.00 0.00 0.00 0.00
16 0.00 0.00 0.00 0.00 34.75 -4.71 33.53 -4.58 0.00 0.00 0.00 0.00
16 0.00 0.00 0.00 0.00 33.18 -4.69 33.49 -4.62 0.00 0.00 0.00 0.00
16 0.00 0.00 0.00 0.00 33.95 -3.94 33.57 -4.58 0.00 0.00 0.00 0.00
16 0.00 0.00 0.00 0.00 33.96 -4.32 33.61 -4.54 0.00 0.00 0.00 0.00
16 0.00 0.00 0.00 0.00 33.17 -4.31 33.61 -4.50 0.00 0.00 0.00 0.00
16 0.00 0.00 0.00 0.00 33.96 -4.32 33.65 -4.47 0.00 0.00 0.00 0.00
16 0.00 0.00 0.00 0.00 34.35 -4.32 33.80 -4.47 0.00 0.00 0.00 0.00
16 0.00 0.00 0.00 0.00 33.94 -3.18 33.84 -4.32 0.00 0.00 0.00 0.00
16 0.00 0.00 0.00 0.00 33.95 -3.94 33.88 -4.24 0.00 0.00 0.00 0.00
16 0.00 0.00 0.00 0.00 33.94 -3.18 33.92 -4.09 0.00 0.00 0.00 0.00
16 0.00 0.00 0.00 0.00 32.77 -3.17 33.72 -3.94 0.00 0.00 0.00 0.00
16 0.00 0.00 0.00 0.00 33.54 -2.42 33.75 -3.71 0.00 0.00 0.00 0.00
16 0.00 0.00 0.00 0.00 33.54 -2.42 33.71 -3.56 0.00 0.00 0.00 0.00
16 0.00 0.00 0.00 0.00 33.93 -2.05 33.71 -3.33 0.00 0.00 0.00 0.00
16 0.00 0.00 0.00 0.00 33.53 -1.67 33.75 -3.07 0.00 0.00 0.00 0.00
16 0.00 0.00 0.00 0.00 32.36 -1.28 33.59 -2.76 0.00 0.00 0.00 0.00
16 0.00 0.00 0.00 0.00 32.74 -0.90 33.43 -2.42 0.00 0.00 0.00 0.00
16 0.00 0.00 0.00 0.00 33.13 -0.91 33.34 -2.19 0.00 0.00 0.00 0.00
16 0.00 0.00 0.00 0.00 33.13 -0.53 33.26 -1.85 0.00 0.00 0.00 0.00
16 0.00 0.00 0.00 0.00 33.12 0.22 33.18 -1.51 0.00 0.00 0.00 0.00
16 0.00 0.00 0.00 0.00 33.12 1.36 33.22 -1.06 0.00 0.00 0.00 0.00
16 0.00 0.00 0.00 0.00 33.50 2.48 33.21 -0.57 0.00 0.00 0.00 0.00
16 0.00 0.00 0.00 0.00 33.11 2.86 33.17 -0.04 0.00 0.00 0.00 0.00
16 0.00 0.00 0.00 0.00 33.10 3.61 33.08 0.53 0.00 0.00 0.00 0.00
16 0.00 0.00 0.00 0.00 33.10 5.12 33.04 1.20 0.00 0.00 0.00 0.00
16 0.00 0.00 0.00 0.00 32.71 5.50 33.08 1.88 0.00 0.00 0.00 0.00
16 0.00 0.00 0.00 0.00 32.31 6.62 33.03 2.63 0.00 0.00 0.00 0.00
16 0.00 0.00 0.00 0.00 32.31 7.00 32.95 3.42 0.00 0.00 0.00 0.00
16 0.00 0.00 0.00 0.00 32.71 7.75 32.91 4.25 0.00 0.00 0.00 0.00
16 0.00 0.00 0.00 0.00 33.10 9.26 32.91 5.16 0.00 0.00 0.00 0.00
16 0.00 0.00 0.00 0.00 32.71 9.63 32.87 5.98 0.00 0.00 0.00 0.00
16 0.00 0.00 0.00 0.00 32.71 10.38 32.79 6.77 0.00 0.00 0.00 0.00
16 0.00 0.00 0.00 0.00 31.93 10.76 32.67 7.56 0.00 0.00 0.00 0.00
16 0.00 0.00 0.00 0.00 32.34 13.77 32.59 8.58 0.00 0.00 0.00 0.00
16 0.00 0.00 0.00 0.00 31.57 14.52 32.44 9.52 0.00 0.00 0.00 0.00
16 0.00 0.00 0.00 0.00 31.18 14.89 32.29 10.46 0.00 0.00 0.00 0.00
16 0.00 0.00 0.00 0.00 30.80 16.02 32.14 11.40 0.00 0.00 0.00 0.00
16 0.00 0.00 0.00 0.00 30.81 16.39 31.99 12.34 0.00 0.00 0.00 0.00
16 0.00 0.00 0.00 0.00 29.27 17.88 31.64 13.35 0.00 0.00 0.00 0.00
16 0.00 0.00 0.00 0.00 30.07 19.78 31.34 14.40 0.00 0.00 0.00 0.00
16 0.00 0.00 0.00 0.00 29.71 21.67 31.04 15.61 0.00 0.00 0.00 0.00
16 0.00 0.00 0.00 0.00 29.71 21.29 30.74 16.70 0.00 0.00 0.00 0.00
16 0.00 0.00 0.00 0.00 29.73 22.81 30.52 17.90 0.00 0.00 0.00 0.00
16 0.00 0.00 0.00 0.00 29.73 22.81 30.26 18.80 0.00 0.00 0.00 0.00
16 0.00 0.00 0.00 0.00 28.95 22.41 30.00 19.59 0.00 0.00 0.00 0.00
16 0.00 0.00 0.00 0.00 28.58 23.55 29.74 20.46 0.00 0.00 0.00 0.00
16 0.00 0.00 0.00 0.00 29.41 26.23 29.60 21.48 0.00 0.00 0.00 0.00
16 0.00 0.00 0.00 0.00 29.07 28.90 29.42 22.73 0.00 0.00 0.00 0.00
16 0.00 0.00 0.00 0.00 28.27 27.35 29.32 23.68 0.00 0.00 0.00 0.00
16 0.00 0.00 0.00 0.00 27.48 26.57 29.06 24.36 0.00 0.00 0.00 0.00
16 0.00 0.00 0.00 0.00 29.13 31.21 29.00 25.31 0.00 0.00 0.00 0.00
16 0.00 0.00 0.00 0.00 27.51 28.48 28.79 26.03 0.00 0.00 0.00 0.00
16 0.00 0.00 0.00 0.00 27.52 28.87 28.56 26.64 0.00 0.00 0.00 0.00
16 0.00 0.00 0.00 0.00 27.14 28.86 28.30 27.24 0.00 0.00 0.00 0.00
16 0.00 0.00 0.00 0.00 27.14 29.24 28.12 27.93 0.00 0.00 0.00 0.00
16 0.00 0.00 0.00 0.00 27.17 30.39 27.98 28.61 0.00 0.00 0.00 0.00
16 0.00 0.00 0.00 0.00 27.19 31.55 27.76 29.14 0.00 0.00 0.00 0.00
16 0.00 0.00 0.00 0.00 26.44 32.30 27.50 29.48 0.00 0.00 0.00 0.00
16 0.00 0.00 0.00 0.00 26.42 31.53 27.31 29.90 0.00 0.00 0.00 0.00
16 0.00 0.00 0.00 0.00 26.07 33.07 27.17 30.55 0.00 0.00 0.00 0.00
16 0.00 0.00 0.00 0.00 26.09 33.84 26.87 30.81 0.00 0.00 0.00 0.00
16 0.00 0.00 0.00 0.00 25.35 35.38 26.65 31.50 0.00 0.00 0.00 0.00
16 0.00 0.00 0.00 0.00 25.36 35.76 26.44 32.19 0.00 0.00 0.00 0.00
16 0.00 0.00 0.00 0.00 26.20 38.52 26.34 33.16 0.00 0.00 0.00 0.00
16 0.00 0.00 0.00 0.00 25.43 38.89 26.17 34.12 0.00 0.00 0.00 0.00
16 0.00 0.00 0.00 0.00 26.62 39.70 26.12 35.05 0.00 0.00 0.00 0.00
16 0.00 0.00 0.00 0.00 25.66 31.90 25.96 35.09 0.00 0.00 0.00 0.00
16 0.00 0.00 0.00 0.00 26.06 32.68 25.92 35.13 0.00 0.00 0.00 0.00
16 0.00 0.00 0.00 0.00 26.89 35.02 25.97 35.48 0.00 0.00 0.00 0.00
16 0.00 0.00 0.00 0.00 27.32 36.98 26.10 35.87 0.00 0.00 0.00 0.00
16 0.00 0.00 0.00 0.00 28.10 37.00 26.30 36.18 0.00 0.00 0.00 0.00
16 0.00 0.00 0.00 0.00 27.24 33.48 26.49 35.99 0.00 0.00 0.00 0.00
16 0.00 0.00 0.00 0.00 26.82 31.93 26.63 35.61 0.00 0.00 0.00 0.00
16 0.00 0.00 0.00 0.00 27.53 29.25 26.77 34.68 0.00 0.00 0.00 0.00
16 0.00 0.00 0.00 0.00 28.34 30.81 27.06 33.88 0.00 0.00 0.00 0.00
16 0.00 0.00 0.00 0.00 27.10 26.95 27.11 32.60 0.00 0.00 0.00 0.00
16 0.00 0.00 0.00 0.00 29.48 29.68 27.49 32.38 0.00 0.00 0.00 0.00
16 0.00 0.00 0.00 0.00 28.62 25.45 27.74 31.65 0.00 0.00 0.00 0.00
16 0.00 0.00 0.00 0.00 28.96 23.17 27.95 30.47 0.00 0.00 0.00 0.00
16 0.00 0.00 0.00 0.00 29.75 23.95 28.19 29.17 0.00 0.00 0.00 0.00
16 0.00 0.00 0.00 0.00 27.76 20.50 28.16 27.52 0.00 0.00 0.00 0.00
16 0.00 0.00 0.00 0.00 26.98 20.12 28.13 26.18 0.00 0.00 0.00 0.00
16 0.00 0.00 0.00 0.00 29.67 19.02 28.42 24.89 0.00 0.00 0.00 0.00
16 0.00 0.00 0.00 0.00 30.43 17.52 28.71 23.72 0.00 0.00 0.00 0.00
16 0.00 0.00 0.00 0.00 30.80 16.02 28.96 22.24 0.00 0.00 0.00 0.00
16 0.00 0.00 0.00 0.00 30.41 15.26 29.29 21.07 0.00 0.00 0.00 0.00
16 0.00 0.00 0.00 0.00 31.57 14.89 29.50 19.59 0.00 0.00 0.00 0.00
16 0.00 0.00 0.00 0.00 30.39 13.38 29.67 18.38 0.00 0.00 0.00 0.00
16 0.00 0.00 0.00 0.00 32.34 13.39 30.01 17.40 0.00 0.00 0.00 0.00
16 0.00 0.00 0.00 0.00 31.93 10.76 30.23 16.09 0.00 0.00 0.00 0.00
16 0.00 0.00 0.00 0.00 32.71 10.01 30.72 15.04 0.00 0.00 0.00 0.00
16 0.00 0.00 0.00 0.00 33.10 9.26 31.34 13.95 0.00 0.00 0.00 0.00
16 0.00 0.00 0.00 0.00 33.10 8.88 31.68 12.94 0.00 0.00 0.00 0.00
16 0.00 0.00 0.00 0.00 33.10 6.62 31.94 11.85 0.00 0.00 0.00 0.00
16 0.00 0.00 0.00 0.00 33.10 6.62 32.17 10.91 0.00 0.00 0.00 0.00
16 0.00 0.00 0.00 0.00 33.49 5.49 32.48 9.93 0.00 0.00 0.00 0.00
16 0.00 0.00 0.00 0.00 34.28 4.36 32.75 8.88 0.00 0.00 0.00 0.00
16 0.00 0.00 0.00 0.00 33.89 3.61 33.10 7.90 0.00 0.00 0.00 0.00
16 0.00 0.00 0.00 0.00 34.29 2.48 33.30 6.81 0.00 0.00 0.00 0.00
16 0.00 0.00 0.00 0.00 34.68 2.10 33.57 5.94 0.00 0.00 0.00 0.00
16 0.00 0.00 0.00 0.00 34.29 1.35 33.73 5.08 0.00 0.00 0.00 0.00
16 0.00 0.00 0.00 0.00 34.30 0.22 33.85 4.17 0.00 0.00 0.00 0.00
16 0.00 0.00 0.00 0.00 34.31 -0.54 33.97 3.23 0.00 0.00 0.00 0.00
16 0.00 0.00 0.00 0.00 33.52 -0.53 34.01 2.52 0.00 0.00 0.00 0.00
16 0.00 0.00 0.00 0.00 35.50 -1.31 34.25 1.72 0.00 0.00 0.00 0.00
16 0.00 0.00 0.00 0.00 35.11 -2.06 34.42 0.97 0.00 0.00 0.00 0.00
16 0.00 0.00 0.00 0.00 34.72 -2.06 34.46 0.33 0.00 0.00 0.00 0.00
16 0.00 0.00 0.00 0.00 35.51 -2.44 34.62 -0.28 0.00 0.00 0.00 0.00
16 0.00 0.00 0.00 0.00 34.72 -2.81 34.67 -0.81 0.00 0.00 0.00 0.00
16 0.00 0.00 0.00 0.00 35.51 -2.44 34.75 -1.26 0.00 0.00 0.00 0.00
16 0.00 0.00 0.00 0.00 35.52 -3.20 34.87 -1.72 0.00 0.00 0.00 0.00
16 0.00 0.00 0.00 0.00 35.12 -2.82 34.95 -2.02 0.00 0.00 0.00 0.00
16 0.00 0.00 0.00 0.00 35.51 -2.82 35.07 -2.25 0.00 0.00 0.00 0.00
16 0.00 0.00 0.00 0.00 35.51 -2.44 35.27 -2.44 0.00 0.00 0.00 0.00
16 0.00 0.00 0.00 0.00 35.51 -2.82 35.27 -2.59 0.00 0.00 0.00 0.00
16 0.00 0.00 0.00 0.00 35.90 -2.07 35.35 -2.59 0.00 0.00 0.00 0.00
16 0.00 0.00 0.00 0.00 34.72 -2.43 35.35 -2.63 0.00 0.00 0.00 0.00
16 0.00 0.00 0.00 0.00 34.71 -1.68 35.27 -2.55 0.00 0.00 0.00 0.00
16 0.00 0.00 0.00 0.00 35.89 -1.31 35.39 -2.40 0.00 0.00 0.00 0.00
16 0.00 0.00 0.00 0.00 35.10 -0.93 35.35 -2.25 0.00 0.00 0.00 0.00
16 0.00 0.00 0.00 0.00 35.10 -0.93 35.31 -2.03 0.00 0.00 0.00 0.00
16 0.00 0.00 0.00 0.00 35.09 -0.55 35.30 -1.80 0.00 0.00 0.00 0.00
16 0.00 0.00 0.00 0.00 35.48 -0.17 35.30 -1.53 0.00 0.00 0.00 0.00
16 0.00 0.00 0.00 0.00 35.08 1.72 35.26 -1.12 0.00 0.00 0.00 0.00
16 0.00 0.00 0.00 0.00 34.68 2.85 35.17 -0.55 0.00 0.00 0.00 0.00
16 0.00 0.00 0.00 0.00 34.28 3.61 35.01 0.02 0.00 0.00 0.00 0.00
16 0.00 0.00 0.00 0.00 33.88 4.36 34.93 0.70 0.00 0.00 0.00 0.00
16 0.00 0.00 0.00 0.00 34.27 5.12 34.89 1.38 0.00 0.00 0.00 0.00
16 0.00 0.00 0.00 0.00 34.27 5.87 34.72 2.10 0.00 0.00 0.00 0.00
16 0.00 0.00 0.00 0.00 32.70 7.00 34.48 2.89 0.00 0.00 0.00 0.00
16 0.00 0.00 0.00 0.00 32.71 8.13 34.25 3.79 0.00 0.00 0.00 0.00
16 0.00 0.00 0.00 0.00 31.93 8.88 33.93 4.74 0.00 0.00 0.00 0.00
16 0.00 0.00 0.00 0.00 31.93 9.63 33.57 5.72 0.00 0.00 0.00 0.00
16 0.00 0.00 0.00 0.00 33.10 10.39 33.38 6.58 0.00 0.00 0.00 0.00
16 0.00 0.00 0.00 0.00 32.72 12.27 33.18 7.52 0.00 0.00 0.00 0.00
16 0.00 0.00 0.00 0.00 31.56 13.39 32.91 8.50 0.00 0.00 0.00 0.00
16 0.00 0.00 0.00 0.00 31.17 13.76 32.64 9.44 0.00 0.00 0.00 0.00
16 0.00 0.00 0.00 0.00 30.79 14.89 32.29 10.42 0.00 0.00 0.00 0.00
16 0.00 0.00 0.00 0.00 30.80 15.26 31.94 11.36 0.00 0.00 0.00 0.00
16 0.00 0.00 0.00 0.00 30.04 17.14 31.67 12.37 0.00 0.00 0.00 0.00
16 0.00 0.00 0.00 0.00 30.82 17.52 31.49 13.31 0.00 0.00 0.00 0.00
16 0.00 0.00 0.00 0.00 30.46 19.41 31.34 14.36 0.00 0.00 0.00 0.00
16 0.00 0.00 0.00 0.00 30.48 21.30 31.19 15.53 0.00 0.00 0.00 0.00
16 0.00 0.00 0.00 0.00 29.68 19.78 30.85 16.47 0.00 0.00 0.00 0.00
16 0.00 0.00 0.00 0.00 29.69 20.53 30.55 17.30 0.00 0.00 0.00 0.00
16 0.00 0.00 0.00 0.00 29.32 21.28 30.33 18.09 0.00 0.00 0.00 0.00
16 0.00 0.00 0.00 0.00 29.36 23.56 30.14 19.07 0.00 0.00 0.00 0.00
16 0.00 0.00 0.00 0.00 28.21 24.68 29.89 20.05 0.00 0.00 0.00 0.00
16 0.00 0.00 0.00 0.00 28.61 25.07 29.67 21.03 0.00 0.00 0.00 0.00
16 0.00 0.00 0.00 0.00 29.03 26.98 29.57 22.01 0.00 0.00 0.00 0.00
16 0.00 0.00 0.00 0.00 27.48 26.57 29.23 22.92 0.00 0.00 0.00 0.00
16 0.00 0.00 0.00 0.00 28.29 28.50 29.02 23.83 0.00 0.00 0.00 0.00
16 0.00 0.00 0.00 0.00 26.73 28.08 28.64 24.50 0.00 0.00 0.00 0.00
16 0.00 0.00 0.00 0.00 28.01 33.11 28.47 25.84 0.00 0.00 0.00 0.00
16 0.00 0.00 0.00 0.00 27.19 31.16 28.22 26.90 0.00 0.00 0.00 0.00
16 0.00 0.00 0.00 0.00 27.19 31.16 28.01 27.89 0.00 0.00 0.00 0.00
16 0.00 0.00 0.00 0.00 28.57 40.14 27.93 29.55 0.00 0.00 0.00 0.00
16 0.00 0.00 0.00 0.00 26.92 36.19 27.80 30.70 0.00 0.00 0.00 0.00
16 0.00 0.00 0.00 0.00 26.24 40.08 27.56 32.20 0.00 0.00 0.00 0.00
16 0.00 0.00 0.00 0.00 26.08 33.46 27.27 32.85 0.00 0.00 0.00 0.00
16 0.00 0.00 0.00 0.00 26.54 36.57 27.17 33.85 0.00 0.00 0.00 0.00
16 0.00 0.00 0.00 0.00 26.24 40.08 26.97 35.01 0.00 0.00 0.00 0.00
16 0.00 0.00 0.00 0.00 26.54 36.57 26.95 35.85 0.00 0.00 0.00 0.00
16 0.00 0.00 0.00 0.00 25.73 35.00 26.72 36.04 0.00 0.00 0.00 0.00
16 0.00 0.00 0.00 0.00 26.27 41.26 26.63 37.05 0.00 0.00 0.00 0.00
16 0.00 0.00 0.00 0.00 26.65 40.88 26.58 38.02 0.00 0.00 0.00 0.00
16 0.00 0.00 0.00 0.00 25.81 38.51 26.30 37.86 0.00 0.00 0.00 0.00
16 0.00 0.00 0.00 0.00 29.04 43.30 26.51 38.57 0.00 0.00 0.00 0.00
16 0.00 0.00 0.00 0.00 25.74 35.39 26.46 38.10 0.00 0.00 0.00 0.00
16 0.00 0.00 0.00 0.00 27.08 42.46 26.56 39.00 0.00 0.00 0.00 0.00
16 0.00 0.00 0.00 0.00 25.86 40.47 26.49 39.39 0.00 0.00 0.00 0.00
16 0.00 0.00 0.00 0.00 25.30 33.44 26.40 38.73 0.00 0.00 0.00 0.00
16 0.00 0.00 0.00 0.00 27.03 40.50 26.45 39.12 0.00 0.00 0.00 0.00
16 0.00 0.00 0.00 0.00 25.81 38.51 26.46 39.47 0.00 0.00 0.00 0.00
16 0.00 0.00 0.00 0.00 26.04 31.91 26.44 38.54 0.00 0.00 0.00 0.00
16 0.00 0.00 0.00 0.00 26.02 30.75 26.37 37.52 0.00 0.00 0.00 0.00
16 0.00 0.00 0.00 0.00 26.38 29.61 26.43 36.63 0.00 0.00 0.00 0.00
16 0.00 0.00 0.00 0.00 27.62 33.10 26.29 35.61 0.00 0.00 0.00 0.00
16 0.00 0.00 0.00 0.00 27.14 29.24 26.43 35.00 0.00 0.00 0.00 0.00
16 0.00 0.00 0.00 0.00 27.58 31.56 26.48 33.91 0.00 0.00 0.00 0.00
16 0.00 0.00 0.00 0.00 27.95 30.80 26.69 32.94 0.00 0.00 0.00 0.00
16 0.00 0.00 0.00 0.00 29.49 30.06 27.11 32.60 0.00 0.00 0.00 0.00
16 0.00 0.00 0.00 0.00 27.05 24.28 27.11 30.98 0.00 0.00 0.00 0.00
16 0.00 0.00 0.00 0.00 27.80 23.15 27.31 29.45 0.00 0.00 0.00 0.00
16 0.00 0.00 0.00 0.00 28.18 22.78 27.52 28.53 0.00 0.00 0.00 0.00
16 0.00 0.00 0.00 0.00 30.90 22.83 28.01 27.74 0.00 0.00 0.00 0.00
16 0.00 0.00 0.00 0.00 29.68 19.78 28.34 26.76 0.00 0.00 0.00 0.00
16 0.00 0.00 0.00 0.00 30.07 19.40 28.58 25.39 0.00 0.00 0.00 0.00
16 0.00 0.00 0.00 0.00 30.06 18.65 28.88 24.33 0.00 0.00 0.00 0.00
16 0.00 0.00 0.00 0.00 30.42 16.77 29.16 22.85 0.00 0.00 0.00 0.00
16 0.00 0.00 0.00 0.00 31.19 16.02 29.48 21.37 0.00 0.00 0.00 0.00
16 0.00 0.00 0.00 0.00 30.79 14.89 29.61 19.85 0.00 0.00 0.00 0.00
16 0.00 0.00 0.00 0.00 31.95 14.14 30.10 18.84 0.00 0.00 0.00 0.00
16 0.00 0.00 0.00 0.00 31.16 12.26 30.44 17.75 0.00 0.00 0.00 0.00
16 0.00 0.00 0.00 0.00 31.94 11.51 30.82 16.62 0.00 0.00 0.00 0.00
16 0.00 0.00 0.00 0.00 31.54 9.25 30.88 15.27 0.00 0.00 0.00 0.00
16 0.00 0.00 0.00 0.00 32.32 9.25 31.14 14.21 0.00 0.00 0.00 0.00
16 0.00 0.00 0.00 0.00 31.92 8.13 31.33 13.09 0.00 0.00 0.00 0.00
16 0.00 0.00 0.00 0.00 31.92 7.38 31.52 11.96 0.00 0.00 0.00 0.00
16 0.00 0.00 0.00 0.00 32.31 5.87 31.71 10.87 0.00 0.00 0.00 0.00
16 0.00 0.00 0.00 0.00 32.32 5.50 31.82 9.82 0.00 0.00 0.00 0.00
16 0.00 0.00 0.00 0.00 31.54 4.37 31.89 8.77 0.00 0.00 0.00 0.00
16 0.00 0.00 0.00 0.00 33.10 3.61 32.01 7.71 0.00 0.00 0.00 0.00
16 0.00 0.00 0.00 0.00 33.11 2.49 32.20 6.74 0.00 0.00 0.00 0.00
16 0.00 0.00 0.00 0.00 32.33 1.36 32.24 5.72 0.00 0.00 0.00 0.00
16 0.00 0.00 0.00 0.00 31.95 -0.14 32.28 4.78 0.00 0.00 0.00 0.00
16 0.00 0.00 0.00 0.00 33.13 -0.53 32.36 3.80 0.00 0.00 0.00 0.00
16 0.00 0.00 0.00 0.00 31.96 -0.52 32.37 2.94 0.00 0.00 0.00 0.00
16 0.00 0.00 0.00 0.00 32.36 -1.28 32.41 2.07 0.00 0.00 0.00 0.00
16 0.00 0.00 0.00 0.00 33.14 -1.66 32.49 1.32 0.00 0.00 0.00 0.00
16 0.00 0.00 0.00 0.00 32.76 -2.41 32.54 0.53 0.00 0.00 0.00 0.00
16 0.00 0.00 0.00 0.00 32.75 -2.04 32.66 -0.11 0.00 0.00 0.00 0.00
16 0.00 0.00 0.00 0.00 32.37 -2.79 32.59 -0.75 0.00 0.00 0.00 0.00
16 0.00 0.00 0.00 0.00 32.39 -3.92 32.51 -1.39 0.00 0.00 0.00 0.00
16 0.00 0.00 0.00 0.00 33.57 -4.31 32.64 -1.96 0.00 0.00 0.00 0.00
16 0.00 0.00 0.00 0.00 33.17 -4.31 32.76 -2.38 0.00 0.00 0.00 0.00
16 0.00 0.00 0.00 0.00 33.17 -4.31 32.76 -2.75 0.00 0.00 0.00 0.00
16 0.00 0.00 0.00 0.00 33.57 -4.69 32.93 -3.17 0.00 0.00 0.00 0.00
16 0.00 0.00 0.00 0.00 33.18 -5.07 33.01 -3.55 0.00 0.00 0.00 0.00
16 0.00 0.00 0.00 0.00 33.97 -5.08 33.09 -3.89 0.00 0.00 0.00 0.00
16 0.00 0.00 0.00 0.00 33.58 -5.07 33.17 -4.16 0.00 0.00 0.00 0.00
16 0.00 0.00 0.00 0.00 34.37 -5.46 33.33 -4.50 0.00 0.00 0.00 0.00
16 0.00 0.00 0.00 0.00 33.58 -5.07 33.45 -4.73 0.00 0.00 0.00 0.00
16 0.00 0.00 0.00 0.00 33.97 -5.08 33.61 -4.85 0.00 0.00 0.00 0.00
16 0.00 0.00 0.00 0.00 33.19 -5.45 33.57 -4.96 0.00 0.00 0.00 0.00
16 0.00 0.00 0.00 0.00 33.97 -5.46 33.65 -5.07 0.00 0.00 0.00 0.00
16 0.00 0.00 0.00 0.00 33.97 -5.08 33.73 -5.15 0.00 0.00 0.00 0.00
16 0.00 0.00 0.00 0.00 33.97 -5.08 33.77 -5.19 0.00 0.00 0.00 0.00
16 0.00 0.00 0.00 0.00 33.18 -5.07 33.77 -5.19 0.00 0.00 0.00 0.00
16 0.00 0.00 0.00 0.00 33.57 -4.31 33.73 -5.11 0.00 0.00 0.00 0.00
16 0.00 0.00 0.00 0.00 35.13 -3.58 33.89 -4.96 0.00 0.00 0.00 0.00
16 0.00 0.00 0.00 0.00 34.34 -3.19 33.89 -4.74 0.00 0.00 0.00 0.00
16 0.00 0.00 0.00 0.00 33.16 -3.17 33.84 -4.55 0.00 0.00 0.00 0.00
16 0.00 0.00 0.00 0.00 34.33 -2.81 33.88 -4.32 0.00 0.00 0.00 0.00
16 0.00 0.00 0.00 0.00 33.15 -2.04 33.88 -3.98 0.00 0.00 0.00 0.00
16 0.00 0.00 0.00 0.00 33.93 -1.67 33.87 -3.60 0.00 0.00 0.00 0.00
16 0.00 0.00 0.00 0.00 34.31 -0.92 33.91 -3.18 0.00 0.00 0.00 0.00
16 0.00 0.00 0.00 0.00 33.13 -0.91 33.82 -2.77 0.00 0.00 0.00 0.00
16 0.00 0.00 0.00 0.00 33.52 -0.53 33.86 -2.31 0.00 0.00 0.00 0.00
16 0.00 0.00 0.00 0.00 31.95 -0.14 33.69 -1.90 0.00 0.00 0.00 0.00
16 0.00 0.00 0.00 0.00 31.55 2.12 33.34 -1.33 0.00 0.00 0.00 0.00
16 0.00 0.00 0.00 0.00 32.72 2.86 33.17 -0.72 0.00 0.00 0.00 0.00
16 0.00 0.00 0.00 0.00 33.49 3.61 33.21 -0.04 0.00 0.00 0.00 0.00
16 0.00 0.00 0.00 0.00 32.32 3.99 33.01 0.64 0.00 0.00 0.00 0.00
16 0.00 0.00 0.00 0.00 33.10 4.37 33.00 1.28 0.00 0.00 0.00 0.00
16 0.00 0.00 0.00 0.00 33.88 5.12 33.00 1.96 0.00 0.00 0.00 0.00
16 0.00 0.00 0.00 0.00 33.88 6.25 32.96 2.67 0.00 0.00 0.00 0.00
16 0.00 0.00 0.00 0.00 32.31 7.38 32.87 3.50 0.00 0.00 0.00 0.00
16 0.00 0.00 0.00 0.00 33.10 8.50 32.83 4.41 0.00 0.00 0.00 0.00
16 0.00 0.00 0.00 0.00 32.32 8.88 32.87 5.31 0.00 0.00 0.00 0.00
16 0.00 0.00 0.00 0.00 33.49 10.01 33.06 6.10 0.00 0.00 0.00 0.00
16 0.00 0.00 0.00 0.00 33.10 10.39 33.10 6.85 0.00 0.00 0.00 0.00
16 0.00 0.00 0.00 0.00 32.32 11.13 32.98 7.60 0.00 0.00 0.00 0.00
16 0.00 0.00 0.00 0.00 31.96 14.52 32.95 8.65 0.00 0.00 0.00 0.00
16 0.00 0.00 0.00 0.00 31.57 14.89 32.79 9.71 0.00 0.00 0.00 0.00
16 0.00 0.00 0.00 0.00 31.96 15.27 32.60 10.72 0.00 0.00 0.00 0.00
16 0.00 0.00 0.00 0.00 31.19 16.02 32.33 11.70 0.00 0.00 0.00 0.00
16 0.00 0.00 0.00 0.00 30.81 16.39 32.18 12.60 0.00 0.00 0.00 0.00
16 0.00 0.00 0.00 0.00 31.21 17.15 31.99 13.47 0.00 0.00 0.00 0.00
16 0.00 0.00 0.00 0.00 30.47 20.16 31.81 14.59 0.00 0.00 0.00 0.00
16 0.00 0.00 0.00 0.00 29.69 20.53 31.43 15.65 0.00 0.00 0.00 0.00
16 0.00 0.00 0.00 0.00 30.47 20.16 31.17 16.62 0.00 0.00 0.00 0.00
16 0.00 0.00 0.00 0.00 29.71 21.29 30.90 17.64 0.00 0.00 0.00 0.00
16 0.00 0.00 0.00 0.00 28.94 22.04 30.60 18.39 0.00 0.00 0.00 0.00
16 0.00 0.00 0.00 0.00 30.15 24.33 30.46 19.34 0.00 0.00 0.00 0.00
16 0.00 0.00 0.00 0.00 30.11 22.05 30.27 20.01 0.00 0.00 0.00 0.00
16 0.00 0.00 0.00 0.00 28.97 23.55 30.05 20.77 0.00 0.00 0.00 0.00
16 0.00 0.00 0.00 0.00 28.96 23.17 29.87 21.45 0.00 0.00 0.00 0.00
16 0.00 0.00 0.00 0.00 28.59 24.31 29.61 22.16 0.00 0.00 0.00 0.00
16 0.00 0.00 0.00 0.00 29.77 24.71 29.54 22.62 0.00 0.00 0.00 0.00
16 0.00 0.00 0.00 0.00 30.14 23.95 29.58 22.96 0.00 0.00 0.00 0.00
16 0.00 0.00 0.00 0.00 32.11 24.75 29.74 23.42 0.00 0.00 0.00 0.00
16 0.00 0.00 0.00 0.00 29.76 24.33 29.75 23.72 0.00 0.00 0.00 0.00
16 0.00 0.00 0.00 0.00 28.16 21.27 29.67 23.64 0.00 0.00 0.00 0.00
16 0.00 0.00 0.00 0.00 30.10 21.67 29.67 23.38 0.00 0.00 0.00 0.00
16 0.00 0.00 0.00 0.00 30.48 21.30 29.70 23.30 0.00 0.00 0.00 0.00
16 0.00 0.00 0.00 0.00 28.13 19.75 29.62 22.92 0.00 0.00 0.00 0.00
16 0.00 0.00 0.00 0.00 30.06 19.02 29.73 22.51 0.00 0.00 0.00 0.00
16 0.00 0.00 0.00 0.00 31.59 17.16 30.03 21.79 0.00 0.00 0.00 0.00
16 0.00 0.00 0.00 0.00 31.98 16.78 30.25 21.00 0.00 0.00 0.00 0.00
16 0.00 0.00 0.00 0.00 32.37 16.79 30.47 20.28 0.00 0.00 0.00 0.00
16 0.00 0.00 0.00 0.00 33.54 16.04 30.62 19.41 0.00 0.00 0.00 0.00
16 0.00 0.00 0.00 0.00 33.12 13.78 30.95 18.36 0.00 0.00 0.00 0.00
16 0.00 0.00 0.00 0.00 33.12 13.40 31.45 17.57 0.00 0.00 0.00 0.00
16 0.00 0.00 0.00 0.00 33.51 13.40 31.79 16.74 0.00 0.00 0.00 0.00
16 0.00 0.00 0.00 0.00 33.11 12.27 32.06 15.84 0.00 0.00 0.00 0.00
16 0.00 0.00 0.00 0.00 32.32 10.01 32.47 14.86 0.00 0.00 0.00 0.00
16 0.00 0.00 0.00 0.00 32.71 9.63 32.74 13.92 0.00 0.00 0.00 0.00
16 0.00 0.00 0.00 0.00 34.27 8.88 33.01 13.10 0.00 0.00 0.00 0.00
16 0.00 0.00 0.00 0.00 34.27 7.75 33.24 12.19 0.00 0.00 0.00 0.00
16 0.00 0.00 0.00 0.00 34.27 7.00 33.43 11.22 0.00 0.00 0.00 0.00
16 0.00 0.00 0.00 0.00 34.27 6.25 33.50 10.24 0.00 0.00 0.00 0.00
16 0.00 0.00 0.00 0.00 33.88 5.49 33.57 9.41 0.00 0.00 0.00 0.00
16 0.00 0.00 0.00 0.00 34.67 4.36 33.73 8.50 0.00 0.00 0.00 0.00
16 0.00 0.00 0.00 0.00 34.28 3.61 33.81 7.53 0.00 0.00 0.00 0.00
16 0.00 0.00 0.00 0.00 35.07 2.85 34.00 6.58 0.00 0.00 0.00 0.00
16 0.00 0.00 0.00 0.00 35.47 2.47 34.32 5.83 0.00 0.00 0.00 0.00
16 0.00 0.00 0.00 0.00 35.48 0.21 34.59 4.89 0.00 0.00 0.00 0.00
16 0.00 0.00 0.00 0.00 35.88 0.20 34.75 4.02 0.00 0.00 0.00 0.00
16 0.00 0.00 0.00 0.00 36.28 -0.56 34.95 3.19 0.00 0.00 0.00 0.00
16 0.00 0.00 0.00 0.00 35.49 -0.93 35.08 2.40 0.00 0.00 0.00 0.00
16 0.00 0.00 0.00 0.00 35.89 -0.93 35.24 1.68 0.00 0.00 0.00 0.00
16 0.00 0.00 0.00 0.00 35.50 -1.69 35.40 0.96 0.00 0.00 0.00 0.00
16 0.00 0.00 0.00 0.00 35.11 -1.68 35.44 0.36 0.00 0.00 0.00 0.00
16 0.00 0.00 0.00 0.00 37.08 -2.08 35.72 -0.21 0.00 0.00 0.00 0.00
16 0.00 0.00 0.00 0.00 37.50 -3.61 35.97 -0.86 0.00 0.00 0.00 0.00
16 0.00 0.00 0.00 0.00 35.91 -2.83 36.01 -1.39 0.00 0.00 0.00 0.00
16 0.00 0.00 0.00 0.00 37.10 -3.22 36.17 -1.73 0.00 0.00 0.00 0.00
16 0.00 0.00 0.00 0.00 36.71 -3.98 36.26 -2.15 0.00 0.00 0.00 0.00
16 0.00 0.00 0.00 0.00 35.92 -3.97 36.22 -2.49 0.00 0.00 0.00 0.00
16 0.00 0.00 0.00 0.00 37.50 -3.99 36.42 -2.80 0.00 0.00 0.00 0.00
16 0.00 0.00 0.00 0.00 36.30 -2.83 36.46 -2.99 0.00 0.00 0.00 0.00
16 0.00 0.00 0.00 0.00 36.71 -3.60 36.58 -3.18 0.00 0.00 0.00 0.00
16 0.00 0.00 0.00 0.00 35.91 -3.21 36.66 -3.33 0.00 0.00 0.00 0.00
16 0.00 0.00 0.00 0.00 35.92 -3.59 36.55 -3.48 0.00 0.00 0.00 0.00
16 0.00 0.00 0.00 0.00 35.90 -2.07 36.39 -3.33 0.00 0.00 0.00 0.00
16 0.00 0.00 0.00 0.00 35.89 -1.69 36.39 -3.21 0.00 0.00 0.00 0.00
16 0.00 0.00 0.00 0.00 35.10 -1.30 36.19 -3.02 0.00 0.00 0.00 0.00
16 0.00 0.00 0.00 0.00 35.10 -1.30 36.03 -2.75 0.00 0.00 0.00 0.00
16 0.00 0.00 0.00 0.00 33.91 -0.54 35.83 -2.41 0.00 0.00 0.00 0.00
16 0.00 0.00 0.00 0.00 35.49 -0.55 35.62 -2.07 0.00 0.00 0.00 0.00
16 0.00 0.00 0.00 0.00 35.48 -0.17 35.54 -1.80 0.00 0.00 0.00 0.00
16 0.00 0.00 0.00 0.00 35.48 0.96 35.42 -1.35 0.00 0.00 0.00 0.00
16 0.00 0.00 0.00 0.00 33.89 2.10 35.22 -0.81 0.00 0.00 0.00 0.00
16 0.00 0.00 0.00 0.00 34.28 2.86 35.05 -0.17 0.00 0.00 0.00 0.00
16 0.00 0.00 0.00 0.00 34.67 3.61 34.93 0.40 0.00 0.00 0.00 0.00
16 0.00 0.00 0.00 0.00 34.28 4.36 34.77 1.00 0.00 0.00 0.00 0.00
16 0.00 0.00 0.00 0.00 33.88 5.12 34.65 1.64 0.00 0.00 0.00 0.00
16 0.00 0.00 0.00 0.00 34.67 5.87 34.60 2.36 0.00 0.00 0.00 0.00
16 0.00 0.00 0.00 0.00 33.10 6.25 34.52 3.04 0.00 0.00 0.00 0.00
16 0.00 0.00 0.00 0.00 34.27 7.38 34.40 3.83 0.00 0.00 0.00 0.00
16 0.00 0.00 0.00 0.00 33.88 8.13 34.24 4.66 0.00 0.00 0.00 0.00
16 0.00 0.00 0.00 0.00 33.88 8.88 34.08 5.46 0.00 0.00 0.00 0.00
16 0.00 0.00 0.00 0.00 33.10 9.26 34.00 6.17 0.00 0.00 0.00 0.00
16 0.00 0.00 0.00 0.00 32.71 10.01 33.84 6.89 0.00 0.00 0.00 0.00
16 0.00 0.00 0.00 0.00 32.32 10.38 33.61 7.56 0.00 0.00 0.00 0.00
16 0.00 0.00 0.00 0.00 32.71 10.76 33.45 8.20 0.00 0.00 0.00 0.00
16 0.00 0.00 0.00 0.00 33.11 12.27 33.38 8.92 0.00 0.00 0.00 0.00
16 0.00 0.00 0.00 0.00 32.73 13.77 33.18 9.71 0.00 0.00 0.00 0.00
16 0.00 0.00 0.00 0.00 31.17 13.76 32.99 10.46 0.00 0.00 0.00 0.00
16 0.00 0.00 0.00 0.00 32.35 14.90 32.80 11.21 0.00 0.00 0.00 0.00
16 0.00 0.00 0.00 0.00 31.97 15.65 32.61 11.96 0.00 0.00 0.00 0.00
16 0.00 0.00 0.00 0.00 31.18 15.27 32.34 12.60 0.00 0.00 0.00 0.00
16 0.00 0.00 0.00 0.00 31.19 15.64 32.15 13.24 0.00 0.00 0.00 0.00
16 0.00 0.00 0.00 0.00 30.80 15.64 31.95 13.80 0.00 0.00 0.00 0.00
16 0.00 0.00 0.00 0.00 31.18 15.27 31.84 14.29 0.00 0.00 0.00 0.00
16 0.00 0.00 0.00 0.00 31.59 16.40 31.73 14.86 0.00 0.00 0.00 0.00
16 0.00 0.00 0.00 0.00 31.98 16.78 31.61 15.31 0.00 0.00 0.00 0.00
16 0.00 0.00 0.00 0.00 31.97 16.03 31.54 15.53 0.00 0.00 0.00 0.00
16 0.00 0.00 0.00 0.00 30.41 15.63 31.46 15.72 0.00 0.00 0.00 0.00
16 0.00 0.00 0.00 0.00 30.41 16.01 31.27 15.83 0.00 0.00 0.00 0.00
16 0.00 0.00 0.00 0.00 30.02 15.63 31.07 15.83 0.00 0.00 0.00 0.00
16 0.00 0.00 0.00 0.00 29.64 16.00 30.92 15.90 0.00 0.00 0.00 0.00
16 0.00 0.00 0.00 0.00 31.58 15.65 30.96 15.90 0.00 0.00 0.00 0.00
16 0.00 0.00 0.00 0.00 31.18 14.89 31.00 15.83 0.00 0.00 0.00 0.00
16 0.00 0.00 0.00 0.00 31.95 14.14 31.07 15.72 0.00 0.00 0.00 0.00
16 0.00 0.00 0.00 0.00 30.78 13.38 30.99 15.42 0.00 0.00 0.00 0.00
16 0.00 0.00 0.00 0.00 30.78 13.01 30.87 15.04 0.00 0.00 0.00 0.00
16 0.00 0.00 0.00 0.00 31.93 10.38 30.87 14.47 0.00 0.00 0.00 0.00
16 0.00 0.00 0.00 0.00 31.93 10.38 31.02 13.95 0.00 0.00 0.00 0.00
16 0.00 0.00 0.00 0.00 31.15 9.63 31.09 13.31 0.00 0.00 0.00 0.00
16 0.00 0.00 0.00 0.00 31.54 9.25 31.25 12.67 0.00 0.00 0.00 0.00
16 0.00 0.00 0.00 0.00 32.32 8.50 31.51 11.92 0.00 0.00 0.00 0.00
16 0.00 0.00 0.00 0.00 32.31 7.75 31.59 11.13 0.00 0.00 0.00 0.00
16 0.00 0.00 0.00 0.00 32.70 7.00 31.74 10.34 0.00 0.00 0.00 0.00
16 0.00 0.00 0.00 0.00 32.31 6.62 31.77 9.59 0.00 0.00 0.00 0.00
16 0.00 0.00 0.00 0.00 32.71 5.50 31.97 8.80 0.00 0.00 0.00 0.00
16 0.00 0.00 0.00 0.00 32.71 4.74 32.16 7.98 0.00 0.00 0.00 0.00
16 0.00 0.00 0.00 0.00 33.49 4.37 32.32 7.37 0.00 0.00 0.00 0.00
16 0.00 0.00 0.00 0.00 33.50 3.24 32.47 6.66 0.00 0.00 0.00 0.00
16 0.00 0.00 0.00 0.00 33.11 2.86 32.67 5.98 0.00 0.00 0.00 0.00
16 0.00 0.00 0.00 0.00 33.89 2.48 32.90 5.31 0.00 0.00 0.00 0.00
16 0.00 0.00 0.00 0.00 33.90 1.73 33.06 4.63 0.00 0.00 0.00 0.00
16 0.00 0.00 0.00 0.00 34.70 -0.17 33.30 3.84 0.00 0.00 0.00 0.00
16 0.00 0.00 0.00 0.00 34.70 -0.54 33.50 3.08 0.00 0.00 0.00 0.00
16 0.00 0.00 0.00 0.00 34.70 -0.92 33.74 2.33 0.00 0.00 0.00 0.00
16 0.00 0.00 0.00 0.00 33.53 -0.91 33.82 1.69 0.00 0.00 0.00 0.00
16 0.00 0.00 0.00 0.00 34.71 -1.30 34.02 1.08 0.00 0.00 0.00 0.00
16 0.00 0.00 0.00 0.00 35.50 -1.69 34.22 0.48 0.00 0.00 0.00 0.00
16 0.00 0.00 0.00 0.00 34.71 -1.68 34.34 -0.01 0.00 0.00 0.00 0.00
16 0.00 0.00 0.00 0.00 35.50 -1.69 34.58 -0.47 0.00 0.00 0.00 0.00
16 0.00 0.00 0.00 0.00 35.50 -1.69 34.74 -0.89 0.00 0.00 0.00 0.00
16 0.00 0.00 0.00 0.00 35.11 -2.06 34.87 -1.26 0.00 0.00 0.00 0.00
16 0.00 0.00 0.00 0.00 35.50 -2.06 34.95 -1.45 0.00 0.00 0.00 0.00
16 0.00 0.00 0.00 0.00 35.11 -1.68 34.99 -1.57 0.00 0.00 0.00 0.00
16 0.00 0.00 0.00 0.00 35.50 -2.06 35.07 -1.68 0.00 0.00 0.00 0.00
16 0.00 0.00 0.00 0.00 35.10 -1.30 35.22 -1.72 0.00 0.00 0.00 0.00
16 0.00 0.00 0.00 0.00 35.10 -1.30 35.26 -1.72 0.00 0.00 0.00 0.00
16 0.00 0.00 0.00 0.00 35.50 -1.31 35.26 -1.68 0.00 0.00 0.00 0.00
16 0.00 0.00 0.00 0.00 35.10 -0.93 35.30 -1.61 0.00 0.00 0.00 0.00
16 0.00 0.00 0.00 0.00 34.70 -0.92 35.22 -1.53 0.00 0.00 0.00 0.00
16 0.00 0.00 0.00 0.00 34.70 -0.92 35.14 -1.46 0.00 0.00 0.00 0.00
16 0.00 0.00 0.00 0.00 34.30 -0.16 35.06 -1.27 0.00 0.00 0.00 0.00
16 0.00 0.00 0.00 0.00 33.91 0.22 34.90 -1.04 0.00 0.00 0.00 0.00
16 0.00 0.00 0.00 0.00 32.72 2.11 34.66 -0.66 0.00 0.00 0.00 0.00
16 0.00 0.00 0.00 0.00 31.15 2.87 34.23 -0.16 0.00 0.00 0.00 0.00
16 0.00 0.00 0.00 0.00 29.99 3.25 33.72 0.29 0.00 0.00 0.00 0.00
16 0.00 0.00 0.00 0.00 28.82 4.01 33.09 0.82 0.00 0.00 0.00 0.00
16 0.00 0.00 0.00 0.00 27.66 5.88 32.31 1.54 0.00 0.00 0.00 0.00
16 0.00 0.00 0.00 0.00 25.35 6.63 31.33 2.30 0.00 0.00 0.00 0.00
16 0.00 0.00 0.00 0.00 23.44 7.37 30.21 3.13 0.00 0.00 0.00 0.00
16 0.00 0.00 0.00 0.00 22.30 8.86 28.97 4.10 0.00 0.00 0.00 0.00
16 0.00 0.00 0.00 0.00 20.79 9.60 27.61 5.08 0.00 0.00 0.00 0.00
16 0.00 0.00 0.00 0.00 19.28 9.97 26.15 6.05 0.00 0.00 0.00 0.00
16 0.00 0.00 0.00 0.00 18.15 10.70 24.69 6.91 0.00 0.00 0.00 0.00
16 0.00 0.00 0.00 0.00 18.53 11.08 23.43 7.73 0.00 0.00 0.00 0.00
16 0.00 0.00 0.00 0.00 17.41 11.81 22.17 8.59 0.00 0.00 0.00 0.00
16 0.00 0.00 0.00 0.00 15.16 11.81 20.81 9.37 0.00 0.00 0.00 0.00
16 0.00 0.00 0.00 0.00 15.91 12.18 19.63 10.00 0.00 0.00 0.00 0.00
16 0.00 0.00 0.00 0.00 15.54 12.55 18.65 10.59 0.00 0.00 0.00 0.00
16 0.00 0.00 0.00 0.00 15.54 12.92 17.86 11.15 0.00 0.00 0.00 0.00
16 0.00 0.00 0.00 0.00 14.79 12.18 17.11 11.48 0.00 0.00 0.00 0.00
16 0.00 0.00 0.00 0.00 14.41 11.80 16.47 11.70 0.00 0.00 0.00 0.00
16 0.00 0.00 0.00 0.00 14.42 12.54 15.98 11.96 0.00 0.00 0.00 0.00
16 0.00 0.00 0.00 0.00 12.18 12.17 15.39 12.10 0.00 0.00 0.00 0.00
16 0.00 0.00 0.00 0.00 14.04 12.17 14.94 12.21 0.00 0.00 0.00 0.00
16 0.00 0.00 0.00 0.00 12.19 13.65 14.42 12.40 0.00 0.00 0.00 0.00
16 0.00 0.00 0.00 0.00 11.44 13.27 14.04 12.54 0.00 0.00 0.00 0.00
16 0.00 0.00 0.00 0.00 12.56 14.76 13.71 12.80 0.00 0.00 0.00 0.00
16 0.00 0.00 0.00 0.00 10.33 14.38 13.19 12.98 0.00 0.00 0.00 0.00
16 0.00 0.00 0.00 0.00 8.85 14.74 12.52 13.17 0.00 0.00 0.00 0.00
16 0.00 0.00 0.00 0.00 8.85 15.85 11.93 13.53 0.00 0.00 0.00 0.00
16 0.00 0.00 0.00 0.00 8.11 14.74 11.30 13.83 0.00 0.00 0.00 0.00
16 0.00 0.00 0.00 0.00 7.38 16.59 10.59 14.23 0.00 0.00 0.00 0.00
16 0.00 0.00 0.00 0.00 7.01 16.96 10.08 14.71 0.00 0.00 0.00 0.00
16 0.00 0.00 0.00 0.00 7.01 17.33 9.37 15.23 0.00 0.00 0.00 0.00
16 0.00 0.00 0.00 0.00 7.01 16.96 8.86 15.56 0.00 0.00 0.00 0.00
16 0.00 0.00 0.00 0.00 7.38 16.22 8.45 15.85 0.00 0.00 0.00 0.00
16 0.00 0.00 0.00 0.00 7.38 16.59 7.93 16.04 0.00 0.00 0.00 0.00
16 0.00 0.00 0.00 0.00 7.75 16.59 7.67 16.26 0.00 0.00 0.00 0.00
16 0.00 0.00 0.00 0.00 8.12 17.33 7.60 16.52 0.00 0.00 0.00 0.00
16 0.00 0.00 0.00 0.00 9.23 16.60 7.64 16.59 0.00 0.00 0.00 0.00
16 0.00 0.00 0.00 0.00 10.34 16.23 7.86 16.74 0.00 0.00 0.00 0.00
16 0.00 0.00 0.00 0.00 11.46 16.98 8.27 16.78 0.00 0.00 0.00 0.00
16 0.00 0.00 0.00 0.00 12.20 16.98 8.79 16.78 0.00 0.00 0.00 0.00
16 0.00 0.00 0.00 0.00 12.94 16.24 9.38 16.67 0.00 0.00 0.00 0.00
16 0.00 0.00 0.00 0.00 14.44 16.62 10.12 16.64 0.00 0.00 0.00 0.00
16 0.00 0.00 0.00 0.00 16.67 15.52 11.05 16.57 0.00 0.00 0.00 0.00
16 0.00 0.00 0.00 0.00 17.06 17.01 12.02 16.61 0.00 0.00 0.00 0.00
16 0.00 0.00 0.00 0.00 18.55 15.53 13.10 16.51 0.00 0.00 0.00 0.00
16 0.00 0.00 0.00 0.00 19.69 16.66 14.26 16.44 0.00 0.00 0.00 0.00
16 0.00 0.00 0.00 0.00 21.58 15.56 15.49 16.33 0.00 0.00 0.00 0.00
16 0.00 0.00 0.00 0.00 23.87 16.32 16.85 16.34 0.00 0.00 0.00 0.00
16 0.00 0.00 0.00 0.00 25.01 15.96 18.20 16.24 0.00 0.00 0.00 0.00
16 0.00 0.00 0.00 0.00 25.78 15.59 19.56 16.10 0.00 0.00 0.00 0.00
16 0.00 0.00 0.00 0.00 27.31 15.61 21.00 16.04 0.00 0.00 0.00 0.00
16 0.00 0.00 0.00 0.00 28.46 14.49 22.40 15.83 0.00 0.00 0.00 0.00
16 0.00 0.00 0.00 0.00 29.63 15.63 23.70 15.84 0.00 0.00 0.00 0.00
16 0.00 0.00 0.00 0.00 31.17 13.76 25.11 15.51 0.00 0.00 0.00 0.00
16 0.00 0.00 0.00 0.00 31.97 15.65 26.45 15.52 0.00 0.00 0.00 0.00
16 0.00 0.00 0.00 0.00 33.13 14.91 27.79 15.35 0.00 0.00 0.00 0.00
16 0.00 0.00 0.00 0.00 35.50 15.31 29.18 15.32 0.00 0.00 0.00 0.00
16 0.00 0.00 0.00 0.00 36.28 14.56 30.42 15.15 0.00 0.00 0.00 0.00
16 0.00 0.00 0.00 0.00 37.47 14.95 31.67 15.04 0.00 0.00 0.00 0.00
16 0.00 0.00 0.00 0.00 40.26 15.74 33.12 15.06 0.00 0.00 0.00 0.00
16 0.00 0.00 0.00 0.00 41.07 16.51 34.49 15.15 0.00 0.00 0.00 0.00
16 0.00 0.00 0.00 0.00 41.45 15.37 35.79 15.24 0.00 0.00 0.00 0.00
16 0.00 0.00 0.00 0.00 44.70 18.84 37.30 15.56 0.00 0.00 0.00 0.00
16 0.00 0.00 0.00 0.00 44.68 17.69 38.65 15.95 0.00 0.00 0.00 0.00
16 0.00 0.00 0.00 0.00 44.69 18.46 39.92 16.23 0.00 0.00 0.00 0.00
16 0.00 0.00 0.00 0.00 44.25 14.63 41.03 16.20 0.00 0.00 0.00 0.00
16 0.00 0.00 0.00 0.00 49.95 20.06 42.48 16.68 0.00 0.00 0.00 0.00
16 0.00 0.00 0.00 0.00 48.32 18.89 43.68 17.11 0.00 0.00 0.00 0.00
16 0.00 0.00 0.00 0.00 50.35 20.07 44.97 17.63 0.00 0.00 0.00 0.00
16 0.00 0.00 0.00 0.00 50.75 20.07 46.02 18.06 0.00 0.00 0.00 0.00
16 0.00 0.00 0.00 0.00 52.76 20.09 47.19 18.42 0.00 0.00 0.00 0.00
16 0.00 0.00 0.00 0.00 51.55 19.70 48.20 18.85 0.00 0.00 0.00 0.00
16 0.00 0.00 0.00 0.00 51.96 20.09 48.93 18.97 0.00 0.00 0.00 0.00
16 0.00 0.00 0.00 0.00 50.35 20.07 49.49 19.21 0.00 0.00 0.00 0.00
16 0.00 0.00 0.00 0.00 47.52 19.65 49.78 19.33 0.00 0.00 0.00 0.00
16 0.00 0.00 0.00 0.00 42.67 16.52 49.62 19.52 0.00 0.00 0.00 0.00
16 0.00 0.00 0.00 0.00 41.49 18.42 48.77 19.36 0.00 0.00 0.00 0.00
16 0.00 0.00 0.00 0.00 39.10 18.77 47.85 19.34 0.00 0.00 0.00 0.00
16 0.00 0.00 0.00 0.00 36.30 16.45 46.44 18.98 0.00 0.00 0.00 0.00
16 0.00 0.00 0.00 0.00 34.34 17.57 44.80 18.73 0.00 0.00 0.00 0.00
16 0.00 0.00 0.00 0.00 32.84 22.10 42.81 18.93 0.00 0.00 0.00 0.00
16 0.00 0.00 0.00 0.00 29.65 17.13 40.62 18.68 0.00 0.00 0.00 0.00
16 0.00 0.00 0.00 0.00 27.34 17.86 38.16 18.45 0.00 0.00 0.00 0.00
16 0.00 0.00 0.00 0.00 25.03 17.83 35.63 18.23 0.00 0.00 0.00 0.00
16 0.00 0.00 0.00 0.00 24.66 18.58 33.34 18.12 0.00 0.00 0.00 0.00
16 0.00 0.00 0.00 0.00 22.74 17.81 31.35 18.25 0.00 0.00 0.00 0.00
16 0.00 0.00 0.00 0.00 21.60 18.17 29.36 18.23 0.00 0.00 0.00 0.00
16 0.00 0.00 0.00 0.00 20.09 18.91 27.46 18.24 0.00 0.00 0.00 0.00
16 0.00 0.00 0.00 0.00 20.12 21.53 25.84 18.75 0.00 0.00 0.00 0.00
16 0.00 0.00 0.00 0.00 17.87 23.01 24.19 19.29 0.00 0.00 0.00 0.00
16 0.00 0.00 0.00 0.00 16.33 19.25 22.54 19.01 0.00 0.00 0.00 0.00
16 0.00 0.00 0.00 0.00 15.98 21.86 21.18 19.48 0.00 0.00 0.00 0.00
16 0.00 0.00 0.00 0.00 15.23 22.23 19.97 19.92 0.00 0.00 0.00 0.00
16 0.00 0.00 0.00 0.00 13.70 18.11 18.83 19.95 0.00 0.00 0.00 0.00
16 0.00 0.00 0.00 0.00 13.34 20.34 17.70 20.12 0.00 0.00 0.00 0.00
16 0.00 0.00 0.00 0.00 12.59 19.59 16.69 20.30 0.00 0.00 0.00 0.00
16 0.00 0.00 0.00 0.00 11.84 19.21 15.71 20.40 0.00 0.00 0.00 0.00
16 0.00 0.00 0.00 0.00 10.73 19.58 14.77 20.47 0.00 0.00 0.00 0.00
16 0.00 0.00 0.00 0.00 9.61 18.08 13.72 20.13 0.00 0.00 0.00 0.00
16 0.00 0.00 0.00 0.00 8.14 21.05 12.75 19.93 0.00 0.00 0.00 0.00
16 0.00 0.00 0.00 0.00 8.50 20.31 11.96 20.04 0.00 0.00 0.00 0.00
16 0.00 0.00 0.00 0.00 7.03 22.17 11.07 20.07 0.00 0.00 0.00 0.00
16 0.00 0.00 0.00 0.00 6.29 22.54 10.18 20.10 0.00 0.00 0.00 0.00
16 0.00 0.00 0.00 0.00 5.92 22.54 9.40 20.54 0.00 0.00 0.00 0.00
16 0.00 0.00 0.00 0.00 5.91 20.30 8.66 20.54 0.00 0.00 0.00 0.00
16 0.00 0.00 0.00 0.00 4.81 23.66 7.88 20.94 0.00 0.00 0.00 0.00
16 0.00 0.00 0.00 0.00 3.70 22.16 7.06 21.24 0.00 0.00 0.00 0.00
16 0.00 0.00 0.00 0.00 4.44 24.03 6.43 21.68 0.00 0.00 0.00 0.00
16 0.00 0.00 0.00 0.00 2.96 23.65 5.77 22.24 0.00 0.00 0.00 0.00
16 0.00 0.00 0.00 0.00 2.58 20.66 5.21 22.20 0.00 0.00 0.00 0.00
16 0.00 0.00 0.00 0.00 1.85 23.65 4.55 22.53 0.00 0.00 0.00 0.00
16 0.00 0.00 0.00 0.00 1.85 23.65 4.03 22.68 0.00 0.00 0.00 0.00
16 0.00 0.00 0.00 0.00 1.48 23.27 3.55 22.76 0.00 0.00 0.00 0.00
16 0.00 0.00 0.00 0.00 1.48 22.53 3.11 22.76 0.00 0.00 0.00 0.00
16 0.00 0.00 0.00 0.00 2.22 21.41 2.74 22.87 0.00 0.00 0.00 0.00
16 0.00 0.00 0.00 0.00 2.95 20.29 2.55 22.53 0.00 0.00 0.00 0.00
16 0.00 0.00 0.00 0.00 1.85 23.65 2.37 22.68 0.00 0.00 0.00 0.00
16 0.00 0.00 0.00 0.00 2.58 18.80 2.18 22.16 0.00 0.00 0.00 0.00
16 0.00 0.00 0.00 0.00 2.21 19.55 2.11 21.75 0.00 0.00 0.00 0.00
16 0.00 0.00 0.00 0.00 2.95 18.80 2.14 21.56 0.00 0.00 0.00 0.00
16 0.00 0.00 0.00 0.00 4.44 22.16 2.40 21.41 0.00 0.00 0.00 0.00
16 0.00 0.00 0.00 0.00 4.43 21.41 2.66 21.19 0.00 0.00 0.00 0.00
16 0.00 0.00 0.00 0.00 5.17 20.30 3.03 20.89 0.00 0.00 0.00 0.00
16 0.00 0.00 0.00 0.00 5.91 19.55 3.47 20.59 0.00 0.00 0.00 0.00
16 0.00 0.00 0.00 0.00 6.66 21.42 3.92 20.59 0.00 0.00 0.00 0.00
16 0.00 0.00 0.00 0.00 8.15 23.67 4.44 20.93 0.00 0.00 0.00 0.00
16 0.00 0.00 0.00 0.00 8.88 20.68 5.14 20.64 0.00 0.00 0.00 0.00
16 0.00 0.00 0.00 0.00 9.61 18.83 5.84 20.64 0.00 0.00 0.00 0.00
16 0.00 0.00 0.00 0.00 11.11 21.82 6.73 20.86 0.00 0.00 0.00 0.00
16 0.00 0.00 0.00 0.00 12.21 18.47 7.66 20.83 0.00 0.00 0.00 0.00
16 0.00 0.00 0.00 0.00 13.34 19.59 8.55 20.57 0.00 0.00 0.00 0.00
16 0.00 0.00 0.00 0.00 15.60 21.86 9.66 20.62 0.00 0.00 0.00 0.00
16 0.00 0.00 0.00 0.00 18.24 22.64 10.97 20.85 0.00 0.00 0.00 0.00
16 0.00 0.00 0.00 0.00 18.57 17.77 12.24 20.68 0.00 0.00 0.00 0.00
16 0.00 0.00 0.00 0.00 20.44 15.92 13.62 20.13 0.00 0.00 0.00 0.00
16 0.00 0.00 0.00 0.00 20.06 15.55 14.81 19.31 0.00 0.00 0.00 0.00
16 0.00 0.00 0.00 0.00 21.58 15.56 16.08 18.80 0.00 0.00 0.00 0.00
16 0.00 0.00 0.00 0.00 25.06 20.47 17.62 18.96 0.00 0.00 0.00 0.00
16 0.00 0.00 0.00 0.00 26.16 15.97 19.13 18.38 0.00 0.00 0.00 0.00
16 0.00 0.00 0.00 0.00 26.92 14.85 20.60 18.02 0.00 0.00 0.00 0.00
16 0.00 0.00 0.00 0.00 28.46 13.74 22.11 17.43 0.00 0.00 0.00 0.00
16 0.00 0.00 0.00 0.00 29.23 13.75 23.47 16.62 0.00 0.00 0.00 0.00
16 0.00 0.00 0.00 0.00 31.56 13.76 24.81 15.73 0.00 0.00 0.00 0.00
16 0.00 0.00 0.00 0.00 34.74 18.33 26.42 15.79 0.00 0.00 0.00 0.00
16 0.00 0.00 0.00 0.00 34.29 13.03 27.81 15.50 0.00 0.00 0.00 0.00
16 0.00 0.00 0.00 0.00 38.69 17.62 29.67 15.71 0.00 0.00 0.00 0.00
16 0.00 0.00 0.00 0.00 37.46 13.81 31.26 15.53 0.00 0.00 0.00 0.00
16 0.00 0.00 0.00 0.00 39.44 13.45 32.70 14.83 0.00 0.00 0.00 0.00
16 0.00 0.00 0.00 0.00 40.24 13.83 34.10 14.62 0.00 0.00 0.00 0.00
16 0.00 0.00 0.00 0.00 45.89 17.32 36.00 14.86 0.00 0.00 0.00 0.00
16 0.00 0.00 0.00 0.00 45.47 16.17 37.70 15.11 0.00 0.00 0.00 0.00
16 0.00 0.00 0.00 0.00 47.50 17.73 39.53 15.51 0.00 0.00 0.00 0.00
16 0.00 0.00 0.00 0.00 43.44 13.86 40.72 15.52 0.00 0.00 0.00 0.00
16 0.00 0.00 0.00 0.00 47.09 16.95 41.95 15.38 0.00 0.00 0.00 0.00
16 0.00 0.00 0.00 0.00 48.71 17.35 43.39 15.81 0.00 0.00 0.00 0.00
16 0.00 0.00 0.00 0.00 50.32 17.37 44.55 15.78 0.00 0.00 0.00 0.00
16 0.00 0.00 0.00 0.00 49.12 18.51 45.72 16.26 0.00 0.00 0.00 0.00
16 0.00 0.00 0.00 0.00 43.85 15.01 46.16 16.41 0.00 0.00 0.00 0.00
16 0.00 0.00 0.00 0.00 41.84 14.61 46.32 16.49 0.00 0.00 0.00 0.00
16 0.00 0.00 0.00 0.00 39.84 13.45 45.72 16.10 0.00 0.00 0.00 0.00
16 0.00 0.00 0.00 0.00 39.45 14.21 45.12 15.90 0.00 0.00 0.00 0.00
16 0.00 0.00 0.00 0.00 42.69 18.43 44.63 15.98 0.00 0.00 0.00 0.00
16 0.00 0.00 0.00 0.00 35.09 14.55 43.80 16.04 0.00 0.00 0.00 0.00
16 0.00 0.00 0.00 0.00 33.52 14.53 42.44 15.80 0.00 0.00 0.00 0.00
16 0.00 0.00 0.00 0.00 30.80 15.64 40.65 15.63 0.00 0.00 0.00 0.00
16 0.00 0.00 0.00 0.00 31.61 18.67 38.78 15.76 0.00 0.00 0.00 0.00
16 0.00 0.00 0.00 0.00 27.30 14.11 36.60 15.32 0.00 0.00 0.00 0.00
16 0.00 0.00 0.00 0.00 25.38 14.47 34.75 15.27 0.00 0.00 0.00 0.00
16 0.00 0.00 0.00 0.00 23.86 15.58 32.95 15.36 0.00 0.00 0.00 0.00
16 0.00 0.00 0.00 0.00 22.34 15.56 31.20 15.57 0.00 0.00 0.00 0.00
16 0.00 0.00 0.00 0.00 22.40 21.56 29.50 16.31 0.00 0.00 0.00 0.00
16 0.00 0.00 0.00 0.00 18.19 17.02 27.05 16.17 0.00 0.00 0.00 0.00
16 0.00 0.00 0.00 0.00 17.82 17.39 25.32 16.45 0.00 0.00 0.00 0.00
16 0.00 0.00 0.00 0.00 16.70 19.25 23.64 16.92 0.00 0.00 0.00 0.00
16 0.00 0.00 0.00 0.00 13.31 16.25 21.89 16.98 0.00 0.00 0.00 0.00
16 0.00 0.00 0.00 0.00 12.20 17.73 19.95 16.89 0.00 0.00 0.00 0.00
16 0.00 0.00 0.00 0.00 13.36 22.59 18.56 17.74 0.00 0.00 0.00 0.00
16 0.00 0.00 0.00 0.00 12.97 21.09 17.32 18.40 0.00 0.00 0.00 0.00
16 0.00 0.00 0.00 0.00 12.60 21.08 16.19 18.95 0.00 0.00 0.00 0.00
16 0.00 0.00 0.00 0.00 9.97 16.97 14.95 19.09 0.00 0.00 0.00 0.00
16 0.00 0.00 0.00 0.00 10.74 21.07 13.79 19.04 0.00 0.00 0.00 0.00
16 0.00 0.00 0.00 0.00 9.25 20.31 12.89 19.37 0.00 0.00 0.00 0.00
16 0.00 0.00 0.00 0.00 8.49 16.96 11.96 19.33 0.00 0.00 0.00 0.00
16 0.00 0.00 0.00 0.00 7.01 18.44 10.99 19.25 0.00 0.00 0.00 0.00
16 0.00 0.00 0.00 0.00 7.78 22.92 10.44 19.92 0.00 0.00 0.00 0.00
16 0.00 0.00 0.00 0.00 7.40 22.54 9.96 20.40 0.00 0.00 0.00 0.00
16 0.00 0.00 0.00 0.00 5.54 21.04 9.18 20.24 0.00 0.00 0.00 0.00
16 0.00 0.00 0.00 0.00 4.81 22.53 8.36 20.39 0.00 0.00 0.00 0.00
16 0.00 0.00 0.00 0.00 4.43 21.04 7.54 20.38 0.00 0.00 0.00 0.00
16 0.00 0.00 0.00 0.00 4.07 24.78 6.95 21.17 0.00 0.00 0.00 0.00
16 0.00 0.00 0.00 0.00 2.96 23.28 6.17 21.39 0.00 0.00 0.00 0.00
16 0.00 0.00 0.00 0.00 2.96 24.40 5.55 21.79 0.00 0.00 0.00 0.00
16 0.00 0.00 0.00 0.00 1.85 25.15 4.88 22.61 0.00 0.00 0.00 0.00
16 0.00 0.00 0.00 0.00 1.11 22.90 4.29 23.06 0.00 0.00 0.00 0.00
16 0.00 0.00 0.00 0.00 0.00 24.77 3.51 23.24 0.00 0.00 0.00 0.00
16 0.00 0.00 0.00 0.00 0.74 22.53 2.85 23.24 0.00 0.00 0.00 0.00
16 0.00 0.00 0.00 0.00 0.37 24.40 2.33 23.58 0.00 0.00 0.00 0.00
16 0.00 0.00 0.00 0.00 0.00 24.02 1.85 23.73 0.00 0.00 0.00 0.00
16 0.00 0.00 0.00 0.00 -1.11 25.52 1.30 24.17 0.00 0.00 0.00 0.00
16 0.00 0.00 0.00 0.00 -1.11 24.40 0.78 24.14 0.00 0.00 0.00 0.00
16 0.00 0.00 0.00 0.00 -0.37 24.02 0.44 24.21 0.00 0.00 0.00 0.00
16 0.00 0.00 0.00 0.00 -0.74 25.15 0.07 24.29 0.00 0.00 0.00 0.00
16 0.00 0.00 0.00 0.00 -0.74 22.15 -0.19 23.99 0.00 0.00 0.00 0.00
16 0.00 0.00 0.00 0.00 -1.11 25.15 -0.41 24.21 0.00 0.00 0.00 0.00
16 0.00 0.00 0.00 0.00 -0.74 24.77 -0.48 24.21 0.00 0.00 0.00 0.00
16 0.00 0.00 0.00 0.00 0.37 24.40 -0.52 24.40 0.00 0.00 0.00 0.00
16 0.00 0.00 0.00 0.00 0.74 22.15 -0.48 24.17 0.00 0.00 0.00 0.00
16 0.00 0.00 0.00 0.00 1.85 22.90 -0.30 24.06 0.00 0.00 0.00 0.00
16 0.00 0.00 0.00 0.00 2.22 22.90 0.04 23.80 0.00 0.00 0.00 0.00
16 0.00 0.00 0.00 0.00 3.33 24.03 0.48 23.76 0.00 0.00 0.00 0.00
16 0.00 0.00 0.00 0.00 2.96 24.40 0.81 23.80 0.00 0.00 0.00 0.00
16 0.00 0.00 0.00 0.00 4.44 21.79 1.33 23.46 0.00 0.00 0.00 0.00
16 0.00 0.00 0.00 0.00 5.17 20.30 1.92 23.28 0.00 0.00 0.00 0.00
16 0.00 0.00 0.00 0.00 7.02 20.68 2.74 22.83 0.00 0.00 0.00 0.00
16 0.00 0.00 0.00 0.00 8.13 20.31 3.62 22.38 0.00 0.00 0.00 0.00
16 0.00 0.00 0.00 0.00 10.36 19.95 4.62 21.94 0.00 0.00 0.00 0.00
16 0.00 0.00 0.00 0.00 10.71 16.97 5.62 21.42 0.00 0.00 0.00 0.00
16 0.00 0.00 0.00 0.00 12.24 22.58 6.66 21.39 0.00 0.00 0.00 0.00
16 0.00 0.00 0.00 0.00 13.70 18.11 7.81 20.91 0.00 0.00 0.00 0.00
16 0.00 0.00 0.00 0.00 15.59 21.11 9.03 20.62 0.00 0.00 0.00 0.00
16 0.00 0.00 0.00 0.00 17.85 21.13 10.52 20.29 0.00 0.00 0.00 0.00
16 0.00 0.00 0.00 0.00 19.31 16.29 12.01 19.74 0.00 0.00 0.00 0.00
16 0.00 0.00 0.00 0.00 20.44 15.18 13.54 19.23 0.00 0.00 0.00 0.00
16 0.00 0.00 0.00 0.00 22.77 20.81 15.11 19.24 0.00 0.00 0.00 0.00
16 0.00 0.00 0.00 0.00 23.86 14.83 16.68 18.69 0.00 0.00 0.00 0.00
16 0.00 0.00 0.00 0.00 25.01 15.21 18.15 18.22 0.00 0.00 0.00 0.00
16 0.00 0.00 0.00 0.00 28.14 20.51 19.89 18.57 0.00 0.00 0.00 0.00
16 0.00 0.00 0.00 0.00 28.46 14.11 21.51 17.73 0.00 0.00 0.00 0.00
16 0.00 0.00 0.00 0.00 30.00 13.75 23.14 17.29 0.00 0.00 0.00 0.00
16 0.00 0.00 0.00 0.00 29.62 13.75 24.55 16.56 0.00 0.00 0.00 0.00
16 0.00 0.00 0.00 0.00 31.96 15.27 25.96 15.97 0.00 0.00 0.00 0.00
16 0.00 0.00 0.00 0.00 33.12 13.78 27.34 15.72 0.00 0.00 0.00 0.00
16 0.00 0.00 0.00 0.00 34.70 14.17 28.76 15.62 0.00 0.00 0.00 0.00
16 0.00 0.00 0.00 0.00 35.87 13.04 30.07 14.84 0.00 0.00 0.00 0.00
16 0.00 0.00 0.00 0.00 37.07 14.56 31.40 14.82 0.00 0.00 0.00 0.00
16 0.00 0.00 0.00 0.00 38.26 15.33 32.72 14.83 0.00 0.00 0.00 0.00
16 0.00 0.00 0.00 0.00 39.05 14.20 33.81 14.20 0.00 0.00 0.00 0.00
16 0.00 0.00 0.00 0.00 38.65 14.58 34.83 14.24 0.00 0.00 0.00 0.00
16 0.00 0.00 0.00 0.00 42.28 17.66 36.06 14.64 0.00 0.00 0.00 0.00
16 0.00 0.00 0.00 0.00 40.64 13.84 37.16 14.64 0.00 0.00 0.00 0.00
16 0.00 0.00 0.00 0.00 41.05 14.60 38.07 14.58 0.00 0.00 0.00 0.00
16 0.00 0.00 0.00 0.00 41.44 14.22 38.90 14.62 0.00 0.00 0.00 0.00
16 0.00 0.00 0.00 0.00 41.44 14.22 39.58 14.63 0.00 0.00 0.00 0.00
16 0.00 0.00 0.00 0.00 43.04 14.24 40.29 14.75 0.00 0.00 0.00 0.00
16 0.00 0.00 0.00 0.00 41.84 13.85 40.77 14.68 0.00 0.00 0.00 0.00
16 0.00 0.00 0.00 0.00 40.64 14.22 41.01 14.56 0.00 0.00 0.00 0.00
16 0.00 0.00 0.00 0.00 41.05 14.60 41.21 14.60 0.00 0.00 0.00 0.00
16 0.00 0.00 0.00 0.00 39.84 13.83 41.33 14.53 0.00 0.00 0.00 0.00
16 0.00 0.00 0.00 0.00 41.05 14.60 41.20 14.22 0.00 0.00 0.00 0.00
16 0.00 0.00 0.00 0.00 38.65 14.58 41.00 14.30 0.00 0.00 0.00 0.00
16 0.00 0.00 0.00 0.00 37.88 16.47 40.69 14.48 0.00 0.00 0.00 0.00
16 0.00 0.00 0.00 0.00 35.09 14.17 40.05 14.48 0.00 0.00 0.00 0.00
16 0.00 0.00 0.00 0.00 33.52 14.53 39.26 14.51 0.00 0.00 0.00 0.00
16 0.00 0.00 0.00 0.00 32.35 14.90 38.19 14.57 0.00 0.00 0.00 0.00
16 0.00 0.00 0.00 0.00 29.63 14.88 36.97 14.68 0.00 0.00 0.00 0.00
16 0.00 0.00 0.00 0.00 27.70 15.23 35.68 14.78 0.00 0.00 0.00 0.00
16 0.00 0.00 0.00 0.00 25.40 15.96 34.11 14.92 0.00 0.00 0.00 0.00
16 0.00 0.00 0.00 0.00 23.87 16.32 32.51 15.16 0.00 0.00 0.00 0.00
16 0.00 0.00 0.00 0.00 22.35 16.68 30.64 15.37 0.00 0.00 0.00 0.00
16 0.00 0.00 0.00 0.00 20.07 16.29 28.78 15.54 0.00 0.00 0.00 0.00
16 0.00 0.00 0.00 0.00 19.77 23.79 26.97 16.28 0.00 0.00 0.00 0.00
16 0.00 0.00 0.00 0.00 18.25 23.39 25.29 17.20 0.00 0.00 0.00 0.00
16 0.00 0.00 0.00 0.00 13.70 17.73 23.31 17.52 0.00 0.00 0.00 0.00
16 0.00 0.00 0.00 0.00 15.19 17.00 21.59 17.73 0.00 0.00 0.00 0.00
16 0.00 0.00 0.00 0.00 14.10 21.10 20.04 18.35 0.00 0.00 0.00 0.00
16 0.00 0.00 0.00 0.00 11.84 19.21 18.45 18.75 0.00 0.00 0.00 0.00
16 0.00 0.00 0.00 0.00 11.88 23.70 17.10 19.52 0.00 0.00 0.00 0.00
16 0.00 0.00 0.00 0.00 10.35 18.09 15.75 19.70 0.00 0.00 0.00 0.00
16 0.00 0.00 0.00 0.00 10.75 22.57 14.59 20.29 0.00 0.00 0.00 0.00
16 0.00 0.00 0.00 0.00 9.63 22.93 13.54 20.95 0.00 0.00 0.00 0.00
16 0.00 0.00 0.00 0.00 8.88 21.43 12.46 20.71 0.00 0.00 0.00 0.00
16 0.00 0.00 0.00 0.00 7.76 19.56 11.41 20.33 0.00 0.00 0.00 0.00
16 0.00 0.00 0.00 0.00 7.40 22.54 10.78 20.81 0.00 0.00 0.00 0.00
16 0.00 0.00 0.00 0.00 7.41 23.67 10.00 21.48 0.00 0.00 0.00 0.00
16 0.00 0.00 0.00 0.00 7.03 23.29 9.29 21.70 0.00 0.00 0.00 0.00
16 0.00 0.00 0.00 0.00 7.03 22.92 8.81 22.07 0.00 0.00 0.00 0.00
16 0.00 0.00 0.00 0.00 6.65 21.05 8.29 21.80 0.00 0.00 0.00 0.00
16 0.00 0.00 0.00 0.00 6.64 17.33 7.92 21.73 0.00 0.00 0.00 0.00
16 0.00 0.00 0.00 0.00 7.38 18.44 7.58 21.32 0.00 0.00 0.00 0.00
16 0.00 0.00 0.00 0.00 8.86 16.60 7.51 20.68 0.00 0.00 0.00 0.00
16 0.00 0.00 0.00 0.00 11.44 11.80 7.76 19.72 0.00 0.00 0.00 0.00
16 0.00 0.00 0.00 0.00 10.69 9.58 8.05 18.72 0.00 0.00 0.00 0.00
16 0.00 0.00 0.00 0.00 16.27 8.85 8.94 17.35 0.00 0.00 0.00 0.00
16 0.00 0.00 0.00 0.00 18.15 5.52 10.02 15.54 0.00 0.00 0.00 0.00
16 0.00 0.00 0.00 0.00 20.79 3.29 11.39 13.54 0.00 0.00 0.00 0.00
16 0.00 0.00 0.00 0.00 22.70 1.42 12.96 11.39 0.00 0.00 0.00 0.00
16 0.00 0.00 0.00 0.00 24.23 -0.08 14.72 9.27 0.00 0.00 0.00 0.00
16 0.00 0.00 0.00 0.00 25.40 -1.96 16.59 7.34 0.00 0.00 0.00 0.00
16 0.00 0.00 0.00 0.00 25.78 -2.34 18.43 5.27 0.00 0.00 0.00 0.00
16 0.00 0.00 0.00 0.00 25.41 -3.46 20.09 3.26 0.00 0.00 0.00 0.00
16 0.00 0.00 0.00 0.00 25.03 -3.46 21.45 1.73 0.00 0.00 0.00 0.00
16 0.00 0.00 0.00 0.00 25.40 -1.96 22.92 0.58 0.00 0.00 0.00 0.00
16 0.00 0.00 0.00 0.00 26.93 -1.23 23.98 -0.43 0.00 0.00 0.00 0.00
16 0.00 0.00 0.00 0.00 25.01 -1.96 24.67 -1.18 0.00 0.00 0.00 0.00
16 0.00 0.00 0.00 0.00 26.92 -0.85 25.28 -1.59 0.00 0.00 0.00 0.00
16 0.00 0.00 0.00 0.00 25.37 0.66 25.55 -1.67 0.00 0.00 0.00 0.00
16 0.00 0.00 0.00 0.00 25.37 1.03 25.66 -1.55 0.00 0.00 0.00 0.00
16 0.00 0.00 0.00 0.00 25.75 1.78 25.70 -1.18 0.00 0.00 0.00 0.00
16 0.00 0.00 0.00 0.00 25.36 2.90 25.66 -0.66 0.00 0.00 0.00 0.00
16 0.00 0.00 0.00 0.00 25.74 3.64 25.69 0.05 0.00 0.00 0.00 0.00
16 0.00 0.00 0.00 0.00 25.36 4.76 25.72 0.88 0.00 0.00 0.00 0.00
16 0.00 0.00 0.00 0.00 25.74 6.63 25.76 1.74 0.00 0.00 0.00 0.00
16 0.00 0.00 0.00 0.00 24.97 7.75 25.56 2.63 0.00 0.00 0.00 0.00
16 0.00 0.00 0.00 0.00 26.51 9.24 25.71 3.75 0.00 0.00 0.00 0.00
16 0.00 0.00 0.00 0.00 26.13 11.11 25.63 4.95 0.00 0.00 0.00 0.00
16 0.00 0.00 0.00 0.00 25.75 12.22 25.67 6.11 0.00 0.00 0.00 0.00
16 0.00 0.00 0.00 0.00 25.77 14.84 25.71 7.49 0.00 0.00 0.00 0.00
16 0.00 0.00 0.00 0.00 25.79 17.09 25.71 9.02 0.00 0.00 0.00 0.00
16 0.00 0.00 0.00 0.00 26.59 19.36 25.83 10.66 0.00 0.00 0.00 0.00
16 0.00 0.00 0.00 0.00 26.61 21.24 25.92 12.42 0.00 0.00 0.00 0.00
16 0.00 0.00 0.00 0.00 26.69 25.79 26.05 14.53 0.00 0.00 0.00 0.00
16 0.00 0.00 0.00 0.00 25.91 25.40 26.07 16.40 0.00 0.00 0.00 0.00
16 0.00 0.00 0.00 0.00 25.92 26.16 26.17 18.25 0.00 0.00 0.00 0.00
16 0.00 0.00 0.00 0.00 25.98 28.84 26.11 20.21 0.00 0.00 0.00 0.00
16 0.00 0.00 0.00 0.00 26.39 30.38 26.14 22.13 0.00 0.00 0.00 0.00
16 0.00 0.00 0.00 0.00 26.06 32.68 26.17 24.18 0.00 0.00 0.00 0.00
16 0.00 0.00 0.00 0.00 27.44 41.69 26.34 26.86 0.00 0.00 0.00 0.00
16 0.00 0.00 0.00 0.00 25.40 37.32 26.30 28.89 0.00 0.00 0.00 0.00
16 0.00 0.00 0.00 0.00 25.76 36.55 26.22 30.61 0.00 0.00 0.00 0.00
16 0.00 0.00 0.00 0.00 26.61 39.31 26.22 32.41 0.00 0.00 0.00 0.00
16 0.00 0.00 0.00 0.00 29.94 48.08 26.54 34.64 0.00 0.00 0.00 0.00
16 0.00 0.00 0.00 0.00 25.39 36.93 26.49 35.79 0.00 0.00 0.00 0.00
16 0.00 0.00 0.00 0.00 26.22 39.30 26.52 37.11 0.00 0.00 0.00 0.00
16 0.00 0.00 0.00 0.00 27.14 45.23 26.64 38.75 0.00 0.00 0.00 0.00
16 0.00 0.00 0.00 0.00 26.70 42.85 26.67 39.99 0.00 0.00 0.00 0.00
16 0.00 0.00 0.00 0.00 25.71 34.22 26.63 40.15 0.00 0.00 0.00 0.00
16 0.00 0.00 0.00 0.00 26.83 32.70 26.57 39.25 0.00 0.00 0.00 0.00
16 0.00 0.00 0.00 0.00 26.76 29.62 26.71 38.48 0.00 0.00 0.00 0.00
16 0.00 0.00 0.00 0.00 25.56 27.30 26.69 37.55 0.00 0.00 0.00 0.00
16 0.00 0.00 0.00 0.00 26.30 25.41 26.66 36.16 0.00 0.00 0.00 0.00
16 0.00 0.00 0.00 0.00 27.03 23.52 26.36 33.71 0.00 0.00 0.00 0.00
16 0.00 0.00 0.00 0.00 26.62 21.62 26.49 32.18 0.00 0.00 0.00 0.00
16 0.00 0.00 0.00 0.00 26.96 18.61 26.56 30.11 0.00 0.00 0.00 0.00
16 0.00 0.00 0.00 0.00 27.34 17.86 26.58 27.37 0.00 0.00 0.00 0.00
16 0.00 0.00 0.00 0.00 29.24 14.50 26.83 24.53 0.00 0.00 0.00 0.00
16 0.00 0.00 0.00 0.00 29.22 12.99 27.19 22.41 0.00 0.00 0.00 0.00
16 0.00 0.00 0.00 0.00 29.21 11.12 27.42 20.25 0.00 0.00 0.00 0.00
16 0.00 0.00 0.00 0.00 29.59 8.87 27.71 18.18 0.00 0.00 0.00 0.00
16 0.00 0.00 0.00 0.00 29.98 7.00 28.15 16.15 0.00 0.00 0.00 0.00
16 0.00 0.00 0.00 0.00 29.21 5.13 28.44 14.12 0.00 0.00 0.00 0.00
16 0.00 0.00 0.00 0.00 29.21 4.38 28.66 12.21 0.00 0.00 0.00 0.00
16 0.00 0.00 0.00 0.00 30.76 3.25 29.07 10.37 0.00 0.00 0.00 0.00
16 0.00 0.00 0.00 0.00 30.37 3.25 29.41 8.83 0.00 0.00 0.00 0.00
16 0.00 0.00 0.00 0.00 28.84 0.26 29.56 7.07 0.00 0.00 0.00 0.00
16 0.00 0.00 0.00 0.00 29.24 -0.50 29.56 5.58 0.00 0.00 0.00 0.00
16 0.00 0.00 0.00 0.00 28.85 -0.12 29.53 4.26 0.00 0.00 0.00 0.00
16 0.00 0.00 0.00 0.00 29.24 -0.87 29.53 3.06 0.00 0.00 0.00 0.00
16 0.00 0.00 0.00 0.00 27.70 -1.98 29.34 1.98 0.00 0.00 0.00 0.00
16 0.00 0.00 0.00 0.00 29.64 -2.00 29.31 1.08 0.00 0.00 0.00 0.00
16 0.00 0.00 0.00 0.00 27.33 -3.48 29.12 0.22 0.00 0.00 0.00 0.00
16 0.00 0.00 0.00 0.00 28.88 -3.88 29.09 -0.61 0.00 0.00 0.00 0.00
16 0.00 0.00 0.00 0.00 27.73 -4.62 28.78 -1.39 0.00 0.00 0.00 0.00
16 0.00 0.00 0.00 0.00 26.96 -4.61 28.44 -2.18 0.00 0.00 0.00 0.00
16 0.00 0.00 0.00 0.00 26.55 -1.97 28.21 -2.40 0.00 0.00 0.00 0.00
16 0.00 0.00 0.00 0.00 -5.16 14.00 24.77 -0.95 0.00 0.00 0.00 0.00
16 0.00 0.00 0.00 0.00 -5.16 14.00 21.37 0.46 0.00 0.00 0.00 0.00
16 0.00 0.00 0.00 0.00 -4.79 14.73 17.97 2.02 0.00 0.00 0.00 0.00
16 0.00 0.00 0.00 0.00 -5.89 12.52 14.61 3.47 0.00 0.00 0.00 0.00
16 0.00 0.00 0.00 0.00 -2.96 -8.15 11.35 2.85 0.00 0.00 0.00 0.00
16 0.00 0.00 0.00 0.00 -7.37 12.89 7.88 4.49 0.00 0.00 0.00 0.00
16 0.00 0.00 0.00 0.00 -7.00 11.42 4.29 6.02 0.00 0.00 0.00 0.00
16 0.00 0.00 0.00 0.00 -8.84 7.74 0.64 7.26 0.00 0.00 0.00 0.00
16 0.00 0.00 0.00 0.00 -8.84 7.74 -2.94 8.49 0.00 0.00 0.00 0.00
16 0.00 0.00 0.00 0.00 -6.62 9.21 -6.26 9.61 0.00 0.00 0.00 0.00
16 0.00 0.00 0.00 0.00 -6.99 8.84 -6.44 9.09 0.00 0.00 0.00 0.00
16 0.00 0.00 0.00 0.00 -6.99 8.84 -6.63 8.58 0.00 0.00 0.00 0.00
16 0.00 0.00 0.00 0.00 68.33 -14.23 0.68 5.68 0.00 0.00 0.00 0.00
16 0.00 0.00 0.00 0.00 68.33 -14.23 8.10 3.01 0.00 0.00 0.00 0.00
16 0.00 0.00 0.00 0.00 68.69 -14.23 15.27 2.40 0.00 0.00 0.00 0.00
16 0.00 0.00 0.00 0.00 68.33 -14.23 22.84 -0.31 0.00 0.00 0.00 0.00
16 0.00 0.00 0.00 0.00 67.96 -14.24 30.33 -2.88 0.00 0.00 0.00 0.00
16 0.00 0.00 0.00 0.00 68.69 -14.23 38.09 -5.08 0.00 0.00 0.00 0.00
16 0.00 0.00 0.00 0.00 68.69 -14.23 45.84 -7.27 0.00 0.00 0.00 0.00
16 0.00 0.00 0.00 0.00 68.69 -14.23 53.37 -9.62 0.00 0.00 0.00 0.00
16 0.00 0.00 0.00 0.00 68.69 -14.23 60.94 -11.92 0.00 0.00 0.00 0.00
16 0.00 0.00 0.00 0.00 69.06 -14.22 68.55 -14.23 0.00 0.00 0.00 0.00
16 0.00 0.00 0.00 0.00 67.96 -14.24 68.51 -14.23 0.00 0.00 0.00 0.00
16 0.00 0.00 0.00 0.00 67.96 -14.24 68.47 -14.23 0.00 0.00 0.00 0.00
16 0.00 0.00 0.00 0.00 69.06 -14.22 68.51 -14.23 0.00 0.00 0.00 0.00
16 0.00 0.00 0.00 0.00 69.06 -14.22 68.58 -14.23 0.00 0.00 0.00 0.00
16 0.00 0.00 0.00 0.00 69.06 -14.22 68.69 -14.23 0.00 0.00 0.00 0.00
16 0.00 0.00 0.00 0.00 4.79 0.37 62.30 -12.77 0.00 0.00 0.00 0.00
16 0.00 0.00 0.00 0.00 -3.31 1.48 55.10 -11.20 0.00 0.00 0.00 0.00
16 0.00 0.00 0.00 0.00 2.95 -0.73 48.53 -9.85 0.00 0.00 0.00 0.00
16 0.00 0.00 0.00 0.00 2.95 -0.73 41.95 -8.50 0.00 0.00 0.00 0.00
