#Task Selector: 6
#PID Parameters: kp: 0.09, kd: 0.04, ki: 0.02
#n_pos: 10
#n_vel: 10
t x_ref y_ref vx_ref vy_ref x_raw y_raw x y vx_raw vy_raw vx vy
0.02 0.00 0.00 0.00 0.00 2.43 5.55 0.24 0.55 15.17 34.68 1.52 3.47
0.03 0.00 0.00 0.00 0.00 2.43 5.55 0.49 1.11 14.05 32.13 2.92 6.68
0.05 0.00 0.00 0.00 0.00 3.51 6.63 0.84 1.77 21.92 41.42 5.11 10.82
0.07 0.00 0.00 0.00 0.00 2.43 6.63 1.08 2.44 14.94 40.84 6.61 14.91
0.08 0.00 0.00 0.00 0.00 3.51 7.72 1.43 3.21 20.74 45.60 8.68 19.47
0.10 0.00 0.00 0.00 0.00 2.43 2.29 1.67 3.44 15.48 14.61 10.23 20.93
0.11 0.00 0.00 0.00 0.00 2.43 5.55 1.92 3.99 14.77 33.76 11.71 24.30
0.13 0.00 0.00 0.00 0.00 3.51 5.55 2.27 4.55 21.86 34.54 13.89 27.76
0.15 0.00 0.00 0.00 0.00 3.51 6.63 2.62 5.21 20.94 39.56 15.99 31.71
0.16 0.00 0.00 0.00 0.00 4.60 -4.26 3.08 4.78 28.77 -26.60 18.86 29.05
0.18 0.00 0.00 0.00 0.00 6.77 5.55 3.51 4.78 27.55 -0.01 20.10 25.58
0.20 0.00 0.00 0.00 0.00 3.51 4.46 3.62 4.68 6.65 -6.66 19.36 21.71
0.21 0.00 0.00 0.00 0.00 2.43 5.55 3.51 4.57 -6.34 -6.34 16.54 16.93
0.23 0.00 0.00 0.00 0.00 2.43 2.29 3.51 4.13 0.00 -27.87 15.04 10.06
0.24 0.00 0.00 0.00 0.00 4.60 4.46 3.62 3.81 6.63 -19.88 13.63 3.51
0.26 0.00 0.00 0.00 0.00 5.68 6.63 3.95 4.24 20.32 27.13 14.11 4.76
0.28 0.00 0.00 0.00 0.00 4.60 4.46 4.16 4.13 12.82 -6.42 13.92 0.74
0.29 0.00 0.00 0.00 0.00 6.76 6.63 4.49 4.24 20.65 6.88 13.80 -2.02
0.31 0.00 0.00 0.00 0.00 4.60 3.38 4.60 3.92 6.77 -20.32 12.38 -8.01
0.33 0.00 0.00 0.00 0.00 6.76 7.72 4.81 5.11 13.22 73.25 10.83 1.98
0.34 0.00 0.00 0.00 0.00 4.59 8.80 4.60 5.44 -12.96 19.44 6.78 3.92
0.36 0.00 0.00 0.00 0.00 6.76 6.63 4.92 5.66 20.27 13.52 8.14 5.94
0.37 0.00 0.00 0.00 0.00 6.76 6.63 5.35 5.76 26.77 6.69 11.45 7.24
0.39 0.00 0.00 0.00 0.00 6.76 6.63 5.79 6.20 26.91 26.95 14.14 12.72
0.41 0.00 0.00 0.00 0.00 4.60 4.46 5.79 6.20 0.00 0.00 13.48 14.71
0.42 0.00 0.00 0.00 0.00 6.77 0.11 5.90 5.55 6.87 -41.08 12.13 7.89
0.44 0.00 0.00 0.00 0.00 6.76 6.63 6.11 5.76 13.41 13.42 12.19 9.87
0.46 0.00 0.00 0.00 0.00 6.77 4.46 6.11 5.55 0.01 -13.16 10.13 7.87
0.47 0.00 0.00 0.00 0.00 6.76 7.72 6.33 5.98 13.38 26.81 10.79 12.58
0.49 0.00 0.00 0.00 0.00 6.77 5.55 6.33 5.76 0.01 -13.24 9.47 3.93
0.50 0.00 0.00 0.00 0.00 6.77 5.55 6.55 5.44 13.52 -20.28 12.12 -0.04
0.52 0.00 0.00 0.00 0.00 5.68 6.63 6.44 5.44 -6.69 0.00 9.42 -1.39
0.54 0.00 0.00 0.00 0.00 8.93 7.72 6.66 5.55 13.14 6.56 8.06 -1.40
0.55 0.00 0.00 0.00 0.00 5.68 7.72 6.55 5.65 -6.61 6.61 4.70 -3.44
0.57 0.00 0.00 0.00 0.00 4.59 7.72 6.55 5.98 -0.01 20.88 4.70 -1.35
0.59 0.00 0.00 0.00 0.00 5.68 9.89 6.44 6.96 -6.61 59.14 3.36 8.67
0.60 0.00 0.00 0.00 0.00 5.68 6.63 6.33 6.96 -6.65 0.00 1.35 7.33
0.62 0.00 0.00 0.00 0.00 4.59 7.72 6.11 7.28 -13.16 19.74 0.03 10.62
0.63 0.00 0.00 0.00 0.00 4.60 6.63 5.90 7.17 -14.39 -7.19 -2.74 7.22
0.65 0.00 0.00 0.00 0.00 4.59 7.72 5.68 7.39 -13.25 13.26 -4.07 9.87
0.67 0.00 0.00 0.00 0.00 4.60 6.63 5.46 7.50 -13.39 6.70 -6.76 12.57
0.68 0.00 0.00 0.00 0.00 3.51 8.80 5.25 7.72 -13.44 13.44 -7.44 13.91
0.70 0.00 0.00 0.00 0.00 3.51 8.80 4.70 7.83 -30.43 6.10 -11.79 13.87
0.72 0.00 0.00 0.00 0.00 2.43 9.89 4.38 8.04 -21.96 14.65 -13.33 14.67
0.73 0.00 0.00 0.00 0.00 3.51 3.38 4.27 7.61 -6.51 -26.11 -13.98 9.97
0.75 0.00 0.00 0.00 0.00 0.26 7.72 3.73 7.39 -34.65 -13.86 -16.78 2.67
0.76 0.00 0.00 0.00 0.00 0.26 7.72 3.19 7.50 -32.55 6.52 -19.37 3.32
0.78 0.00 0.00 0.00 0.00 0.26 8.80 2.75 7.61 -27.40 6.85 -20.80 2.04
0.80 0.00 0.00 0.00 0.00 -0.83 7.72 2.21 7.72 -33.02 6.61 -22.66 3.42
0.81 0.00 0.00 0.00 0.00 -1.91 6.63 1.56 7.61 -39.69 -6.62 -25.30 1.43
0.83 0.00 0.00 0.00 0.00 -1.91 7.72 0.91 7.72 -41.63 6.94 -28.13 1.45
0.85 0.00 0.00 0.00 0.00 -1.91 6.63 0.37 7.50 -31.76 -12.71 -29.96 -1.16
0.86 0.00 0.00 0.00 0.00 -4.08 6.63 -0.39 7.28 -48.16 -13.78 -31.73 -3.15
0.88 0.00 0.00 0.00 0.00 -1.91 5.55 -0.83 6.85 -25.30 -25.31 -32.07 -7.15
0.89 0.00 0.00 0.00 0.00 -4.08 4.46 -1.59 6.96 -49.26 7.03 -36.34 -3.83
0.91 0.00 0.00 0.00 0.00 -4.08 6.63 -2.02 6.85 -26.34 -6.60 -35.51 -3.11
0.93 0.00 0.00 0.00 0.00 -6.25 5.54 -2.67 6.63 -38.18 -12.75 -36.07 -5.03
0.94 0.00 0.00 0.00 0.00 -6.25 5.54 -3.32 6.31 -42.71 -21.37 -37.60 -7.86
0.96 0.00 0.00 0.00 0.00 -6.26 4.46 -3.86 5.98 -31.71 -19.04 -37.47 -10.42
0.97 0.00 0.00 0.00 0.00 -6.26 3.37 -4.30 5.65 -28.29 -21.24 -36.33 -11.88
0.99 0.00 0.00 0.00 0.00 -6.26 3.37 -4.73 5.22 -27.37 -27.37 -34.91 -15.31
1.01 0.00 0.00 0.00 0.00 -6.26 3.37 -5.17 4.89 -26.37 -19.80 -34.37 -16.02
1.02 0.00 0.00 0.00 0.00 -8.43 3.37 -5.60 4.57 -26.51 -19.89 -32.20 -16.63
1.04 0.00 0.00 0.00 0.00 -8.44 1.19 -6.26 4.13 -40.65 -27.15 -33.74 -16.82
1.06 0.00 0.00 0.00 0.00 -10.62 0.09 -6.91 3.69 -40.76 -27.23 -32.89 -20.24
1.07 0.00 0.00 0.00 0.00 -8.44 0.10 -7.35 3.04 -26.65 -39.92 -32.92 -23.58
1.09 0.00 0.00 0.00 0.00 -8.45 -0.99 -7.57 2.39 -13.02 -38.84 -30.40 -26.18
1.11 0.00 0.00 0.00 0.00 -9.54 -1.00 -7.89 1.73 -20.42 -40.70 -28.17 -28.12
1.12 0.00 0.00 0.00 0.00 -8.45 -2.09 -8.11 1.08 -13.53 -40.34 -26.36 -30.25
1.14 0.00 0.00 0.00 0.00 -8.45 -0.99 -8.33 0.64 -13.69 -27.30 -24.90 -30.85
1.15 0.00 0.00 0.00 0.00 -8.45 -2.09 -8.55 0.09 -13.40 -33.34 -23.50 -31.45
1.17 0.00 0.00 0.00 0.00 -10.63 -1.00 -8.99 -0.34 -26.95 -26.95 -23.56 -32.16
1.19 0.00 0.00 0.00 0.00 -10.63 -2.10 -9.21 -0.89 -13.34 -33.12 -22.24 -33.49
1.20 0.00 0.00 0.00 0.00 -9.55 -3.19 -9.32 -1.33 -6.79 -26.84 -18.85 -33.46
1.22 0.00 0.00 0.00 0.00 -9.55 -3.19 -9.21 -1.65 6.66 -20.23 -14.11 -32.76
1.24 0.00 0.00 0.00 0.00 -10.63 -2.10 -9.43 -1.87 -13.40 -13.41 -12.79 -30.11
1.25 0.00 0.00 0.00 0.00 -10.64 -3.19 -9.65 -2.09 -13.56 -13.59 -12.84 -27.58
1.27 0.00 0.00 0.00 0.00 -9.55 -4.28 -9.65 -2.42 -0.09 -20.26 -10.81 -25.54
1.28 0.00 0.00 0.00 0.00 -7.37 -4.27 -9.54 -2.64 6.69 -13.50 -8.79 -22.85
1.30 0.00 0.00 0.00 0.00 -8.46 -4.28 -9.55 -2.97 -0.08 -20.43 -7.42 -22.17
1.32 0.00 0.00 0.00 0.00 -10.63 -2.10 -9.76 -2.97 -13.31 -0.05 -7.42 -18.84
1.33 0.00 0.00 0.00 0.00 -7.37 -5.37 -9.44 -3.41 19.34 -25.93 -2.79 -18.74
1.35 0.00 0.00 0.00 0.00 -10.64 -3.19 -9.44 -3.51 -0.03 -6.58 -1.46 -16.08
1.37 0.00 0.00 0.00 0.00 -9.55 -4.28 -9.44 -3.62 -0.03 -7.04 -0.78 -14.10
1.38 0.00 0.00 0.00 0.00 -6.29 -7.56 -9.11 -4.06 20.00 -26.87 0.55 -14.77
1.40 0.00 0.00 0.00 0.00 -8.45 -3.18 -8.90 -4.17 13.23 -6.59 3.22 -14.08
1.41 0.00 0.00 0.00 0.00 -10.63 -1.00 -8.89 -3.95 0.06 13.45 4.58 -11.38
1.43 0.00 0.00 0.00 0.00 -8.45 -0.99 -8.78 -3.62 6.98 20.76 5.29 -7.28
1.45 0.00 0.00 0.00 0.00 -9.55 -4.28 -9.00 -3.62 -13.15 -0.06 3.30 -5.93
1.46 0.00 0.00 0.00 0.00 -6.27 -0.99 -8.78 -3.29 13.92 20.89 4.70 -1.80
1.48 0.00 0.00 0.00 0.00 -6.27 -0.99 -8.35 -3.18 26.55 6.74 8.69 -1.12
1.50 0.00 0.00 0.00 0.00 -6.27 -0.99 -8.24 -2.75 6.72 26.65 7.42 4.13
1.51 0.00 0.00 0.00 0.00 -6.26 0.10 -7.80 -2.42 26.70 20.10 10.10 6.80
1.53 0.00 0.00 0.00 0.00 -6.27 -0.99 -7.47 -2.09 20.70 20.76 12.17 9.58
1.54 0.00 0.00 0.00 0.00 -6.26 1.19 -7.47 -1.21 0.17 54.00 10.19 17.67
1.56 0.00 0.00 0.00 0.00 -6.26 1.19 -7.25 -0.77 13.10 26.13 10.17 20.94
1.58 0.00 0.00 0.00 0.00 -6.26 1.19 -6.81 -0.55 27.47 13.81 12.92 20.98
1.59 0.00 0.00 0.00 0.00 -6.26 1.19 -6.59 -0.34 13.62 13.64 13.58 20.27
1.61 0.00 0.00 0.00 0.00 -6.26 1.19 -6.26 0.21 19.70 32.78 16.86 23.55
1.62 0.00 0.00 0.00 0.00 -6.26 1.19 -6.26 0.43 0.04 14.54 15.48 22.91
1.64 0.00 0.00 0.00 0.00 -6.26 2.28 -6.26 0.76 0.05 20.22 12.83 24.26
1.66 0.00 0.00 0.00 0.00 -6.26 2.28 -6.26 1.08 0.05 19.54 12.16 23.55
1.67 0.00 0.00 0.00 0.00 -4.08 3.37 -6.04 1.41 14.06 21.09 10.89 23.65
1.69 0.00 0.00 0.00 0.00 -8.44 2.28 -6.26 1.74 -12.98 19.53 7.53 23.53
1.71 0.00 0.00 0.00 0.00 -6.26 3.37 -6.26 1.95 0.03 13.65 7.51 19.49
1.72 0.00 0.00 0.00 0.00 -6.26 2.28 -6.26 2.06 0.01 6.66 6.20 17.55
1.74 0.00 0.00 0.00 0.00 -6.26 3.37 -6.26 2.28 0.03 13.44 3.46 17.51
1.75 0.00 0.00 0.00 0.00 -8.44 2.28 -6.48 2.39 -13.05 6.51 0.79 16.80
1.77 0.00 0.00 0.00 0.00 -6.26 3.37 -6.48 2.61 0.03 13.56 -1.17 14.87
1.79 0.00 0.00 0.00 0.00 -6.26 3.37 -6.48 2.82 0.03 13.46 -1.18 14.77
1.80 0.00 0.00 0.00 0.00 -6.26 4.46 -6.48 3.04 0.02 13.49 -1.18 14.09
1.82 0.00 0.00 0.00 0.00 -8.43 3.37 -6.69 3.15 -13.42 6.69 -2.52 12.81
1.84 0.00 0.00 0.00 0.00 -6.26 3.37 -6.91 3.15 -12.94 -0.02 -5.22 10.70
1.85 0.00 0.00 0.00 0.00 -6.26 3.37 -6.69 3.26 13.58 6.81 -2.57 9.42
1.87 0.00 0.00 0.00 0.00 -8.43 4.45 -6.91 3.37 -13.45 6.70 -3.92 8.73
1.88 0.00 0.00 0.00 0.00 -8.43 4.45 -7.13 3.59 -13.25 13.25 -5.24 9.39
1.90 0.00 0.00 0.00 0.00 -8.43 4.45 -7.34 3.69 -13.21 6.58 -6.57 8.70
1.92 0.00 0.00 0.00 0.00 -10.61 4.45 -7.56 3.91 -12.69 12.67 -6.53 9.32
1.93 0.00 0.00 0.00 0.00 -10.62 2.27 -8.00 3.80 -28.05 -7.07 -9.34 7.26
1.95 0.00 0.00 0.00 0.00 -10.61 3.36 -8.43 3.80 -27.19 -0.06 -12.06 5.90
1.97 0.00 0.00 0.00 0.00 -10.62 2.27 -8.87 3.58 -27.95 -14.01 -14.86 3.15
1.98 0.00 0.00 0.00 0.00 -10.61 3.36 -9.09 3.58 -13.47 -0.03 -14.86 2.48
2.00 0.00 0.00 0.00 0.00 -10.61 4.45 -9.52 3.69 -26.54 6.58 -16.22 3.14
2.01 0.00 0.00 0.00 0.00 -10.61 4.45 -9.96 3.80 -26.52 6.57 -20.23 3.12
2.03 0.00 0.00 0.00 0.00 -10.61 3.36 -10.18 3.69 -13.57 -6.80 -20.24 1.77
2.05 0.00 0.00 0.00 0.00 -10.61 3.36 -10.40 3.58 -13.19 -6.61 -20.24 -0.22
2.06 0.00 0.00 0.00 0.00 -10.62 2.27 -10.61 3.36 -13.51 -13.49 -20.27 -2.23
2.08 0.00 0.00 0.00 0.00 -10.62 2.27 -10.61 3.14 -0.04 -13.39 -19.00 -4.83
2.10 0.00 0.00 0.00 0.00 -10.61 3.36 -10.61 3.25 0.02 6.71 -16.20 -3.45
2.11 0.00 0.00 0.00 0.00 -10.62 2.27 -10.61 3.14 -0.02 -6.76 -13.48 -4.12
2.13 0.00 0.00 0.00 0.00 -10.61 3.36 -10.61 3.25 0.02 6.72 -10.68 -2.05
2.15 0.00 0.00 0.00 0.00 -10.62 2.27 -10.61 3.14 -0.02 -6.62 -9.34 -2.71
2.16 0.00 0.00 0.00 0.00 -10.61 3.36 -10.61 3.03 -0.02 -6.33 -6.68 -4.00
2.18 0.00 0.00 0.00 0.00 -10.61 3.36 -10.62 2.92 -0.02 -7.16 -4.03 -5.37
2.19 0.00 0.00 0.00 0.00 -10.62 2.27 -10.62 2.82 -0.02 -6.64 -2.68 -5.36
2.21 0.00 0.00 0.00 0.00 -10.61 3.36 -10.62 2.82 0.00 0.00 -1.36 -4.69
2.23 0.00 0.00 0.00 0.00 -10.62 2.27 -10.62 2.82 0.00 0.00 -0.01 -3.35
2.24 0.00 0.00 0.00 0.00 -10.61 3.36 -10.62 2.92 0.02 6.66 -0.00 -1.34
2.26 0.00 0.00 0.00 0.00 -10.61 3.36 -10.62 2.92 0.00 0.00 -0.01 -2.01
2.27 0.00 0.00 0.00 0.00 -10.62 2.27 -10.62 2.92 0.00 0.00 -0.00 -1.34
2.29 0.00 0.00 0.00 0.00 -10.61 3.36 -10.62 2.92 0.00 0.00 -0.01 -2.01
2.31 0.00 0.00 0.00 0.00 -10.62 2.27 -10.62 2.92 0.00 0.00 -0.00 -1.35
2.32 0.00 0.00 0.00 0.00 -10.61 3.36 -10.62 2.92 0.00 0.00 -0.00 -0.71
2.34 0.00 0.00 0.00 0.00 -8.43 3.37 -10.40 2.92 13.43 0.03 1.34 0.01
2.36 0.00 0.00 0.00 0.00 -10.61 4.45 -10.40 3.14 0.04 13.22 1.35 1.99
2.37 0.00 0.00 0.00 0.00 -10.61 3.36 -10.40 3.14 0.00 0.00 1.35 1.99
2.39 0.00 0.00 0.00 0.00 -8.43 3.37 -10.18 3.25 13.80 6.92 2.73 2.68
2.40 0.00 0.00 0.00 0.00 -8.43 5.54 -9.96 3.47 13.06 13.04 4.03 3.32
2.42 0.00 0.00 0.00 0.00 -6.25 5.54 -9.52 3.69 27.69 13.87 6.80 4.71
2.44 0.00 0.00 0.00 0.00 -10.61 6.62 -9.52 4.12 0.06 26.07 6.81 7.32
2.45 0.00 0.00 0.00 0.00 -10.61 4.45 -9.52 4.23 0.02 6.77 6.81 7.99
2.47 0.00 0.00 0.00 0.00 -7.34 6.63 -9.19 4.67 19.90 26.46 8.80 10.64
2.49 0.00 0.00 0.00 0.00 -8.43 6.63 -8.98 4.99 13.48 20.15 10.15 12.65
2.50 0.00 0.00 0.00 0.00 -6.26 4.46 -8.76 5.10 13.75 6.89 10.18 13.34
2.52 0.00 0.00 0.00 0.00 -8.43 5.54 -8.54 5.21 12.92 6.47 11.47 12.66
2.53 0.00 0.00 0.00 0.00 -6.26 4.46 -8.10 5.32 28.03 7.06 14.27 13.37
2.55 0.00 0.00 0.00 0.00 -6.25 5.54 -7.89 5.54 13.21 13.20 14.21 14.00
2.57 0.00 0.00 0.00 0.00 -6.25 5.54 -7.67 5.54 13.56 0.02 14.26 12.70
2.58 0.00 0.00 0.00 0.00 -6.25 5.54 -7.67 5.54 0.00 0.00 11.49 11.31
2.60 0.00 0.00 0.00 0.00 -6.26 4.46 -7.23 5.32 25.73 -12.81 14.06 7.42
2.62 0.00 0.00 0.00 0.00 -6.26 4.46 -6.80 5.33 27.51 0.05 16.81 6.75
2.63 0.00 0.00 0.00 0.00 -6.26 4.46 -6.69 5.11 6.90 -13.81 15.51 2.72
2.65 0.00 0.00 0.00 0.00 -6.25 5.54 -6.47 5.00 13.60 -6.78 15.52 0.03
2.66 0.00 0.00 0.00 0.00 -6.25 5.54 -6.47 5.11 0.01 6.75 14.15 0.01
2.68 0.00 0.00 0.00 0.00 -6.26 4.46 -6.25 5.00 12.87 -6.41 14.14 -1.27
2.70 0.00 0.00 0.00 0.00 -6.26 4.46 -6.25 5.00 0.00 0.00 11.34 -1.98
2.71 0.00 0.00 0.00 0.00 -6.25 5.54 -6.25 5.00 0.00 0.00 10.02 -3.30
2.73 0.00 0.00 0.00 0.00 -6.25 6.63 -6.25 5.11 0.01 6.92 8.66 -2.61
2.75 0.00 0.00 0.00 0.00 -8.43 4.45 -6.47 5.00 -13.10 -6.56 7.35 -3.27
2.76 0.00 0.00 0.00 0.00 -6.25 5.54 -6.47 5.11 0.01 6.90 4.78 -1.29
2.78 0.00 0.00 0.00 0.00 -6.26 4.46 -6.47 5.11 0.00 0.00 2.03 -1.30
2.79 0.00 0.00 0.00 0.00 -6.26 4.46 -6.47 5.11 0.00 0.00 1.34 0.08
2.81 0.00 0.00 0.00 0.00 -6.25 5.54 -6.47 5.11 0.00 0.00 -0.02 0.76
2.83 0.00 0.00 0.00 0.00 -6.25 5.54 -6.47 5.11 0.00 0.00 -0.02 0.08
2.84 0.00 0.00 0.00 0.00 -6.26 4.46 -6.47 5.11 0.00 0.00 -1.31 0.73
2.86 0.00 0.00 0.00 0.00 -6.25 5.54 -6.47 5.22 0.01 6.60 -1.31 1.39
2.88 0.00 0.00 0.00 0.00 -6.25 5.54 -6.47 5.22 0.00 0.00 -1.31 1.39
2.89 0.00 0.00 0.00 0.00 -6.25 6.63 -6.47 5.22 0.00 -0.00 -1.31 0.69
2.91 0.00 0.00 0.00 0.00 -6.25 6.63 -6.25 5.43 13.70 13.68 1.37 2.72
2.92 0.00 0.00 0.00 0.00 -6.25 5.54 -6.25 5.43 0.00 0.00 1.37 2.03
2.94 0.00 0.00 0.00 0.00 -6.25 5.54 -6.25 5.54 0.01 6.65 1.37 2.69
2.96 0.00 0.00 0.00 0.00 -8.43 4.45 -6.47 5.54 -13.13 -0.02 0.06 2.69
2.97 0.00 0.00 0.00 0.00 -6.26 4.46 -6.47 5.43 -0.01 -6.79 0.06 2.01
2.99 0.00 0.00 0.00 0.00 -6.25 5.54 -6.47 5.43 0.00 0.00 0.06 2.01
3.01 0.00 0.00 0.00 0.00 -6.26 4.46 -6.47 5.43 0.00 0.00 0.06 2.01
3.02 0.67 80.00 125.66 -1.05 -6.26 4.46 -6.47 5.33 -0.01 -6.61 0.06 0.69
3.04 2.75 79.95 125.59 -4.32 -6.25 5.54 -6.47 5.33 0.00 -0.00 0.06 0.69
3.05 4.75 79.86 125.44 -7.46 -6.25 6.63 -6.47 5.33 0.00 0.00 0.06 0.69
3.07 6.83 79.71 125.20 -10.73 -6.26 4.46 -6.47 5.11 -0.02 -13.08 -1.32 -1.99
3.09 8.85 79.51 124.89 -13.90 -6.25 5.54 -6.47 5.11 0.00 0.00 -1.32 -1.99
3.10 10.81 79.27 124.51 -16.99 -4.08 5.55 -6.25 5.11 13.78 0.02 0.06 -2.65
3.12 12.88 78.96 124.03 -20.22 -4.08 6.63 -5.82 5.33 26.24 13.14 4.00 -1.33
3.14 14.86 78.61 123.48 -23.34 -1.91 7.72 -5.39 5.65 27.15 20.37 6.71 1.38
3.15 16.84 78.21 122.85 -26.46 -1.91 7.72 -4.95 5.87 26.94 13.49 9.41 2.73
3.17 18.89 77.74 122.11 -29.67 0.26 8.80 -4.30 6.30 38.97 26.00 13.31 5.33
3.18 20.89 77.22 121.30 -32.82 2.43 10.97 -3.43 6.96 52.75 39.58 18.58 9.95
3.20 22.86 76.67 120.43 -35.90 2.43 10.97 -2.56 7.50 53.44 33.41 23.93 13.29
3.22 24.78 76.06 119.48 -38.93 2.43 13.14 -1.70 8.15 53.98 40.48 29.32 17.34
3.23 26.70 75.41 118.46 -41.94 4.59 13.14 -0.61 9.02 67.47 53.99 36.07 24.05
3.25 28.66 74.69 117.33 -45.01 6.76 15.31 0.69 9.99 78.41 58.81 43.91 29.93
3.27 30.54 73.94 116.15 -47.97 11.11 16.39 2.21 11.08 94.20 67.29 51.96 36.65
3.28 32.35 73.17 114.93 -50.82 11.11 19.65 3.73 12.38 96.77 82.94 59.01 43.63
3.30 34.24 72.30 113.57 -53.79 13.29 20.75 5.25 13.68 91.92 78.77 65.49 49.47
3.31 36.12 71.38 112.13 -56.74 15.48 21.84 6.99 15.10 104.47 84.86 73.24 56.61
3.33 37.92 70.44 110.65 -59.57 19.87 25.14 8.95 16.73 121.27 100.99 81.47 64.11
3.35 39.78 69.41 109.03 -62.49 22.08 25.15 10.91 18.15 116.10 83.79 87.80 68.53
3.36 41.47 68.41 107.46 -65.14 24.32 29.57 13.10 20.01 140.58 119.40 96.52 77.13
3.38 43.18 67.34 105.78 -67.83 28.80 31.83 15.74 21.88 163.73 116.04 107.49 84.69
3.40 44.88 66.23 104.03 -70.49 31.05 31.86 18.39 23.75 164.05 116.14 117.15 90.90
3.41 46.60 65.02 102.14 -73.20 33.34 34.13 21.04 25.63 158.71 112.41 125.18 96.26
3.43 48.21 63.84 100.29 -75.72 37.91 35.34 23.73 27.53 169.15 119.53 132.67 101.49
3.44 49.79 62.62 98.36 -78.21 40.29 38.78 26.64 29.44 182.77 119.78 141.27 105.17
3.46 51.42 61.28 96.26 -80.78 42.61 38.84 29.58 31.25 174.79 107.85 149.56 108.08
3.48 52.93 59.99 94.23 -83.14 47.34 40.12 32.76 33.08 201.91 115.82 159.30 111.17
3.49 54.44 58.62 92.08 -85.51 47.42 42.41 35.52 34.80 170.07 106.67 164.18 111.74
3.51 55.95 57.18 89.82 -87.89 52.20 42.59 38.53 36.55 180.99 104.76 170.67 113.84
3.53 57.37 55.76 87.58 -90.11 54.72 45.01 41.57 38.09 190.23 96.65 175.64 111.56
3.54 58.77 54.28 85.26 -92.32 57.12 43.95 44.40 39.30 174.39 74.62 176.71 107.42
3.56 60.16 52.73 82.83 -94.50 62.04 43.00 47.50 40.42 187.32 67.29 179.03 102.54
3.57 61.45 51.22 80.46 -96.52 64.63 44.30 50.63 41.43 198.49 64.50 183.01 97.75
3.59 62.78 49.58 77.89 -98.62 67.13 43.24 53.55 42.22 173.71 46.99 183.47 90.49
3.61 63.99 48.01 75.42 -100.51 69.86 45.76 56.51 42.92 187.60 44.30 183.95 82.95
3.62 65.11 46.48 73.00 -102.28 74.94 42.45 59.74 43.28 213.14 23.83 187.79 74.54
3.64 66.30 44.77 70.33 -104.14 75.01 43.65 62.51 43.64 167.83 21.44 184.38 65.11
3.65 67.40 43.09 67.69 -105.88 77.64 42.60 65.53 43.65 188.40 1.15 186.21 54.55
3.67 68.52 41.29 64.86 -107.63 77.71 43.80 68.08 43.78 151.31 7.22 183.24 44.80
3.69 69.56 39.51 62.07 -109.27 83.25 44.13 70.93 43.69 174.20 -5.38 181.64 34.60
3.70 70.53 37.75 59.30 -110.79 83.33 45.36 73.55 43.83 163.74 8.79 180.57 28.01
3.72 71.46 35.97 56.50 -112.25 88.88 43.26 76.24 43.86 167.54 1.64 178.60 21.45
3.74 72.35 34.14 53.63 -113.65 88.88 43.26 78.66 43.75 149.96 -6.41 173.74 14.36
3.75 73.19 32.30 50.74 -114.97 88.70 40.80 80.82 43.51 134.09 -15.15 169.78 8.14
3.77 74.00 30.39 47.74 -116.24 94.52 39.92 83.28 42.92 149.35 -35.38 165.96 0.18
3.78 74.75 28.50 44.77 -117.42 94.35 37.45 85.23 42.42 120.19 -30.98 156.66 -5.31
3.80 75.47 26.54 41.68 -118.55 94.27 36.22 87.15 41.68 115.51 -44.57 151.43 -11.91
3.82 76.10 24.68 38.76 -119.54 94.20 34.99 88.81 40.92 106.08 -48.71 143.20 -16.89
3.83 76.71 22.71 35.68 -120.49 98.54 31.52 90.89 39.69 127.38 -75.13 140.80 -25.13
3.85 77.26 20.76 32.61 -121.36 97.08 32.68 92.28 38.55 85.47 -70.76 131.93 -31.67
3.87 77.78 18.72 29.41 -122.17 102.89 24.31 94.23 36.44 117.21 -126.14 127.28 -45.16
3.88 78.24 16.70 26.23 -122.90 102.94 25.54 95.64 34.67 85.10 -107.26 119.03 -56.05
3.90 78.63 14.72 23.13 -123.52 111.08 25.79 97.86 32.92 138.43 -108.94 117.88 -66.30
3.91 78.98 12.72 19.97 -124.07 99.91 27.89 98.98 31.63 69.11 -79.60 111.38 -72.75
3.93 79.28 10.73 16.86 -124.53 101.21 20.59 99.65 29.70 41.89 -120.96 100.64 -81.31
3.95 79.53 8.62 13.54 -124.93 105.92 18.22 100.80 27.77 68.46 -113.82 95.46 -89.59
3.96 79.73 6.60 10.36 -125.24 105.88 15.75 101.97 25.73 71.61 -126.26 91.07 -97.76
3.98 79.87 4.56 7.17 -125.46 105.86 13.29 103.13 23.56 71.95 -133.86 87.66 -106.27
4.00 79.96 2.53 3.97 -125.60 105.86 10.83 103.86 21.49 45.19 -127.74 79.44 -111.53
4.01 80.00 0.54 0.86 -125.66 105.94 4.67 104.75 18.69 56.06 -177.21 76.50 -122.18
4.03 79.98 -1.56 -2.45 -125.64 105.94 4.67 105.05 16.73 18.19 -117.17 66.60 -121.28
4.04 79.92 -3.56 -5.59 -125.54 102.85 1.05 105.05 14.28 -0.57 -154.04 58.03 -125.96
4.06 79.80 -5.63 -8.84 -125.35 106.13 -1.51 104.55 11.55 -29.95 -165.42 41.19 -131.61
4.08 79.64 -7.63 -11.99 -125.09 100.02 -6.23 104.56 8.13 0.69 -213.44 34.35 -144.99
4.09 79.41 -9.70 -15.23 -124.74 100.15 -8.69 104.46 5.21 -6.42 -177.07 29.52 -150.60
4.11 79.14 -11.73 -18.42 -124.31 100.30 -11.17 103.89 2.27 -34.47 -180.39 19.23 -157.26
4.13 78.81 -13.72 -21.55 -123.80 100.76 -17.42 103.38 -1.05 -31.87 -206.27 8.88 -165.26
4.14 78.44 -15.75 -24.73 -123.21 100.47 -13.66 102.84 -3.75 -32.90 -164.42 -1.61 -168.32
4.16 78.02 -17.70 -27.81 -122.55 101.32 -23.77 102.39 -7.21 -28.50 -217.27 -8.98 -177.27
4.18 77.54 -19.70 -30.94 -121.79 98.31 -24.80 101.63 -10.15 -46.67 -180.25 -19.25 -177.57
4.19 76.99 -21.73 -34.13 -120.94 96.49 -36.18 100.68 -14.24 -56.56 -244.47 -26.72 -190.30
4.21 76.43 -23.62 -37.10 -120.06 95.74 -29.66 99.97 -17.31 -45.25 -195.62 -31.19 -194.46
4.22 75.79 -25.61 -40.22 -119.05 96.33 -34.86 98.99 -20.64 -59.00 -200.77 -34.10 -198.00
4.24 75.11 -27.55 -43.27 -117.98 93.57 -37.17 98.35 -23.74 -39.41 -189.09 -38.11 -195.56
4.26 74.39 -29.44 -46.24 -116.85 94.07 -41.15 97.74 -26.98 -37.79 -201.62 -41.24 -198.02
4.27 73.61 -31.33 -49.21 -115.63 88.36 -43.14 96.54 -30.18 -73.33 -196.30 -45.13 -199.61
4.29 72.77 -33.24 -52.22 -114.30 88.88 -47.18 95.35 -33.16 -71.35 -178.83 -49.08 -196.86
4.30 71.91 -35.06 -55.07 -112.95 85.91 -46.83 93.90 -36.47 -91.06 -207.37 -54.89 -201.16
4.32 71.00 -36.86 -57.91 -111.53 82.22 -51.73 91.99 -39.27 -118.78 -173.89 -63.92 -196.82
4.34 70.04 -38.66 -60.73 -110.01 82.40 -53.10 90.40 -42.10 -97.99 -174.40 -69.05 -196.24
4.35 68.99 -40.50 -63.61 -108.37 78.44 -55.32 88.59 -44.02 -107.40 -113.91 -74.14 -183.18
4.37 67.99 -42.16 -66.22 -106.80 78.81 -58.11 86.90 -46.86 -109.94 -184.67 -80.61 -182.08
4.39 66.87 -43.91 -68.97 -105.05 79.00 -59.52 85.17 -49.33 -104.80 -149.12 -85.19 -176.92
4.40 65.76 -45.55 -71.56 -103.30 69.50 -61.06 82.76 -51.71 -152.19 -151.03 -96.46 -173.11
4.42 64.56 -47.24 -74.21 -101.41 72.65 -64.26 80.62 -54.02 -130.06 -140.26 -105.69 -166.98
4.43 63.30 -48.92 -76.85 -99.43 64.55 -64.62 78.24 -56.17 -142.21 -128.28 -112.58 -160.18
4.45 62.05 -50.50 -79.33 -97.46 62.19 -67.14 75.57 -58.17 -166.51 -124.52 -122.10 -154.75
4.47 60.72 -52.09 -81.82 -95.38 63.05 -63.04 73.28 -59.79 -138.74 -98.43 -126.86 -143.85
4.48 59.36 -53.63 -84.24 -93.25 59.67 -68.26 71.03 -61.44 -138.11 -101.21 -128.80 -136.58
4.50 58.00 -55.10 -86.55 -91.10 57.50 -72.30 68.54 -63.36 -155.84 -120.07 -134.58 -131.15
4.52 56.56 -56.57 -88.86 -88.85 53.54 -71.83 66.05 -65.01 -152.41 -101.05 -139.08 -129.86
4.53 55.08 -58.02 -91.14 -86.52 52.38 -73.14 63.40 -66.52 -160.11 -91.09 -144.10 -120.51
4.55 53.58 -59.41 -93.31 -84.17 48.64 -74.18 60.37 -67.98 -187.03 -90.32 -152.32 -114.63
4.57 52.06 -60.74 -95.41 -81.78 49.07 -78.66 58.32 -69.74 -126.93 -109.31 -149.79 -110.45
4.58 50.48 -62.07 -97.49 -79.29 46.20 -75.38 55.68 -70.85 -160.84 -67.68 -152.87 -103.20
4.60 48.89 -63.32 -99.47 -76.79 43.90 -78.10 53.61 -72.20 -128.02 -83.56 -151.45 -98.72
4.61 47.26 -64.55 -101.39 -74.24 42.63 -77.97 51.66 -73.29 -120.91 -66.91 -146.89 -92.96
4.63 45.67 -65.68 -103.17 -71.74 38.94 -79.10 49.25 -74.89 -154.95 -103.25 -148.51 -93.44
4.65 44.04 -66.79 -104.91 -69.17 38.94 -79.10 47.17 -75.98 -131.78 -68.97 -147.88 -90.22
4.66 42.27 -67.92 -106.69 -66.40 36.54 -80.38 45.08 -76.78 -125.60 -48.46 -144.86 -83.06
4.68 40.55 -68.96 -108.32 -63.70 34.03 -80.17 43.13 -77.62 -122.13 -52.23 -141.83 -78.18
4.69 38.79 -69.97 -109.91 -60.93 32.98 -83.11 41.19 -78.62 -119.93 -61.62 -137.81 -75.23
4.71 37.01 -70.92 -111.41 -58.14 31.54 -79.98 39.48 -79.20 -106.47 -36.10 -129.76 -69.81
4.73 35.19 -71.84 -112.85 -55.28 29.15 -81.30 37.49 -79.46 -122.87 -16.33 -129.35 -60.51
4.74 33.28 -72.75 -114.27 -52.28 27.92 -81.22 35.66 -80.04 -108.71 -34.69 -124.14 -57.21
4.76 31.44 -73.56 -115.55 -49.38 25.45 -81.06 33.81 -80.34 -114.89 -18.46 -122.82 -50.70
4.78 29.56 -74.34 -116.77 -46.43 20.62 -82.30 31.61 -80.77 -136.11 -26.80 -124.34 -46.69
4.79 27.64 -75.07 -117.92 -43.42 20.56 -80.79 29.77 -80.94 -112.61 -10.36 -120.11 -37.40
4.81 25.75 -75.74 -118.98 -40.44 20.56 -80.79 27.94 -81.11 -114.79 -10.56 -118.41 -31.56
4.82 23.75 -76.39 -120.00 -37.31 19.52 -85.30 26.23 -81.60 -101.87 -29.42 -116.04 -29.66
4.84 21.85 -76.96 -120.89 -34.32 18.29 -85.24 24.66 -82.11 -99.62 -32.09 -113.79 -27.64
4.86 19.86 -77.49 -121.73 -31.20 15.84 -85.14 22.95 -82.31 -104.84 -12.43 -112.28 -22.72
4.87 17.90 -77.97 -122.48 -28.12 14.50 -80.55 21.24 -82.37 -105.99 -3.57 -112.23 -19.47
4.89 15.84 -78.42 -123.18 -24.88 12.06 -79.00 19.53 -82.14 -101.91 13.75 -110.14 -16.46
4.91 13.72 -78.81 -123.80 -21.56 12.12 -81.98 17.95 -82.22 -92.19 -4.43 -108.48 -13.44
4.92 11.76 -79.13 -124.30 -18.47 8.48 -80.40 16.26 -82.15 -107.14 4.16 -107.71 -11.18
4.94 9.77 -79.40 -124.72 -15.34 9.66 -78.94 15.16 -81.81 -68.60 21.01 -100.96 -6.39
4.95 7.79 -79.62 -125.07 -12.23 3.68 -81.85 13.47 -81.92 -106.49 -6.63 -100.34 -6.02
4.97 5.77 -79.79 -125.34 -9.06 4.87 -80.36 11.90 -81.88 -97.38 2.71 -98.60 -4.69
4.99 3.69 -79.91 -125.53 -5.80 1.27 -80.35 10.08 -81.38 -110.17 29.90 -99.43 1.24
5.00 1.62 -79.98 -125.64 -2.55 -2.33 -80.37 8.01 -80.89 -125.19 29.57 -101.99 7.40
5.02 -0.33 -80.00 -125.66 0.51 -2.34 -81.87 6.20 -80.57 -117.21 21.10 -103.23 10.76
5.04 -2.44 -79.96 -125.61 3.83 -4.78 -83.41 4.27 -80.85 -114.59 -17.03 -104.09 9.41
5.05 -4.45 -79.88 -125.47 6.99 -4.71 -78.92 2.59 -80.85 -104.72 0.45 -104.37 8.08
5.07 -6.52 -79.73 -125.25 10.24 -5.96 -81.93 0.78 -80.84 -109.54 0.31 -106.10 8.55
5.08 -8.51 -79.55 -124.95 13.37 -9.59 -82.02 -1.02 -81.00 -113.44 -10.16 -106.73 7.12
5.10 -10.57 -79.30 -124.56 16.61 -12.01 -82.10 -3.19 -81.32 -131.09 -19.12 -112.98 3.11
5.12 -12.56 -79.01 -124.10 19.74 -11.88 -77.64 -4.75 -80.90 -97.21 26.27 -112.05 6.40
5.13 -14.56 -78.66 -123.56 22.87 -15.44 -76.32 -6.78 -80.49 -125.92 25.02 -114.91 8.63
5.15 -16.60 -78.26 -122.93 26.07 -17.92 -77.90 -8.70 -80.25 -116.09 14.83 -115.50 7.12
5.17 -18.55 -77.82 -122.24 29.13 -21.57 -78.09 -10.62 -80.02 -121.08 14.33 -115.09 5.60
5.18 -20.51 -77.33 -121.46 32.22 -22.72 -76.70 -12.66 -79.50 -126.23 32.04 -115.99 6.69
5.20 -22.55 -76.76 -120.57 35.43 -24.10 -79.73 -14.59 -79.14 -114.70 21.85 -116.00 10.58
5.21 -24.44 -76.17 -119.65 38.40 -28.76 -75.65 -16.99 -78.81 -152.80 20.82 -120.81 12.62
5.23 -26.43 -75.51 -118.61 41.52 -28.67 -74.19 -19.27 -78.03 -136.24 46.39 -123.48 17.23
5.25 -28.34 -74.81 -117.51 44.52 -31.24 -75.84 -21.43 -77.42 -133.89 38.23 -125.53 22.07
5.26 -30.27 -74.05 -116.32 47.55 -34.87 -74.69 -23.72 -76.67 -138.51 44.93 -126.27 28.47
5.28 -32.12 -73.27 -115.09 50.45 -38.65 -75.03 -26.39 -76.41 -167.75 16.37 -133.32 27.48
5.30 -34.01 -72.41 -113.74 53.43 -41.46 -78.26 -29.00 -76.61 -156.78 -11.67 -136.41 23.81
5.31 -35.81 -71.54 -112.37 56.25 -41.06 -73.81 -31.31 -76.20 -145.62 25.69 -139.36 24.90
5.33 -37.59 -70.62 -110.92 59.05 -44.77 -72.75 -33.63 -75.66 -145.37 33.51 -141.79 26.82
5.34 -39.43 -69.61 -109.34 61.94 -45.92 -71.43 -35.95 -75.14 -139.04 31.56 -143.07 26.77
5.36 -41.17 -68.59 -107.75 64.67 -47.22 -71.57 -38.26 -74.32 -144.49 51.03 -146.05 29.69
5.38 -42.91 -67.52 -106.05 67.41 -49.39 -67.54 -40.33 -73.51 -126.31 49.66 -143.40 32.57
5.39 -44.65 -66.38 -104.27 70.14 -53.31 -67.98 -42.79 -72.89 -149.17 37.65 -144.69 31.70
5.41 -46.31 -65.23 -102.47 72.75 -54.47 -66.70 -45.11 -71.97 -144.58 56.86 -145.76 33.56
5.43 -47.98 -64.02 -100.56 75.36 -56.97 -65.59 -47.32 -71.06 -134.84 55.51 -145.40 34.62
5.44 -49.62 -62.76 -98.58 77.94 -58.15 -64.33 -49.27 -69.99 -118.38 64.96 -140.46 39.48
5.46 -51.16 -61.50 -96.61 80.36 -60.68 -63.24 -51.19 -68.49 -121.34 94.84 -136.91 50.13
5.47 -52.74 -60.15 -94.49 82.85 -61.70 -60.60 -53.26 -67.17 -124.85 79.93 -134.84 55.55
5.49 -54.23 -58.81 -92.38 85.19 -63.39 -63.57 -55.12 -66.25 -116.51 57.40 -131.95 57.94
5.51 -55.72 -57.41 -90.18 87.52 -64.42 -60.92 -56.97 -65.20 -113.95 64.71 -129.44 61.26
5.52 -57.16 -55.97 -87.92 89.79 -66.84 -58.47 -58.93 -63.89 -120.92 80.72 -127.08 64.22
5.54 -58.57 -54.50 -85.60 92.00 -66.84 -58.47 -60.68 -62.99 -107.79 56.02 -125.23 64.86
5.56 -59.96 -52.96 -83.18 94.19 -67.73 -54.51 -62.12 -61.64 -87.11 81.35 -119.03 69.23
5.57 -61.29 -51.41 -80.75 96.28 -70.33 -53.47 -63.71 -60.32 -97.69 81.48 -114.34 71.69
5.59 -62.58 -49.84 -78.29 98.30 -69.87 -49.43 -64.99 -58.70 -79.93 100.17 -108.85 76.16
5.60 -63.83 -48.23 -75.76 100.26 -71.41 -50.92 -66.32 -57.36 -81.63 82.54 -105.17 77.91
5.62 -64.99 -46.65 -73.28 102.08 -78.53 -51.77 -68.11 -56.21 -114.84 73.76 -104.52 75.81
5.64 -66.13 -45.02 -70.72 103.88 -75.31 -48.71 -69.47 -55.03 -85.70 74.83 -100.61 75.30
5.65 -67.26 -43.31 -68.04 105.65 -75.15 -47.38 -70.64 -53.41 -72.24 99.48 -96.18 79.50
5.67 -68.34 -41.60 -65.34 107.34 -78.18 -49.05 -72.02 -52.22 -85.37 73.70 -93.32 80.40
5.68 -69.38 -39.83 -62.57 108.98 -77.69 -45.03 -73.10 -50.87 -66.46 82.31 -87.88 80.56
5.70 -70.40 -38.00 -59.68 110.59 -80.26 -42.70 -74.45 -49.30 -80.39 94.46 -85.14 84.41
5.72 -71.35 -36.18 -56.83 112.08 -80.11 -41.38 -75.69 -47.98 -75.76 80.34 -84.00 84.30
5.73 -72.25 -34.35 -53.95 113.49 -79.82 -38.77 -76.63 -46.51 -58.40 90.55 -80.07 85.21
5.75 -73.08 -32.54 -51.11 114.80 -82.57 -37.76 -77.90 -45.35 -80.38 73.84 -80.12 82.58
5.77 -73.91 -30.62 -48.09 116.10 -83.35 -31.46 -79.10 -43.40 -71.63 116.72 -79.12 86.00
5.78 -74.65 -28.77 -45.19 117.26 -82.03 -32.61 -79.45 -41.48 -22.11 121.20 -69.85 90.74
5.80 -75.36 -26.86 -42.18 118.37 -81.66 -28.81 -80.08 -39.49 -39.08 122.51 -65.18 95.51
5.81 -76.04 -24.86 -39.05 119.44 -84.22 -25.27 -80.99 -37.28 -54.05 131.78 -63.36 98.74
5.83 -76.64 -22.95 -36.06 120.38 -84.01 -22.77 -81.57 -34.65 -36.67 165.23 -58.49 107.89
5.85 -77.19 -21.00 -32.99 121.26 -83.64 -17.84 -82.17 -31.93 -36.81 168.28 -55.53 116.49
5.86 -77.76 -18.78 -29.50 122.15 -83.64 -17.84 -82.51 -29.45 -18.51 136.30 -49.34 120.68
5.88 -78.16 -17.04 -26.77 122.78 -83.33 -12.96 -82.83 -26.61 -22.63 199.96 -44.03 132.64
5.90 -78.59 -14.97 -23.51 123.44 -83.26 -11.75 -83.17 -23.91 -20.42 160.36 -40.23 139.62
5.91 -78.93 -13.01 -20.44 123.99 -88.83 -7.16 -83.80 -20.85 -39.57 193.64 -36.15 151.60
5.93 -79.24 -11.00 -17.28 124.47 -85.84 -5.84 -84.05 -18.29 -15.34 158.13 -30.52 155.74
5.94 -79.50 -8.97 -14.09 124.87 -85.66 -1.04 -84.41 -15.13 -22.33 194.16 -30.54 163.03
5.96 -79.70 -6.96 -10.93 125.19 -88.51 1.29 -85.09 -12.12 -42.50 186.91 -30.88 169.47
5.98 -79.85 -4.89 -7.67 125.43 -88.51 1.29 -85.52 -9.46 -25.89 160.42 -28.07 172.34
5.99 -79.95 -2.82 -4.43 125.59 -85.49 6.12 -85.67 -6.58 -9.03 175.84 -25.30 173.40
6.01 -80.00 -0.79 -1.24 125.66 -88.38 8.47 -86.14 -3.94 -29.23 162.29 -24.55 172.80
6.03 -79.99 1.22 1.92 125.65 -88.36 12.06 -86.62 -0.95 -29.58 187.23 -25.65 177.89
6.04 -79.93 3.26 5.11 125.56 -88.37 14.45 -87.12 1.79 -31.12 169.17 -26.50 174.81
6.06 -79.82 5.34 8.39 125.38 -88.41 18.04 -87.63 4.77 -31.03 179.46 -27.56 176.72
6.07 -79.66 7.34 11.53 125.13 -88.43 19.24 -87.60 7.41 2.49 165.39 -23.36 173.90
6.09 -79.45 9.38 14.74 124.80 -85.59 22.77 -87.57 10.27 1.51 174.85 -21.67 175.57
6.11 -79.18 11.40 17.91 124.38 -88.58 25.24 -87.86 12.90 -18.04 162.18 -21.24 172.37
6.12 -78.87 13.37 21.01 123.90 -85.79 28.76 -87.59 15.64 17.07 172.86 -15.28 170.97
6.14 -78.51 15.39 24.18 123.32 -88.89 32.50 -87.63 18.76 -2.36 191.14 -12.93 174.04
6.16 -78.08 17.41 27.35 122.65 -85.90 31.17 -87.67 21.27 -2.47 152.90 -12.28 171.75
6.17 -77.60 19.47 30.58 121.89 -86.15 36.01 -87.45 24.02 13.21 163.58 -8.03 171.88
6.19 -77.08 21.41 33.63 121.08 -89.10 36.16 -87.52 26.43 -4.62 150.96 -5.54 168.25
6.21 -76.51 23.39 36.73 120.17 -87.77 38.53 -87.46 28.84 3.63 146.77 -2.06 166.01
6.22 -75.89 25.32 39.77 119.20 -85.01 40.82 -87.12 31.12 21.02 140.92 3.14 162.15
6.24 -75.24 27.18 42.70 118.19 -85.28 44.52 -86.81 33.65 20.07 161.18 4.90 161.73
6.25 -74.51 29.12 45.74 117.04 -85.48 47.00 -86.80 36.07 0.69 147.06 4.82 158.95
6.27 -73.70 31.12 48.89 115.76 -85.59 48.25 -86.50 38.37 17.42 133.70 8.36 156.11
6.29 -72.93 32.89 51.66 114.55 -80.02 50.32 -85.92 40.53 37.71 140.90 10.43 152.91
6.30 -72.07 34.72 54.54 113.21 -81.45 50.42 -85.18 42.32 46.28 111.49 15.29 144.95
6.32 -71.13 36.61 57.50 111.73 -81.68 52.93 -84.75 44.50 25.14 129.54 18.05 142.61
6.33 -70.20 38.37 60.28 110.26 -79.05 55.22 -84.04 46.42 44.69 120.84 21.20 138.34
6.35 -69.19 40.16 63.08 108.69 -77.75 56.36 -82.91 48.44 69.68 124.09 28.63 135.65
6.37 -68.11 41.96 65.91 106.99 -76.35 56.25 -81.77 50.21 68.40 106.05 35.11 131.58
6.38 -67.05 43.64 68.55 105.32 -80.86 59.16 -81.35 52.04 26.14 115.50 35.62 129.03
6.40 -65.88 45.38 71.28 103.49 -75.07 57.39 -80.33 53.33 61.42 77.43 39.76 120.66
6.42 -64.72 47.02 73.86 101.66 -75.57 62.49 -79.34 54.88 61.86 96.63 45.87 115.62
6.43 -63.53 48.62 76.37 99.79 -75.98 66.38 -78.38 56.69 60.49 114.16 50.18 113.66
6.45 -62.25 50.25 78.94 97.77 -75.84 65.07 -77.96 58.17 25.32 89.25 48.94 108.50
6.47 -60.94 51.83 81.42 95.72 -76.13 67.69 -77.43 59.89 32.63 105.81 47.58 107.93
6.48 -59.51 53.46 83.98 93.48 -73.61 70.03 -76.62 61.60 46.79 99.12 49.74 104.89
6.50 -58.23 54.86 86.17 91.46 -72.07 68.57 -75.92 62.94 46.30 88.46 49.90 101.65
6.51 -56.78 56.36 88.53 89.19 -69.59 70.91 -75.10 64.39 49.25 87.73 47.86 98.02
6.53 -55.36 57.75 90.71 86.97 -67.00 71.95 -74.17 65.96 59.27 99.52 46.95 97.36
6.55 -53.83 59.18 92.97 84.55 -67.14 73.27 -72.80 67.37 81.94 84.26 52.53 94.24
6.56 -52.27 60.56 95.13 82.11 -65.92 74.46 -71.88 69.08 55.44 103.42 51.93 96.84
6.58 -50.77 61.83 97.12 79.75 -66.22 77.14 -70.95 70.54 59.72 93.57 51.71 96.53
6.60 -49.16 63.11 99.14 77.22 -66.22 77.14 -69.97 71.62 59.53 65.59 51.62 91.67
6.61 -47.51 64.36 101.10 74.63 -61.26 80.61 -68.51 73.17 88.51 94.32 57.94 92.18
6.63 -45.96 65.48 102.86 72.19 -58.74 81.68 -66.78 74.57 114.34 92.03 66.11 90.80
6.64 -44.28 66.63 104.66 69.55 -56.39 84.13 -65.05 75.98 106.00 86.85 72.03 89.58
6.66 -42.60 67.72 106.37 66.91 -56.53 85.52 -63.50 77.68 97.72 106.64 77.17 91.39
6.68 -40.86 68.78 108.04 64.18 -54.19 88.02 -61.96 79.39 94.87 105.40 81.73 93.16
6.69 -39.05 69.82 109.67 61.34 -52.88 87.87 -60.55 80.98 85.14 96.06 84.32 92.81
6.71 -37.21 70.82 111.24 58.46 -49.13 88.86 -58.75 82.54 108.24 93.71 86.95 93.76
6.72 -35.44 71.72 112.66 55.67 -46.69 90.00 -56.82 84.10 121.21 97.99 93.53 93.22
6.74 -33.60 72.60 114.04 52.78 -44.39 92.57 -54.64 85.64 134.70 95.28 101.03 93.39
6.76 -31.69 73.45 115.38 49.79 -39.34 92.10 -51.96 87.14 161.67 90.01 111.24 95.83
6.77 -29.86 74.22 116.58 46.91 -39.34 92.10 -49.76 88.28 138.75 72.74 116.26 93.67
6.79 -27.92 74.97 117.76 43.86 -35.51 90.39 -47.44 89.16 140.41 52.63 118.87 89.73
6.81 -26.00 75.66 118.84 40.84 -34.78 97.38 -45.28 90.48 132.99 81.49 121.57 89.19
6.82 -24.05 76.30 119.85 37.78 -29.73 95.55 -42.60 91.48 164.23 61.50 128.22 84.68
6.84 -22.11 76.88 120.77 34.74 -29.82 96.98 -40.16 92.38 151.17 55.64 133.85 79.70
6.85 -20.12 77.43 121.63 31.60 -27.29 95.38 -37.60 93.13 155.24 45.56 140.86 74.65
6.87 -18.15 77.92 122.39 28.50 -25.09 99.54 -35.20 94.20 148.82 66.09 144.92 71.89
6.89 -16.16 78.35 123.07 25.38 -20.22 99.25 -32.55 95.12 163.63 57.16 149.16 67.81
6.90 -14.18 78.73 123.67 22.28 -17.92 102.04 -29.91 96.07 165.34 59.17 152.23 64.20
6.92 -12.14 79.07 124.21 19.07 -15.50 101.93 -27.52 97.05 144.74 59.69 150.53 61.17
6.94 -10.10 79.36 124.66 15.86 -14.34 103.35 -25.02 98.18 152.00 68.45 151.86 60.74
6.95 -8.10 79.59 125.02 12.72 -10.68 101.75 -22.54 99.32 155.02 70.94 153.32 62.57
6.97 -6.03 79.77 125.31 9.48 -9.52 103.18 -20.01 99.90 153.24 35.23 155.34 57.94
6.98 -4.05 79.90 125.50 6.37 -8.35 104.64 -17.87 100.80 135.47 57.54 152.47 57.55
7.00 -2.01 79.97 125.62 3.16 -5.94 104.58 -15.49 101.56 147.04 46.75 152.05 56.66
7.02 0.08 80.00 125.66 -0.13 -1.12 103.03 -12.87 102.33 157.02 45.87 152.23 56.69
7.03 2.09 79.97 125.62 -3.28 0.09 100.10 -10.35 102.38 157.34 3.51 153.08 50.43
7.05 4.17 79.89 125.49 -6.55 3.68 106.00 -7.96 103.06 144.54 40.82 151.18 48.79
7.07 6.16 79.76 125.29 -9.67 7.29 106.03 -5.44 103.46 158.94 25.13 150.54 45.39
7.08 8.28 79.57 124.99 -13.00 7.24 101.58 -3.16 103.42 134.18 -2.06 149.48 39.22
7.10 10.30 79.33 124.62 -16.19 12.03 101.67 -0.53 103.25 162.45 -10.36 150.52 31.33
7.12 12.24 79.06 124.18 -19.23 13.26 103.18 1.87 103.40 153.74 9.17 150.40 25.16
7.13 14.38 78.70 123.62 -22.60 17.99 100.41 4.62 103.12 159.07 -16.06 150.98 20.03
7.15 16.27 78.33 123.04 -25.56 19.14 99.01 7.37 102.56 179.49 -36.75 155.38 10.60
7.16 18.26 77.89 122.35 -28.68 21.55 99.11 10.12 102.01 170.15 -33.83 157.69 2.54
7.18 20.26 77.39 121.57 -31.82 21.73 103.51 12.40 102.06 139.23 2.95 155.91 -1.75
7.20 22.25 76.84 120.70 -34.95 28.83 99.52 15.27 102.00 174.45 -3.51 157.62 -2.45
7.21 24.18 76.26 119.79 -37.98 28.68 96.63 17.77 101.07 155.97 -58.41 158.77 -12.37
7.23 26.11 75.62 118.78 -41.01 31.11 96.79 20.16 100.14 147.20 -57.09 157.59 -20.60
7.24 28.09 74.91 117.66 -44.12 32.25 95.45 22.66 99.53 149.55 -36.68 159.13 -24.06
7.26 29.98 74.17 116.51 -47.09 38.11 91.67 25.27 98.53 161.45 -61.95 159.03 -29.22
7.28 31.83 73.40 115.29 -50.00 38.11 91.67 27.75 97.38 155.61 -72.08 159.22 -37.34
7.29 33.67 72.57 113.99 -52.89 43.08 92.07 30.26 96.54 156.03 -51.82 158.91 -40.92
7.31 35.52 71.68 112.60 -55.80 43.08 92.07 32.65 95.85 146.69 -42.49 155.63 -41.49
7.33 37.38 70.73 111.10 -58.72 45.25 88.11 35.02 94.75 142.61 -66.20 152.88 -44.73
7.34 39.14 69.77 109.60 -61.47 47.64 86.96 37.61 93.09 162.92 -104.06 155.25 -55.43
7.36 40.88 68.76 108.01 -64.22 50.05 85.81 39.74 91.72 132.16 -85.34 151.02 -63.61
7.37 42.65 67.69 106.32 -66.99 52.72 87.44 42.14 90.80 146.26 -55.92 150.05 -63.36
7.39 44.40 66.55 104.53 -69.74 57.23 81.11 44.75 89.24 157.02 -94.26 151.03 -67.08
7.41 46.18 65.33 102.61 -72.54 57.49 83.83 47.28 88.07 146.94 -67.62 150.77 -70.17
7.42 47.72 64.21 100.87 -74.95 59.83 81.37 49.45 87.05 143.89 -68.19 149.01 -70.80
7.44 49.35 62.96 98.90 -77.53 64.83 79.22 52.12 85.80 162.80 -75.83 149.73 -71.17
7.46 50.94 61.69 96.90 -80.02 67.22 76.81 54.54 84.27 149.17 -94.29 149.05 -75.42
7.47 52.53 60.34 94.78 -82.51 66.81 72.83 56.91 82.35 143.01 -115.95 148.68 -82.77
7.49 54.04 58.99 92.66 -84.88 72.07 72.06 59.59 80.74 166.83 -99.86 151.10 -86.13
7.50 55.49 57.63 90.53 -87.16 71.66 68.13 61.99 78.86 151.88 -119.07 150.00 -87.63
7.52 56.96 56.17 88.24 -89.47 77.02 67.37 64.69 77.02 163.49 -111.84 153.13 -90.28
7.54 58.38 54.70 85.92 -91.71 76.62 63.48 67.08 74.62 146.34 -146.74 153.14 -99.36
7.55 59.72 53.23 83.61 -93.81 79.01 59.90 69.26 72.50 137.50 -133.93 151.19 -103.33
7.57 61.08 51.66 81.15 -95.94 81.83 60.15 71.69 70.13 147.83 -143.86 151.27 -110.96
7.59 62.38 50.08 78.67 -97.99 81.45 56.34 73.85 67.63 132.54 -153.47 150.14 -119.48
7.60 63.62 48.50 76.18 -99.94 84.29 56.58 75.80 65.36 121.66 -141.52 146.03 -126.05
7.62 64.84 46.85 73.60 -101.86 84.05 54.05 77.48 63.09 103.20 -139.56 141.43 -130.58
7.63 65.96 45.27 71.11 -103.61 86.58 50.51 79.46 60.86 128.14 -144.65 139.94 -133.45
7.65 67.08 43.59 68.47 -105.37 86.37 48.02 80.89 58.45 89.02 -149.62 132.16 -138.43
7.67 68.21 41.80 65.67 -107.14 89.27 48.23 82.65 56.46 104.88 -118.50 127.46 -138.37
7.68 69.23 40.10 62.99 -108.74 91.91 44.69 84.14 54.19 94.19 -143.43 120.53 -141.53
7.70 70.21 38.34 60.23 -110.29 91.63 40.97 85.64 51.94 93.66 -140.42 115.26 -140.90
7.71 71.20 36.47 57.29 -111.84 91.54 39.74 86.89 49.93 74.43 -119.74 108.96 -139.48
7.73 72.08 34.72 54.53 -113.22 97.47 38.85 88.46 47.80 100.22 -136.44 104.19 -138.73
7.75 73.00 32.72 51.39 -114.67 94.20 34.99 89.73 45.66 72.71 -121.77 98.21 -135.56
7.76 73.77 30.96 48.63 -115.87 97.15 33.91 91.02 43.40 84.26 -148.61 94.47 -136.27
7.78 74.53 29.08 45.67 -117.07 97.08 32.68 92.32 41.26 80.59 -132.22 92.21 -135.54
7.80 75.27 27.11 42.59 -118.23 96.84 27.79 93.35 38.99 61.39 -135.97 85.54 -134.67
7.81 75.92 25.21 39.60 -119.26 96.75 25.36 94.38 36.72 64.78 -141.49 83.11 -133.86
7.83 76.55 23.25 36.52 -120.24 96.71 24.14 95.13 34.31 45.46 -147.29 77.17 -136.74
7.84 77.11 21.32 33.50 -121.12 96.67 22.93 95.60 32.14 29.81 -136.32 70.73 -136.03
7.86 77.62 19.36 30.40 -121.93 96.58 19.30 96.10 29.97 30.58 -133.82 64.42 -135.37
7.88 78.09 17.36 27.27 -122.67 99.59 16.92 96.90 27.69 49.35 -139.91 61.92 -137.38
7.89 78.52 15.32 24.07 -123.34 96.53 15.68 96.81 25.37 -5.68 -139.80 51.33 -137.72
7.91 78.88 13.36 20.98 -123.90 93.52 12.06 96.74 23.08 -4.27 -144.36 43.63 -139.98
7.93 79.20 11.26 17.68 -124.41 96.53 8.44 96.68 20.53 -3.68 -150.63 34.83 -140.18
7.94 79.46 9.28 14.58 -124.82 96.56 6.03 96.63 17.86 -3.29 -168.04 26.44 -143.76
7.96 79.67 7.27 11.41 -125.14 96.58 4.82 96.60 15.57 -1.63 -142.41 20.14 -144.41
7.97 79.83 5.17 8.13 -125.40 96.60 3.61 96.59 13.39 -0.86 -130.19 13.58 -143.28
7.99 79.94 3.18 4.99 -125.56 99.69 2.34 96.89 11.21 18.75 -137.09 10.91 -142.26
8.01 79.99 1.09 1.71 -125.65 99.90 -3.77 97.21 8.54 19.43 -160.38 9.87 -144.66
8.02 79.99 -1.03 -1.61 -125.65 93.94 -5.99 96.94 6.01 -15.73 -150.43 5.24 -146.32
8.04 79.94 -2.98 -4.69 -125.58 91.04 -7.09 96.09 3.61 -54.90 -154.12 -5.19 -147.74
8.06 79.84 -5.01 -7.87 -125.42 94.12 -9.65 95.85 1.08 -14.88 -156.66 -6.11 -149.43
8.07 79.69 -7.00 -11.00 -125.18 94.19 -10.87 95.92 -1.21 4.22 -144.28 -5.26 -149.42
8.09 79.48 -9.12 -14.33 -124.84 91.53 -15.62 95.42 -3.62 -29.46 -141.95 -7.84 -148.56
8.10 79.23 -11.11 -17.44 -124.45 91.62 -16.85 94.92 -5.91 -31.05 -143.85 -10.61 -146.14
8.12 78.92 -13.10 -20.57 -123.97 91.80 -19.33 94.45 -8.32 -29.79 -150.62 -13.43 -146.96
8.14 78.55 -15.14 -23.78 -123.39 92.00 -21.81 93.98 -10.86 -27.87 -154.01 -16.13 -149.34
8.15 78.14 -17.17 -26.96 -122.74 86.17 -21.42 92.63 -13.24 -82.15 -144.32 -26.22 -150.06
8.17 77.68 -19.14 -30.07 -122.01 89.72 -29.14 91.61 -15.78 -63.06 -157.15 -34.47 -149.74
8.19 77.15 -21.17 -33.25 -121.19 89.60 -27.87 91.18 -17.96 -26.04 -131.45 -35.50 -147.84
8.20 76.60 -23.08 -36.26 -120.32 87.04 -31.43 90.78 -20.40 -25.19 -153.40 -32.53 -147.77
8.22 75.99 -25.02 -39.30 -119.36 87.31 -33.99 90.10 -22.83 -42.19 -150.64 -35.26 -147.17
8.24 75.33 -26.94 -42.32 -118.32 84.67 -36.29 89.15 -25.38 -58.85 -157.13 -41.57 -148.45
8.25 74.60 -28.89 -45.38 -117.19 84.81 -37.58 88.48 -27.57 -40.69 -132.92 -42.69 -147.55
8.27 73.86 -30.73 -48.27 -116.02 83.65 -40.04 87.68 -29.89 -50.39 -146.70 -44.62 -147.83
8.28 73.06 -32.60 -51.20 -114.76 81.54 -46.33 86.65 -32.59 -63.41 -166.91 -47.98 -149.46
8.30 72.17 -34.53 -54.24 -113.36 82.82 -45.15 85.73 -34.92 -54.22 -137.85 -50.62 -147.85
8.32 71.28 -36.32 -57.05 -111.97 77.29 -45.86 84.85 -37.37 -55.88 -153.96 -47.99 -148.81
8.33 70.33 -38.13 -59.90 -110.47 80.44 -48.84 83.92 -39.34 -56.90 -120.71 -47.38 -145.17
8.35 69.34 -39.91 -62.68 -108.91 83.87 -53.29 83.35 -41.88 -35.49 -157.28 -48.32 -147.75
8.36 68.28 -41.69 -65.49 -107.25 76.84 -53.77 82.33 -44.11 -61.61 -134.91 -51.96 -145.90
8.38 67.22 -43.38 -68.14 -105.58 73.68 -61.59 80.96 -46.87 -85.98 -174.17 -56.34 -148.25
8.40 66.07 -45.10 -70.85 -103.79 70.22 -55.68 79.52 -48.81 -87.95 -118.00 -59.25 -144.34
8.41 64.88 -46.81 -73.52 -101.91 70.54 -58.44 78.09 -50.90 -86.16 -125.93 -63.80 -143.64
8.43 63.68 -48.42 -76.07 -100.03 69.50 -61.06 76.68 -53.00 -88.22 -131.04 -67.58 -142.08
8.45 62.43 -50.02 -78.57 -98.07 66.77 -60.72 75.20 -54.44 -91.65 -89.32 -70.41 -134.32
8.46 61.11 -51.63 -81.10 -95.99 65.58 -61.96 73.47 -56.12 -103.90 -101.25 -75.37 -130.66
8.48 59.79 -53.15 -83.49 -93.92 63.20 -64.45 72.06 -57.98 -88.18 -116.35 -78.60 -126.90
8.50 58.41 -54.66 -85.86 -91.75 64.55 -64.62 70.48 -59.56 -97.48 -96.81 -82.66 -124.51
8.51 57.01 -56.12 -88.16 -89.55 60.85 -66.98 68.17 -60.93 -142.79 -84.91 -93.39 -117.27
8.53 55.55 -57.57 -90.43 -87.26 58.19 -66.67 66.31 -62.22 -114.22 -78.99 -98.65 -111.68
8.54 54.04 -58.99 -92.65 -84.89 59.67 -68.26 64.91 -62.88 -85.07 -40.48 -98.56 -98.31
8.56 52.51 -60.35 -94.80 -82.48 56.01 -70.68 63.49 -64.38 -86.84 -91.66 -98.45 -95.67
8.58 50.98 -61.65 -96.84 -80.08 56.33 -73.61 62.07 -65.90 -89.12 -95.14 -98.75 -92.59
8.59 49.36 -62.96 -98.90 -77.53 53.85 -74.77 60.50 -67.27 -94.32 -82.62 -99.36 -87.75
8.61 47.74 -64.19 -100.84 -74.99 52.38 -73.14 59.06 -68.51 -88.81 -76.66 -99.07 -86.49
8.62 46.22 -65.30 -102.57 -72.60 51.08 -73.00 57.61 -69.62 -96.87 -73.75 -98.37 -83.74
8.64 44.55 -66.45 -104.38 -69.97 46.07 -73.91 55.90 -70.56 -106.08 -58.56 -100.16 -77.96
8.66 42.81 -67.58 -106.16 -67.24 46.34 -76.87 54.08 -71.79 -110.25 -74.14 -101.44 -75.69
8.67 41.07 -68.65 -107.84 -64.51 46.34 -76.87 52.63 -72.78 -89.38 -60.90 -96.09 -73.29
8.69 39.31 -69.68 -109.45 -61.75 42.50 -76.48 51.06 -73.76 -96.86 -60.57 -94.36 -71.45
8.71 37.53 -70.65 -110.97 -58.96 42.50 -76.48 49.34 -74.58 -106.66 -51.08 -96.52 -72.51
8.72 35.73 -71.58 -112.44 -56.12 38.83 -77.61 47.62 -75.27 -106.18 -42.84 -98.45 -67.62
8.74 33.86 -72.48 -113.85 -53.19 36.43 -78.88 45.63 -75.80 -120.68 -31.97 -101.61 -61.31
8.75 31.97 -73.33 -115.19 -50.22 35.28 -80.28 43.77 -76.35 -112.71 -33.42 -103.45 -56.39
8.77 30.11 -74.12 -116.42 -47.29 32.78 -80.07 41.82 -77.04 -121.66 -43.02 -106.73 -53.02
8.79 28.26 -74.84 -117.56 -44.38 30.30 -79.89 39.74 -77.73 -131.28 -43.53 -110.17 -50.00
8.80 26.31 -75.55 -118.67 -41.32 28.00 -82.74 37.93 -78.62 -109.53 -53.48 -110.52 -49.49
8.82 24.36 -76.20 -119.70 -38.27 25.45 -81.06 35.84 -79.03 -127.83 -25.67 -112.28 -44.65
8.84 22.37 -76.81 -120.65 -35.14 23.07 -82.43 33.52 -79.59 -140.72 -33.64 -117.41 -41.92
8.85 20.45 -77.34 -121.49 -32.12 21.78 -80.86 31.44 -80.03 -130.47 -27.56 -120.77 -38.62
8.87 18.39 -77.86 -122.30 -28.89 19.40 -82.24 29.13 -80.60 -136.70 -34.11 -123.78 -36.92
8.88 16.43 -78.29 -122.98 -25.81 16.97 -82.14 26.95 -81.06 -136.92 -28.37 -126.85 -35.47
8.90 14.46 -78.68 -123.59 -22.71 14.67 -86.64 24.77 -81.83 -136.06 -48.54 -128.39 -37.13
8.92 12.37 -79.04 -124.15 -19.42 12.15 -83.49 22.46 -82.16 -136.80 -19.02 -130.80 -35.69
8.93 10.43 -79.32 -124.59 -16.39 11.00 -86.53 20.28 -82.80 -140.27 -41.61 -132.66 -35.55
8.95 8.36 -79.56 -124.98 -13.13 7.33 -84.92 17.98 -83.30 -138.27 -30.28 -133.36 -34.23
8.97 6.33 -79.75 -125.27 -9.95 4.91 -86.43 15.67 -83.67 -142.47 -22.81 -136.65 -31.16
8.98 4.27 -79.89 -125.48 -6.71 2.48 -83.35 13.38 -83.90 -139.83 -13.95 -137.85 -29.99
9.00 2.29 -79.97 -125.61 -3.60 0.05 -84.88 11.07 -84.15 -146.17 -15.59 -138.40 -28.18
9.01 0.23 -80.00 -125.66 -0.37 -3.60 -86.46 8.54 -84.71 -154.85 -34.22 -140.83 -28.85
9.03 -1.83 -79.98 -125.63 2.88 -4.78 -83.41 6.12 -84.83 -146.79 -7.11 -141.84 -26.15
9.05 -3.85 -79.91 -125.52 6.04 -7.20 -83.47 3.70 -84.96 -150.85 -8.29 -143.24 -24.14
9.06 -5.95 -79.78 -125.32 9.34 -10.88 -85.11 1.15 -84.81 -152.61 9.19 -144.89 -18.37
9.08 -7.98 -79.60 -125.04 12.53 -13.33 -85.20 -1.40 -84.98 -157.17 -10.54 -146.93 -17.52
9.10 -9.96 -79.38 -124.69 15.65 -15.84 -86.86 -4.09 -85.01 -168.80 -2.08 -149.78 -13.57
9.11 -11.94 -79.10 -124.26 18.76 -18.24 -85.44 -6.64 -85.06 -160.67 -3.28 -152.02 -10.87
9.13 -14.05 -78.76 -123.71 22.07 -21.87 -84.12 -9.32 -84.83 -157.31 13.59 -153.50 -7.23
9.14 -16.00 -78.38 -123.12 25.14 -21.79 -82.59 -11.75 -84.76 -153.42 4.82 -154.86 -5.35
9.16 -18.00 -77.95 -122.44 28.27 -26.75 -82.93 -14.43 -84.56 -165.32 12.03 -156.78 -2.59
9.18 -19.98 -77.46 -121.68 31.39 -29.25 -83.13 -16.99 -84.23 -157.45 20.46 -157.04 2.88
9.19 -22.00 -76.91 -120.82 34.56 -31.66 -81.81 -19.68 -84.07 -161.53 9.61 -158.51 4.55
9.21 -23.94 -76.33 -119.90 37.61 -32.92 -81.93 -22.25 -83.91 -159.49 9.55 -159.38 6.33
9.23 -25.88 -75.70 -118.91 40.65 -34.07 -80.52 -24.57 -83.45 -143.20 28.32 -158.43 8.25
9.24 -27.78 -75.02 -117.84 43.64 -37.75 -79.37 -27.01 -82.87 -151.74 36.22 -157.89 12.92
9.26 -29.67 -74.30 -116.70 46.60 -39.03 -79.50 -29.33 -82.13 -144.30 45.84 -155.44 17.72
9.27 -31.59 -73.50 -115.45 49.62 -42.75 -78.40 -31.78 -81.43 -148.06 42.55 -154.18 22.30
9.29 -33.48 -72.66 -114.13 52.60 -45.34 -78.69 -34.13 -80.89 -142.06 32.87 -152.66 24.23
9.31 -35.29 -71.79 -112.77 55.44 -45.05 -75.69 -36.46 -80.20 -145.97 43.31 -151.91 28.08
9.32 -37.11 -70.87 -111.33 58.29 -46.06 -72.88 -38.39 -79.19 -119.33 62.09 -147.31 33.08
9.34 -38.94 -69.89 -109.78 61.16 -46.20 -74.35 -40.08 -78.31 -102.46 53.06 -141.81 36.34
9.36 -40.68 -68.88 -108.20 63.90 -48.51 -71.71 -41.77 -77.30 -105.27 63.09 -136.19 41.69
9.37 -42.45 -67.81 -106.51 66.69 -53.78 -72.33 -43.85 -76.34 -126.32 58.10 -132.87 46.54
9.39 -44.13 -66.73 -104.81 69.32 -54.79 -69.57 -45.93 -75.25 -130.62 69.01 -131.61 50.61
9.40 -45.81 -65.58 -103.02 71.96 -53.62 -70.87 -47.51 -74.40 -97.96 52.51 -126.24 52.24
9.42 -47.50 -64.37 -101.11 74.61 -57.46 -69.90 -49.36 -73.44 -111.56 58.07 -122.96 53.47
9.44 -49.13 -63.13 -99.17 77.18 -56.29 -71.20 -50.71 -72.72 -83.04 44.17 -116.46 53.63
9.45 -50.69 -61.89 -97.22 79.62 -56.97 -65.59 -51.87 -71.41 -73.47 82.78 -109.60 58.62
9.47 -52.35 -60.49 -95.02 82.23 -59.49 -64.49 -53.32 -70.29 -83.41 64.70 -103.34 60.76
9.49 -53.83 -59.18 -92.95 84.56 -61.87 -61.99 -54.90 -69.20 -100.17 69.03 -101.43 61.45
9.50 -55.32 -57.79 -90.77 86.90 -60.36 -60.44 -56.31 -67.81 -87.33 85.82 -99.92 64.73
9.52 -56.75 -56.38 -88.57 89.15 -65.63 -59.69 -58.02 -66.61 -107.40 75.42 -100.13 65.96
9.53 -58.15 -54.94 -86.30 91.35 -62.74 -57.99 -58.92 -65.17 -55.93 89.50 -93.09 69.10
9.55 -59.55 -53.43 -83.92 93.53 -64.10 -58.14 -59.85 -64.03 -56.94 69.88 -85.72 69.19
9.57 -60.91 -51.86 -81.47 95.68 -66.67 -57.09 -61.16 -62.65 -79.13 83.52 -83.84 72.29
9.58 -62.20 -50.31 -79.02 97.71 -67.12 -49.14 -62.12 -60.58 -59.99 128.95 -78.68 79.38
9.60 -63.48 -48.69 -76.48 99.71 -68.64 -50.62 -63.36 -58.52 -75.23 125.36 -77.90 87.50
9.62 -64.70 -47.05 -73.90 101.64 -68.49 -49.28 -64.51 -56.89 -70.74 100.16 -77.63 89.23
9.63 -65.83 -45.46 -71.40 103.41 -69.57 -46.78 -65.52 -55.12 -64.99 114.15 -75.78 94.18
9.65 -66.95 -43.79 -68.79 105.17 -72.34 -47.07 -66.57 -53.62 -65.60 93.45 -72.33 96.62
9.66 -68.04 -42.07 -66.08 106.88 -71.78 -41.83 -67.71 -51.76 -70.38 114.72 -70.63 99.51
9.68 -69.08 -40.35 -63.38 108.51 -74.70 -43.41 -68.62 -50.13 -56.85 102.02 -65.58 102.17
9.70 -70.09 -38.56 -60.58 110.10 -74.29 -39.51 -69.77 -48.29 -70.59 112.97 -67.04 104.52
9.71 -71.07 -36.74 -57.70 111.63 -72.65 -36.83 -70.62 -46.15 -51.83 129.25 -66.53 110.45
9.73 -71.99 -34.88 -54.80 113.09 -76.58 -34.65 -71.62 -43.91 -60.11 136.20 -64.63 115.72
9.75 -72.84 -33.07 -51.95 114.42 -77.74 -32.24 -72.68 -42.22 -66.66 106.10 -65.30 113.44
9.76 -73.67 -31.19 -49.00 115.72 -76.34 -32.12 -73.45 -40.37 -47.12 113.20 -62.49 112.22
9.78 -74.43 -29.34 -46.08 116.91 -78.70 -27.33 -74.47 -38.18 -64.02 137.56 -61.81 115.96
9.79 -75.18 -27.35 -42.96 118.09 -78.40 -23.62 -75.35 -35.86 -52.27 137.11 -60.54 118.26
9.81 -75.83 -25.49 -40.04 119.12 -78.40 -23.62 -75.96 -33.52 -38.59 149.31 -57.84 123.84
9.83 -76.46 -23.54 -36.98 120.10 -78.22 -21.16 -76.60 -31.45 -39.63 127.10 -54.77 125.08
9.84 -77.04 -21.57 -33.89 121.01 -80.78 -17.67 -77.21 -28.88 -37.19 157.44 -52.80 130.62
9.86 -77.57 -19.56 -30.72 121.85 -81.97 -14.10 -77.98 -26.33 -46.35 153.29 -50.38 134.65
9.88 -78.05 -17.56 -27.58 122.60 -80.48 -12.83 -78.76 -23.93 -47.81 146.40 -49.97 136.37
9.89 -78.47 -15.59 -24.49 123.25 -83.19 -10.55 -79.42 -21.52 -41.39 150.80 -48.10 137.83
9.91 -78.84 -13.59 -21.35 123.84 -83.07 -8.14 -79.96 -19.11 -32.92 148.85 -44.73 142.10
9.92 -79.16 -11.59 -18.21 124.34 -82.87 -3.35 -80.61 -16.24 -40.64 178.92 -44.08 148.68
9.94 -79.43 -9.54 -14.98 124.77 -82.87 -3.35 -81.03 -13.84 -25.23 145.17 -40.20 149.44
9.96 -79.65 -7.51 -11.79 125.11 -82.73 1.41 -81.46 -11.34 -26.64 154.17 -37.64 151.14
9.97 -79.81 -5.50 -8.65 125.37 -82.67 3.78 -81.89 -8.60 -26.70 171.22 -36.45 153.33
9.99 -79.93 -3.45 -5.42 125.55 -79.83 6.18 -82.05 -5.86 -9.83 167.22 -33.47 157.35
10.01 -79.99 -1.38 -2.17 125.64 -82.62 7.33 -82.23 -3.36 -11.16 151.60 -30.87 156.76
10.02 -80.00 0.69 1.08 125.66 -82.60 10.88 -82.29 -0.86 -3.82 151.91 -26.61 156.63
10.04 -79.96 2.68 4.20 125.59 -85.45 13.25 -82.79 1.74 -31.37 164.54 -24.97 158.44
10.05 -79.86 4.75 7.46 125.44 -82.61 15.60 -82.73 4.36 3.52 158.44 -20.48 159.20
10.07 -79.72 6.71 10.54 125.22 -82.66 19.15 -82.69 7.09 2.65 174.50 -16.92 161.77
10.09 -79.51 8.82 13.85 124.90 -82.66 19.15 -82.67 9.34 1.28 133.44 -12.73 157.22
10.10 -79.27 10.79 16.94 124.52 -82.73 22.71 -82.66 11.94 0.90 165.04 -10.12 159.21
10.12 -78.97 12.81 20.12 124.04 -82.80 25.09 -82.66 14.31 -0.43 145.73 -7.50 158.36
10.13 -78.61 14.86 23.34 123.48 -82.88 27.47 -82.68 16.68 -1.21 142.68 -4.95 155.51
10.15 -78.21 16.82 26.43 122.85 -82.97 29.86 -83.00 19.05 -19.71 148.50 -5.93 153.64
10.17 -77.76 18.81 29.54 122.14 -83.08 32.26 -83.04 21.54 -2.81 154.13 -5.10 153.89
10.18 -77.24 20.84 32.74 121.32 -83.08 32.26 -83.09 23.68 -2.87 127.87 -5.00 151.49
10.20 -76.70 22.76 35.75 120.47 -83.20 34.67 -82.86 25.82 14.24 135.20 -0.44 148.55
10.22 -76.08 24.72 38.83 119.51 -84.77 37.16 -83.08 27.98 -13.21 131.70 -2.12 145.88
10.23 -75.41 26.70 41.94 118.46 -83.41 38.30 -83.16 29.89 -4.51 115.05 -2.83 139.93
10.25 -74.71 28.60 44.92 117.36 -83.48 39.52 -83.24 31.93 -5.14 126.57 -3.47 139.25
10.27 -73.97 30.47 47.86 116.19 -78.23 45.29 -82.79 34.19 28.07 140.79 -0.76 136.82
10.28 -73.15 32.39 50.88 114.90 -81.05 45.47 -82.61 36.22 10.52 122.81 0.34 134.53
10.30 -72.31 34.22 53.75 113.59 -77.83 39.22 -82.11 37.40 31.46 73.27 3.61 127.59
10.31 -71.42 36.05 56.62 112.18 -77.01 47.65 -81.51 39.18 36.85 110.05 9.26 123.74
10.33 -70.46 37.89 59.51 110.68 -72.97 48.60 -80.50 40.81 61.14 98.91 15.66 118.22
10.35 -69.48 39.65 62.28 109.15 -77.31 51.35 -79.93 42.72 36.00 119.20 19.54 117.35
10.36 -68.46 41.39 65.01 107.54 -76.02 52.49 -79.21 44.50 44.72 111.04 22.59 114.94
10.38 -67.34 43.19 67.84 105.78 -74.74 53.63 -78.20 46.15 59.43 97.54 29.86 111.52
10.40 -66.24 44.85 70.46 104.05 -76.35 56.25 -77.50 47.95 44.50 113.15 34.76 111.33
10.41 -65.06 46.56 73.13 102.19 -73.80 58.54 -76.53 49.85 58.63 115.15 41.13 110.19
10.43 -63.87 48.17 75.66 100.33 -73.92 59.80 -76.10 51.30 27.10 91.26 41.03 105.24
10.45 -62.60 49.81 78.24 98.33 -74.04 61.08 -75.40 52.86 42.34 94.30 44.22 102.39
10.46 -61.18 51.54 80.97 96.10 -68.92 64.41 -74.51 55.38 49.98 141.40 46.07 109.20
10.48 -59.98 52.94 83.16 94.21 -69.05 65.70 -73.71 57.18 54.27 123.00 47.81 110.49
10.49 -58.60 54.46 85.54 92.05 -69.31 68.29 -73.35 59.15 22.49 120.84 43.95 112.69
10.51 -57.18 55.95 87.89 89.82 -65.38 69.20 -72.15 60.94 72.63 108.65 47.61 111.63
10.53 -55.77 57.36 90.10 87.60 -65.38 69.20 -71.09 62.61 67.03 105.26 49.84 111.06
10.54 -54.27 58.77 92.32 85.25 -64.04 69.07 -70.02 64.15 65.38 94.40 50.43 110.74
10.56 -52.78 60.12 94.43 82.91 -61.64 71.42 -68.55 65.67 92.12 95.03 55.20 108.93
10.57 -51.22 61.46 96.53 80.45 -59.26 73.79 -67.10 67.19 88.67 93.00 58.20 106.72
10.59 -49.61 62.76 98.59 77.92 -56.90 76.17 -65.39 68.83 103.12 99.16 65.80 107.51
10.61 -48.04 63.97 100.49 75.45 -53.02 75.81 -63.29 70.31 133.11 93.34 74.88 107.41
10.62 -46.48 65.11 102.28 73.01 -54.55 78.58 -61.85 71.72 93.57 92.22 79.24 102.49
10.64 -44.77 66.30 104.14 70.33 -52.10 79.67 -60.16 73.12 102.46 84.45 84.06 98.64
10.65 -43.09 67.41 105.88 67.68 -48.28 79.32 -58.06 74.22 131.16 68.82 94.92 93.43
10.67 -41.36 68.48 107.56 64.98 -48.62 83.35 -56.38 75.64 103.88 87.75 98.05 91.34
10.69 -39.56 69.53 109.22 62.15 -46.09 83.12 -54.45 77.03 116.17 83.85 102.96 89.20
10.70 -37.82 70.49 110.73 59.41 -42.66 86.87 -52.31 78.81 135.04 112.37 109.93 91.00
10.72 -35.91 71.49 112.30 56.40 -41.51 88.13 -50.30 80.48 117.11 97.26 112.43 91.22
10.74 -34.10 72.37 113.67 53.57 -37.78 87.82 -48.15 81.89 134.46 87.88 117.01 90.71
10.75 -32.28 73.20 114.98 50.71 -38.92 86.55 -46.35 82.92 112.90 65.20 117.99 87.31
10.77 -30.36 74.01 116.26 47.70 -36.55 87.72 -44.71 84.11 99.37 71.84 114.61 85.16
10.78 -28.54 74.74 117.39 44.83 -33.14 91.59 -42.57 85.42 137.21 83.40 118.98 84.28
10.80 -26.56 75.46 118.54 41.72 -31.74 88.74 -40.53 86.32 121.00 53.89 120.83 81.23
10.82 -24.68 76.10 119.54 38.77 -26.91 88.42 -38.39 87.23 135.45 57.67 121.26 80.11
10.83 -22.73 76.70 120.48 35.71 -25.78 89.72 -36.11 87.87 140.94 39.30 124.97 75.27
10.85 -20.73 77.27 121.37 32.57 -22.44 95.09 -33.74 89.07 143.00 72.36 127.65 74.12
10.87 -18.80 77.76 122.14 29.53 -23.44 90.96 -31.82 89.48 121.02 25.79 126.25 65.46
10.88 -16.79 78.22 122.86 26.38 -17.69 96.26 -29.44 90.29 145.39 49.59 129.07 60.69
10.90 -14.74 78.63 123.51 23.16 -17.69 96.26 -27.43 91.13 120.81 50.74 127.71 56.98
10.91 -12.71 78.98 124.07 19.97 -11.76 97.45 -24.72 92.22 165.53 66.42 132.97 57.10
10.93 -10.71 79.28 124.53 16.82 -11.69 94.62 -22.23 92.91 154.13 42.75 138.45 54.19
10.95 -8.74 79.52 124.91 13.73 -8.19 97.35 -19.74 93.49 158.08 36.47 140.53 49.50
10.96 -6.69 79.72 125.22 10.51 -5.80 95.88 -17.14 94.20 158.30 43.60 144.26 48.47
10.98 -4.55 79.87 125.46 7.15 -4.64 97.28 -14.91 95.09 130.68 51.95 143.79 47.90
11.00 -2.49 79.96 125.60 3.92 0.11 95.81 -12.33 95.70 157.65 37.11 145.46 47.68
11.01 -0.56 80.00 125.66 0.88 0.09 98.66 -10.07 96.05 146.39 23.19 145.80 42.76
11.03 1.48 79.99 125.64 -2.33 3.65 97.23 -7.36 96.68 167.01 38.63 150.40 44.05
11.04 3.56 79.92 125.54 -5.60 4.84 98.66 -5.11 96.92 135.81 14.48 149.44 40.53
11.06 5.54 79.81 125.36 -8.70 9.53 94.47 -2.39 96.74 172.72 -11.34 154.63 34.33
11.08 7.79 79.62 125.07 -12.23 14.32 97.40 0.22 96.74 145.55 -0.25 152.63 27.66
11.09 9.65 79.42 124.75 -15.16 14.32 97.40 2.82 97.01 174.00 18.62 154.62 25.25
11.11 11.68 79.14 124.32 -18.34 16.62 94.65 5.30 96.75 152.81 -16.61 154.09 19.94
11.13 13.71 78.82 123.80 -21.54 16.55 91.87 7.54 96.34 136.20 -24.46 151.88 13.13
11.14 15.68 78.45 123.23 -24.63 18.95 93.34 9.90 95.95 147.99 -24.72 153.61 5.47
11.16 17.67 78.03 122.56 -27.75 21.33 93.43 12.02 95.71 131.43 -14.74 150.99 0.28
11.17 19.70 77.54 121.79 -30.95 23.72 93.54 14.38 95.20 141.82 -30.70 150.53 -5.11
11.19 21.65 77.02 120.98 -34.01 28.39 91.01 16.86 94.58 154.20 -38.73 149.25 -12.84
11.21 23.65 76.43 120.05 -37.14 28.46 92.40 19.22 93.95 142.44 -37.76 149.92 -18.07
11.22 25.53 75.82 119.09 -40.11 28.39 91.01 21.11 93.61 119.55 -21.91 144.60 -19.12
11.24 27.48 75.13 118.02 -43.16 33.22 91.31 23.00 93.00 115.40 -37.19 141.58 -22.82
11.26 29.43 74.39 116.85 -46.23 32.91 85.84 24.85 91.84 111.55 -69.37 135.34 -31.62
11.27 31.26 73.64 115.67 -49.10 37.67 84.81 26.96 90.86 134.01 -62.66 133.46 -36.22
11.29 33.16 72.81 114.36 -52.08 42.56 85.17 29.56 90.19 157.69 -40.59 135.61 -37.84
11.30 35.00 71.94 113.00 -54.98 42.37 82.48 31.90 89.10 144.29 -66.87 135.24 -42.05
11.32 36.86 71.00 111.53 -57.89 44.93 84.02 34.26 88.16 142.84 -56.98 136.38 -46.28
11.34 38.61 70.07 110.06 -60.65 47.42 84.23 36.63 87.23 149.69 -58.83 137.17 -49.09
11.35 40.37 69.07 108.49 -63.41 52.01 79.30 38.99 86.06 146.69 -72.74 136.42 -52.49
11.37 42.11 68.02 106.85 -66.15 51.80 76.66 41.33 84.48 144.41 -97.38 136.61 -58.45
11.39 43.98 66.83 104.97 -69.09 54.43 78.20 43.93 83.20 147.42 -72.55 139.40 -63.52
11.40 45.54 65.77 103.32 -71.53 54.21 75.57 46.03 81.63 140.43 -105.34 141.90 -70.33
11.42 47.24 64.56 101.42 -74.20 58.98 72.10 48.64 80.25 156.83 -82.68 146.43 -71.66
11.43 48.90 63.31 99.45 -76.82 61.56 72.33 51.03 79.01 144.19 -75.32 147.45 -72.93
11.45 50.49 62.05 97.47 -79.31 61.11 67.19 52.88 77.21 114.93 -111.41 143.17 -80.01
11.47 52.09 60.72 95.38 -81.82 63.48 64.86 54.99 75.45 127.81 -106.68 141.52 -83.99
11.48 53.57 59.42 93.34 -84.14 63.38 63.60 56.84 73.40 117.60 -130.16 139.00 -91.31
11.50 55.09 58.01 91.12 -86.54 68.29 60.25 58.92 71.01 126.24 -145.04 136.66 -99.93
11.52 56.55 56.59 88.89 -88.83 68.29 60.25 60.55 69.10 100.48 -117.58 132.04 -104.42
11.53 57.98 55.12 86.58 -91.08 70.63 56.72 62.44 67.11 115.34 -122.13 129.13 -106.89
11.55 59.35 53.64 84.26 -93.23 73.30 56.92 64.32 64.98 117.83 -132.81 126.17 -112.92
11.56 60.72 52.08 81.81 -95.39 75.70 53.40 66.47 62.76 129.80 -133.85 125.10 -115.77
11.58 62.00 50.56 79.42 -97.38 75.61 52.17 68.13 60.77 105.40 -126.34 119.96 -120.13
11.60 63.29 48.94 76.87 -99.41 78.14 49.90 69.79 58.53 100.41 -135.81 115.58 -126.18
11.61 64.50 47.32 74.33 -101.32 77.96 47.45 71.48 56.55 104.74 -122.71 114.56 -127.31
11.63 65.63 45.75 71.87 -103.08 80.46 43.96 73.18 54.46 110.62 -136.20 112.85 -130.26
11.64 66.77 44.07 69.22 -104.88 86.08 44.31 75.45 52.53 140.05 -119.01 115.09 -129.15
11.66 67.88 42.34 66.50 -106.62 85.83 40.64 77.20 50.57 107.26 -119.96 113.19 -126.64
11.68 68.95 40.58 63.74 -108.30 85.67 38.21 78.94 48.37 106.17 -134.62 113.76 -128.34
11.69 69.93 38.85 61.02 -109.85 85.54 35.79 80.43 46.28 94.11 -132.12 111.64 -129.34
11.71 70.93 36.99 58.11 -111.42 91.17 33.63 82.22 43.95 106.56 -138.92 110.51 -129.95
11.73 71.83 35.22 55.32 -112.83 85.30 30.99 83.18 41.71 60.55 -141.38 103.59 -130.71
11.74 72.71 33.38 52.43 -114.21 88.10 29.90 84.42 39.48 77.00 -137.30 100.75 -131.80
11.76 73.55 31.48 49.45 -115.53 88.05 28.70 85.41 37.36 59.99 -128.40 96.71 -131.06
11.78 74.32 29.62 46.52 -116.73 90.77 23.99 86.70 35.01 79.91 -146.34 94.22 -133.43
11.79 75.06 27.68 43.48 -117.90 93.67 22.86 88.02 32.90 79.99 -127.73 91.16 -132.58
11.81 75.73 25.79 40.50 -118.96 90.71 21.60 88.48 30.63 28.92 -142.08 80.05 -134.89
11.82 76.37 23.83 37.44 -119.96 90.66 19.21 88.96 28.49 29.54 -131.08 72.27 -136.00
11.84 76.95 21.89 34.38 -120.87 93.52 13.26 89.75 25.99 48.58 -154.42 66.51 -137.98
11.86 77.49 19.89 31.25 -121.72 93.52 13.26 90.55 23.74 48.58 -137.03 61.96 -138.47
11.87 77.98 17.87 28.06 -122.49 90.59 13.25 90.49 21.70 -3.47 -122.78 50.96 -136.85
11.89 78.40 15.90 24.97 -123.16 90.61 8.49 91.02 19.45 33.15 -140.61 48.22 -136.78
11.91 78.78 13.90 21.84 -123.75 90.60 9.68 91.27 17.43 15.46 -124.94 42.06 -135.54
11.92 79.12 11.83 18.58 -124.28 90.62 7.29 91.53 15.29 15.39 -128.09 37.60 -135.51
11.94 79.39 9.84 15.46 -124.71 90.68 3.72 91.52 13.26 -0.58 -127.00 29.56 -133.58
11.95 79.62 7.81 12.27 -125.06 93.71 0.06 91.52 10.98 0.20 -140.15 21.58 -134.82
11.97 79.79 5.80 9.12 -125.33 90.77 0.13 91.53 8.83 0.38 -134.08 18.72 -134.02
11.99 79.91 3.77 5.93 -125.52 90.77 0.13 91.54 6.93 0.68 -117.94 15.84 -132.70
12.00 79.98 1.61 2.54 -125.64 90.99 -5.88 91.28 5.01 -14.76 -111.34 9.50 -128.40
12.02 80.00 -0.34 -0.54 -125.66 93.94 -5.99 91.33 3.09 2.65 -123.52 4.91 -127.05
12.04 79.96 -2.47 -3.88 -125.60 91.16 -9.51 91.38 0.81 3.37 -134.55 5.59 -128.22
12.05 79.88 -4.42 -6.94 -125.47 91.23 -10.73 91.44 -1.11 4.02 -123.84 2.68 -126.54
12.07 79.74 -6.48 -10.18 -125.25 94.27 -12.10 91.81 -3.29 22.27 -132.15 3.36 -127.27
12.08 79.55 -8.47 -13.31 -124.96 91.45 -14.39 91.89 -5.46 5.24 -136.27 2.34 -128.08
12.10 79.31 -10.52 -16.52 -124.57 91.71 -18.09 92.00 -7.64 6.31 -133.09 3.03 -128.69
12.12 79.01 -12.55 -19.71 -124.11 92.00 -21.81 91.83 -9.83 -10.44 -134.08 1.97 -128.09
12.13 78.67 -14.51 -22.79 -123.58 89.16 -22.85 91.67 -12.12 -10.14 -145.06 0.92 -129.18
12.15 78.26 -16.59 -26.06 -122.93 89.49 -26.61 91.54 -14.80 -7.57 -158.26 0.09 -133.22
12.16 77.81 -18.58 -29.19 -122.23 86.92 -30.16 91.13 -17.23 -25.03 -149.44 -0.93 -137.03
12.18 77.33 -20.49 -32.19 -121.47 84.04 -29.92 90.14 -19.62 -63.21 -152.89 -7.52 -139.96
12.20 76.76 -22.54 -35.41 -120.57 84.41 -33.73 89.47 -22.04 -39.85 -142.84 -11.84 -140.79
12.21 76.18 -24.44 -38.39 -119.66 85.10 -40.19 88.85 -24.99 -38.81 -186.55 -16.12 -147.06
12.23 75.53 -26.38 -41.44 -118.64 84.81 -37.58 87.91 -27.53 -58.08 -156.53 -24.16 -149.50
12.25 74.84 -28.27 -44.40 -117.56 85.10 -40.19 87.27 -30.11 -39.76 -161.47 -28.66 -152.02
12.26 74.07 -30.23 -47.49 -116.35 83.95 -42.66 86.50 -32.57 -46.11 -146.13 -33.90 -153.33
12.28 73.28 -32.10 -50.43 -115.10 87.04 -44.31 86.00 -34.82 -30.68 -139.14 -35.92 -153.83
12.30 72.46 -33.91 -53.27 -113.82 85.91 -46.83 85.68 -37.22 -20.59 -151.78 -36.97 -154.50
12.31 71.53 -35.82 -56.27 -112.36 83.15 -47.83 85.04 -39.34 -37.44 -125.46 -39.96 -151.22
12.33 70.61 -37.60 -59.07 -110.92 77.92 -51.21 84.14 -41.45 -56.52 -132.22 -43.11 -149.50
12.34 69.62 -39.41 -61.91 -109.35 73.72 -50.73 83.11 -43.53 -62.70 -126.44 -43.05 -146.86
12.36 68.60 -41.17 -64.66 -107.75 76.84 -53.77 82.36 -45.53 -46.87 -124.18 -43.76 -144.99
12.38 67.53 -42.89 -67.36 -106.08 72.98 -56.01 81.14 -47.11 -75.41 -98.41 -47.42 -136.18
12.39 66.42 -44.59 -70.04 -104.33 74.20 -54.80 80.08 -48.83 -65.49 -106.31 -48.16 -131.15
12.41 65.26 -46.28 -72.69 -102.50 70.38 -57.05 78.61 -50.52 -90.16 -103.30 -53.20 -125.34
12.43 64.04 -47.95 -75.31 -100.59 65.26 -59.18 76.74 -52.17 -113.80 -100.55 -59.97 -120.78
12.44 62.82 -49.53 -77.80 -98.68 65.74 -63.37 74.61 -54.08 -134.02 -119.89 -70.30 -118.85
12.46 61.49 -51.17 -80.39 -96.59 65.74 -63.37 72.59 -55.73 -119.76 -98.24 -80.22 -113.50
12.47 60.15 -52.74 -82.85 -94.49 63.20 -64.45 70.60 -57.39 -121.53 -101.28 -88.63 -111.08
12.49 58.79 -54.25 -85.22 -92.35 62.19 -67.14 69.03 -58.99 -97.26 -98.47 -92.70 -107.71
12.51 57.41 -55.72 -87.52 -90.17 62.19 -67.14 67.87 -60.63 -71.98 -102.38 -93.63 -105.30
12.52 55.96 -57.17 -89.80 -87.91 63.88 -70.21 66.58 -62.27 -79.58 -100.98 -96.90 -102.98
12.54 54.49 -58.57 -92.01 -85.59 58.83 -72.46 65.16 -63.92 -87.31 -101.56 -98.09 -103.30
12.56 53.00 -59.93 -94.13 -83.25 54.70 -70.52 63.21 -65.49 -121.55 -97.99 -103.69 -102.46
12.57 51.38 -61.32 -96.32 -80.70 57.66 -73.77 61.94 -67.16 -74.79 -98.32 -102.16 -101.97
12.59 49.83 -62.58 -98.31 -78.28 52.53 -74.62 60.67 -68.71 -80.18 -97.25 -98.80 -101.64
12.60 48.22 -63.83 -100.27 -75.75 52.69 -76.11 59.36 -69.98 -80.62 -78.67 -93.46 -97.51
12.62 46.67 -64.98 -102.07 -73.30 50.07 -75.80 57.80 -71.22 -101.76 -80.77 -91.66 -95.77
12.64 45.06 -66.11 -103.84 -70.77 47.62 -77.01 56.24 -72.48 -99.62 -80.26 -89.47 -93.66
12.65 43.25 -67.30 -105.72 -67.94 47.91 -80.03 54.81 -73.77 -82.80 -74.74 -88.02 -91.29
12.67 41.57 -68.35 -107.36 -65.30 42.75 -79.47 52.87 -75.00 -123.34 -78.25 -93.15 -88.88
12.68 39.83 -69.38 -108.98 -62.56 40.21 -79.22 50.50 -75.90 -147.04 -55.94 -99.90 -84.38
12.70 37.99 -70.40 -110.59 -59.68 37.80 -80.50 48.40 -76.70 -125.64 -47.99 -103.73 -79.02
12.72 36.28 -71.30 -112.00 -56.98 35.50 -83.32 46.48 -77.98 -124.55 -83.02 -104.03 -77.52
12.73 34.40 -72.23 -113.45 -54.04 34.03 -80.17 44.11 -78.62 -142.18 -38.50 -110.77 -71.54
12.75 32.54 -73.08 -114.80 -51.11 31.64 -81.49 42.02 -79.31 -127.84 -42.02 -115.54 -66.02
12.77 30.67 -73.89 -116.06 -48.17 29.33 -84.36 39.69 -80.14 -144.15 -50.93 -121.89 -63.24
12.78 28.76 -74.65 -117.26 -45.17 29.42 -85.91 37.62 -81.15 -126.27 -61.79 -124.34 -61.35
12.80 26.84 -75.36 -118.38 -42.16 27.01 -87.29 35.56 -82.18 -126.70 -63.24 -127.05 -59.64
12.81 24.95 -76.01 -119.39 -39.20 22.12 -88.55 32.98 -83.03 -162.49 -53.71 -135.02 -57.54
12.83 22.99 -76.63 -120.37 -36.11 20.81 -86.91 30.79 -83.77 -133.69 -45.34 -136.05 -54.25
12.85 21.00 -77.20 -121.26 -32.98 19.58 -86.85 28.72 -84.54 -125.33 -46.35 -133.88 -53.29
12.86 19.07 -77.69 -122.04 -29.95 14.67 -86.64 26.41 -85.15 -146.04 -38.82 -135.92 -52.37
12.88 17.07 -78.16 -122.77 -26.81 13.40 -85.06 24.20 -85.32 -134.99 -10.59 -136.97 -45.13
12.90 14.98 -78.59 -123.44 -23.53 11.03 -88.10 21.90 -86.12 -135.56 -46.70 -136.31 -45.95
12.91 12.99 -78.94 -124.00 -20.40 11.03 -88.10 19.84 -86.78 -128.19 -41.12 -136.34 -45.86
12.93 10.88 -79.26 -124.50 -17.10 6.14 -88.00 17.52 -87.14 -136.87 -21.52 -135.61 -42.92
12.94 8.98 -79.49 -124.87 -14.11 2.48 -87.98 14.83 -87.35 -176.55 -13.57 -140.64 -38.10
12.96 6.92 -79.70 -125.19 -10.87 3.70 -87.98 12.50 -87.42 -141.46 -4.19 -142.12 -32.19
12.98 4.87 -79.85 -125.43 -7.64 0.03 -89.56 10.29 -87.52 -134.82 -6.14 -139.35 -27.43
12.99 2.90 -79.95 -125.58 -4.55 -4.84 -88.05 7.72 -87.63 -163.66 -7.22 -142.35 -23.62
13.01 0.82 -80.00 -125.66 -1.29 -4.87 -89.62 5.28 -87.91 -147.97 -16.77 -144.61 -20.66
13.03 -1.24 -79.99 -125.65 1.95 -6.01 -84.97 3.21 -87.74 -125.78 10.21 -142.59 -15.76
13.04 -3.26 -79.93 -125.56 5.12 -10.93 -86.65 0.78 -87.90 -151.61 -9.95 -144.25 -15.70
13.06 -5.33 -79.82 -125.38 8.37 -12.10 -85.15 -1.54 -87.61 -140.17 17.84 -144.71 -9.24
13.07 -7.34 -79.66 -125.13 11.53 -15.84 -86.86 -4.22 -87.48 -167.56 7.67 -148.65 -4.36
13.09 -9.36 -79.45 -124.80 14.71 -15.90 -88.43 -6.43 -87.53 -135.95 -2.66 -148.55 -2.48
13.11 -11.39 -79.19 -124.38 17.88 -17.01 -85.37 -8.38 -87.27 -120.12 16.06 -142.91 0.48
13.12 -13.41 -78.87 -123.88 21.07 -20.63 -84.04 -10.81 -86.87 -148.87 24.11 -143.65 3.31
13.14 -15.43 -78.50 -123.30 24.24 -23.28 -87.31 -13.14 -86.65 -142.92 13.78 -144.46 5.31
13.16 -17.42 -78.08 -122.65 27.36 -26.75 -82.93 -15.33 -86.14 -135.41 31.60 -141.64 9.19
13.17 -19.38 -77.62 -121.92 30.44 -29.15 -81.60 -17.76 -85.33 -151.48 50.03 -141.99 15.87
13.19 -21.35 -77.10 -121.11 33.53 -31.55 -80.30 -20.31 -84.87 -157.66 28.82 -145.18 17.73
13.20 -23.37 -76.51 -120.18 36.71 -32.69 -78.90 -22.49 -84.09 -129.95 46.27 -143.01 23.35
13.22 -25.25 -75.91 -119.24 39.66 -36.48 -79.25 -24.93 -83.50 -155.45 37.65 -144.54 25.33
13.24 -27.31 -75.19 -118.12 42.90 -36.48 -79.25 -26.99 -82.74 -118.78 43.84 -139.66 28.95
13.25 -29.14 -74.50 -117.03 45.77 -39.03 -79.50 -29.30 -81.85 -148.65 57.44 -140.93 34.96
13.27 -31.04 -73.73 -115.82 48.75 -40.45 -81.15 -31.65 -81.42 -143.66 25.86 -143.28 35.94
13.29 -32.90 -72.92 -114.54 51.69 -41.32 -76.76 -33.72 -80.70 -127.70 44.93 -141.17 38.02
13.30 -34.77 -72.05 -113.18 54.61 -42.47 -75.41 -35.64 -79.51 -117.46 72.83 -138.62 43.93
13.32 -36.57 -71.15 -111.76 57.45 -47.97 -79.00 -37.76 -79.11 -131.92 24.47 -138.27 43.21
13.33 -38.37 -70.20 -110.26 60.28 -47.51 -74.50 -39.59 -78.40 -113.18 43.81 -134.44 42.59
13.35 -40.12 -69.21 -108.72 63.01 -50.13 -74.80 -41.45 -77.85 -116.83 34.54 -130.36 43.16
13.37 -41.88 -68.16 -107.06 65.79 -49.67 -70.41 -43.15 -77.00 -103.58 51.84 -127.72 43.72
13.38 -43.64 -67.05 -105.32 68.56 -53.95 -73.81 -44.90 -76.46 -105.44 32.83 -122.72 43.24
13.40 -45.31 -65.93 -103.57 71.17 -53.46 -69.42 -46.59 -75.48 -106.52 61.68 -121.50 45.02
13.42 -46.98 -64.75 -101.71 73.80 -54.47 -66.70 -48.14 -74.20 -94.73 78.49 -116.10 47.13
13.43 -48.64 -63.51 -99.77 76.41 -57.29 -68.45 -49.82 -72.93 -102.32 77.13 -111.97 52.26
13.45 -50.22 -62.27 -97.81 78.89 -58.47 -67.18 -51.54 -71.97 -107.11 59.86 -109.91 53.75
13.46 -51.82 -60.95 -95.74 81.39 -59.65 -65.91 -53.26 -71.02 -104.38 57.72 -108.60 52.24
13.48 -53.34 -59.62 -93.66 83.78 -60.84 -64.65 -54.54 -69.58 -80.11 89.27 -103.42 58.72
13.50 -54.85 -58.24 -91.48 86.15 -61.70 -60.60 -55.96 -68.19 -87.14 85.31 -100.82 62.87
13.51 -56.34 -56.79 -89.21 88.51 -63.06 -60.76 -57.26 -66.79 -78.02 84.74 -96.94 67.89
13.53 -57.77 -55.34 -86.93 90.75 -64.10 -58.14 -58.70 -65.56 -89.02 75.67 -95.48 70.27
13.55 -59.14 -53.87 -84.62 92.90 -68.05 -57.25 -60.11 -63.91 -88.10 103.40 -93.75 77.33
13.56 -60.49 -52.35 -82.24 95.02 -68.05 -57.25 -61.57 -62.69 -90.45 75.38 -92.14 78.70
13.58 -61.84 -50.76 -79.73 97.13 -67.73 -54.51 -62.90 -61.47 -79.73 73.34 -90.64 78.18
13.59 -63.11 -49.16 -77.22 99.14 -68.95 -53.31 -64.06 -59.96 -71.69 93.16 -87.58 79.79
13.61 -64.32 -47.57 -74.72 101.04 -67.42 -51.81 -64.95 -58.42 -56.12 96.46 -82.48 83.44
13.63 -65.47 -45.98 -72.22 102.84 -71.25 -49.58 -66.11 -56.79 -74.37 104.72 -79.48 88.15
13.64 -66.60 -44.32 -69.61 104.62 -72.19 -45.75 -67.25 -54.90 -70.99 118.20 -78.56 91.04
13.66 -67.73 -42.58 -66.89 106.38 -72.19 -45.75 -68.30 -53.41 -63.78 90.28 -76.23 91.54
13.68 -68.83 -40.77 -64.05 108.12 -73.30 -43.27 -69.32 -51.66 -60.73 103.72 -74.50 93.43
13.69 -69.80 -39.08 -61.39 109.65 -74.42 -40.80 -70.36 -49.93 -66.47 111.65 -72.24 97.03
13.71 -70.78 -37.29 -58.57 111.18 -76.96 -38.49 -71.25 -48.05 -54.81 115.43 -68.91 98.23
13.72 -71.71 -35.46 -55.70 112.65 -76.45 -33.38 -72.09 -45.66 -51.40 146.03 -65.01 105.30
13.74 -72.60 -33.60 -52.79 114.04 -79.41 -34.90 -73.26 -43.70 -71.48 119.96 -64.18 109.96
13.76 -73.43 -31.76 -49.89 115.34 -77.74 -32.24 -74.13 -41.60 -54.65 130.95 -62.48 113.74
13.77 -74.23 -29.84 -46.88 116.59 -79.16 -32.36 -75.31 -39.65 -71.11 117.79 -63.98 115.87
13.79 -74.96 -27.96 -43.91 117.74 -78.50 -24.85 -76.03 -37.18 -44.96 153.43 -61.04 120.75
13.81 -75.65 -26.01 -40.86 118.84 -78.31 -22.39 -76.64 -34.84 -37.20 142.09 -57.66 123.13
13.82 -76.30 -24.06 -37.79 119.85 -80.95 -20.12 -77.52 -32.28 -53.59 156.87 -56.64 129.79
13.84 -76.87 -22.14 -34.78 120.75 -82.29 -18.98 -78.42 -29.85 -56.40 152.41 -56.21 134.66
13.85 -77.42 -20.16 -31.66 121.61 -83.55 -16.62 -79.33 -27.43 -55.73 147.57 -55.13 138.25
13.87 -77.91 -18.17 -28.55 122.38 -83.26 -11.75 -79.96 -24.76 -38.73 164.51 -53.52 143.16
13.89 -78.35 -16.18 -25.42 123.07 -81.83 -11.69 -80.50 -22.59 -33.10 133.55 -51.69 141.91
13.90 -78.74 -14.16 -22.25 123.68 -83.13 -9.34 -80.87 -20.03 -22.76 156.37 -46.82 145.55
13.92 -79.07 -12.13 -19.06 124.21 -83.07 -8.14 -81.40 -17.62 -32.52 147.05 -44.61 147.16
13.94 -79.35 -10.19 -16.00 124.64 -82.87 -3.35 -81.78 -14.72 -23.77 185.68 -39.88 153.95
13.95 -79.59 -8.07 -12.67 125.02 -82.79 -0.97 -82.21 -12.33 -25.26 140.54 -37.91 152.66
13.97 -79.77 -6.08 -9.56 125.30 -85.56 2.54 -82.93 -9.84 -45.79 157.41 -38.76 154.20
13.98 -79.90 -4.05 -6.36 125.50 -82.70 2.60 -83.11 -7.57 -10.78 139.98 -34.48 152.51
14.00 -79.98 -1.98 -3.12 125.63 -82.64 6.15 -83.14 -5.06 -2.11 152.84 -29.05 152.55
14.02 -80.00 0.05 0.08 125.66 -82.60 9.70 -83.05 -2.42 5.88 162.41 -22.89 154.03
14.03 -79.97 2.20 3.45 125.62 -85.45 12.06 -83.26 -0.04 -12.87 139.53 -20.31 151.54
14.05 -79.89 4.25 6.67 125.49 -85.45 13.25 -83.63 2.45 -22.18 152.61 -19.21 153.44
14.07 -79.76 6.13 9.64 125.29 -88.37 14.45 -84.15 4.83 -34.83 158.16 -20.42 153.62
14.08 -79.58 8.19 12.86 125.00 -85.52 19.19 -84.40 7.56 -14.90 166.55 -18.66 155.57
14.10 -79.35 10.20 16.02 124.64 -85.54 20.38 -84.66 9.94 -16.57 147.47 -17.94 151.75
14.11 -79.06 12.25 19.25 124.18 -85.59 22.77 -84.94 12.31 -16.95 143.62 -17.11 152.06
14.13 -78.73 14.21 22.33 123.66 -85.70 26.36 -84.96 14.69 -0.90 150.57 -12.62 151.37
14.15 -78.33 16.28 25.57 123.04 -85.75 27.56 -85.26 17.19 -18.22 149.24 -13.36 152.30
14.16 -77.86 18.37 28.85 122.31 -82.97 29.86 -85.29 19.56 -1.96 139.16 -13.35 150.93
14.18 -77.39 20.27 31.84 121.56 -83.02 31.06 -85.34 21.69 -2.68 136.71 -14.20 148.36
14.20 -76.84 22.25 34.95 120.71 -83.14 33.46 -85.10 23.83 14.19 131.06 -11.50 147.51
14.21 -76.27 24.14 37.91 119.81 -86.08 34.80 -85.17 25.99 -4.02 137.36 -9.68 145.99
14.23 -75.61 26.15 41.07 118.76 -86.23 37.23 -84.95 28.27 12.71 135.21 -4.93 143.69
14.24 -74.95 27.99 43.96 117.72 -84.85 38.38 -84.89 30.18 4.29 123.38 -3.01 139.38
14.26 -74.19 29.92 47.00 116.54 -85.01 40.82 -84.83 32.23 3.20 123.78 -1.03 137.01
14.28 -73.39 31.85 50.03 115.28 -88.13 43.47 -85.09 34.30 -15.22 124.31 -0.86 135.08
14.29 -72.55 33.71 52.94 113.97 -83.83 44.42 -84.90 36.10 11.59 111.58 0.39 131.18
14.31 -71.67 35.55 55.84 112.58 -81.05 45.47 -84.43 37.90 28.88 110.15 5.10 127.27
14.33 -70.75 37.35 58.66 111.13 -81.15 46.70 -84.25 39.58 11.35 104.76 6.43 123.83
14.34 -69.79 39.11 61.43 109.62 -81.35 49.18 -84.08 41.39 10.48 113.36 7.75 121.49
14.36 -68.77 40.87 64.19 108.03 -74.44 49.92 -83.21 43.04 53.89 101.94 11.72 118.58
14.37 -67.69 42.64 66.98 106.33 -75.91 51.25 -82.19 44.68 61.51 99.51 18.27 114.80
14.39 -66.60 44.33 69.63 104.61 -78.82 52.71 -81.45 46.23 46.24 96.64 21.62 110.94
14.41 -65.41 46.06 72.35 102.75 -76.23 54.99 -80.59 47.89 51.57 99.47 26.35 108.55
14.42 -64.20 47.73 74.98 100.84 -74.95 56.13 -79.59 49.42 61.16 93.12 32.15 105.48
14.44 -62.98 49.33 77.49 98.93 -75.07 57.39 -78.28 50.82 81.57 86.95 41.82 101.75
14.46 -61.68 50.94 80.02 96.89 -74.04 61.08 -77.30 52.48 59.48 101.24 46.61 100.71
14.47 -60.36 52.50 82.47 94.81 -71.29 60.83 -76.32 54.02 60.05 94.49 49.73 99.15
14.49 -59.05 53.97 84.77 92.76 -68.80 63.14 -75.09 55.66 79.03 105.24 56.50 99.20
14.50 -57.57 55.55 87.25 90.44 -68.92 64.41 -73.85 57.18 72.12 88.45 62.66 96.70
14.52 -56.17 56.96 89.48 88.23 -65.13 66.61 -72.92 58.85 58.58 105.12 63.13 97.02
14.54 -54.69 58.39 91.71 85.91 -65.38 69.20 -71.86 60.65 64.52 109.91 63.43 98.06
14.55 -53.22 59.73 93.83 83.59 -65.51 70.50 -70.53 62.43 83.78 111.98 67.19 99.60
14.57 -51.64 61.10 95.98 81.12 -61.77 72.73 -69.09 64.20 87.15 106.85 70.74 100.34
14.59 -50.08 62.39 97.99 78.67 -59.26 73.79 -67.52 65.97 97.54 109.72 74.38 101.99
14.60 -48.46 63.65 99.98 76.13 -54.08 73.31 -65.42 67.56 128.47 97.44 79.07 103.04
14.62 -46.83 64.86 101.88 73.56 -55.72 77.37 -63.59 69.19 113.38 100.86 84.46 103.01
14.63 -45.30 65.94 103.57 71.16 -54.43 77.25 -61.90 70.83 113.16 110.21 89.77 104.58
14.65 -43.57 67.10 105.39 68.44 -49.32 76.79 -59.95 72.20 117.39 82.30 93.61 102.29
14.67 -41.86 68.17 107.08 65.76 -45.77 79.11 -57.64 73.67 144.36 91.61 100.83 102.60
14.68 -40.12 69.21 108.72 63.01 -45.98 81.77 -55.72 75.18 118.30 93.65 106.80 101.45
14.70 -38.30 70.23 110.32 60.17 -45.98 81.77 -53.78 76.44 117.15 75.95 112.07 98.06
14.71 -36.50 71.19 111.82 57.33 -40.81 78.72 -51.31 77.26 152.24 50.66 118.91 91.93
14.73 -34.65 72.11 113.27 54.43 -37.59 85.10 -48.89 78.50 147.01 75.22 124.90 88.76
14.75 -32.82 72.96 114.60 51.56 -36.27 83.66 -46.60 79.49 143.42 61.61 129.49 83.95
14.76 -30.96 73.77 115.87 48.63 -35.23 86.27 -44.71 80.78 116.69 80.21 128.31 82.23
14.78 -29.05 74.54 117.08 45.64 -32.96 88.82 -42.43 81.93 139.03 69.94 130.88 79.14
14.80 -27.16 75.25 118.20 42.67 -28.11 88.50 -39.80 83.05 163.80 70.00 135.94 75.11
14.81 -25.23 75.92 119.25 39.63 -26.91 88.42 -37.56 84.21 137.44 71.32 137.94 74.02
14.83 -23.22 76.56 120.25 36.47 -24.58 89.65 -35.44 85.27 126.31 62.85 136.14 71.14
14.84 -21.26 77.12 121.15 33.39 -21.11 92.22 -32.96 86.31 153.05 64.30 139.61 68.21
14.86 -19.33 77.63 121.94 30.37 -18.78 93.50 -30.24 87.49 171.73 74.02 145.07 68.01
14.88 -17.37 78.09 122.66 27.29 -17.54 92.05 -27.91 88.82 145.20 83.19 144.37 71.27
14.89 -15.32 78.52 123.34 24.07 -12.84 93.26 -25.43 89.64 148.65 49.03 144.53 68.65
14.91 -13.38 78.87 123.89 21.02 -9.35 95.96 -22.74 90.87 171.33 78.27 147.32 70.31
14.93 -11.30 79.20 124.40 17.74 -8.14 94.52 -20.03 91.69 161.25 49.14 151.78 67.21
14.94 -9.28 79.46 124.82 14.58 -5.78 94.48 -17.31 92.26 168.10 34.97 154.69 63.71
14.96 -7.25 79.67 125.15 11.39 -4.62 95.86 -14.96 92.99 144.56 45.31 152.76 61.24
14.97 -5.19 79.83 125.40 8.15 0.11 94.41 -12.26 93.59 164.20 36.39 155.44 57.75
14.99 -3.17 79.94 125.56 4.99 0.12 93.02 -9.79 93.93 153.92 21.00 158.20 53.56
15.01 -1.11 79.99 125.65 1.75 0.11 94.41 -7.67 94.15 129.35 13.35 155.83 48.47
15.02 0.88 80.00 125.66 -1.38 4.82 95.82 -5.31 94.38 149.03 14.66 153.56 42.53
15.04 2.91 79.95 125.58 -4.57 4.82 94.42 -3.07 94.62 138.09 14.60 152.85 35.67
15.06 4.96 79.85 125.42 -7.79 9.53 94.47 -0.84 94.74 137.19 7.42 151.70 31.51
15.07 7.05 79.69 125.17 -11.07 11.91 95.92 1.29 94.73 127.33 -0.21 147.30 23.66
15.09 9.06 79.48 124.85 -14.24 11.86 93.12 3.29 94.59 124.10 -8.68 143.59 17.88
15.10 11.05 79.23 124.46 -17.36 14.25 94.58 5.29 94.60 125.58 0.64 139.33 14.45
15.12 13.10 78.92 123.97 -20.58 18.95 93.34 7.65 94.35 143.00 -15.31 139.18 8.38
15.14 15.12 78.56 123.40 -23.76 18.95 93.34 9.53 94.24 115.23 -6.57 134.28 4.09
15.15 17.10 78.15 122.76 -26.86 21.28 92.04 11.65 94.15 132.03 -6.10 132.09 1.38
15.17 19.09 77.69 122.03 -29.99 23.72 93.54 14.01 94.06 144.71 -5.33 133.63 -0.49
15.19 21.08 77.17 121.22 -33.11 25.99 90.89 16.13 93.57 129.68 -30.23 131.69 -4.98
15.20 23.00 76.62 120.36 -36.13 28.39 91.01 18.49 93.23 148.06 -21.37 132.69 -8.57
15.22 24.97 76.00 119.39 -39.22 28.39 91.01 20.37 92.88 115.08 -21.09 130.48 -11.42
15.23 26.94 75.33 118.32 -42.32 35.40 87.35 22.72 92.02 141.53 -51.66 131.90 -16.57
15.25 28.82 74.63 117.22 -45.28 35.32 86.00 25.07 91.31 146.81 -44.61 134.17 -20.16
15.27 30.75 73.85 116.01 -48.30 37.58 83.47 27.40 90.20 141.29 -67.26 135.74 -26.95
15.28 32.67 73.03 114.71 -51.31 37.67 84.81 29.27 89.35 112.54 -51.28 132.70 -30.55
15.30 34.49 72.18 113.39 -54.17 39.76 79.67 31.35 87.98 130.25 -85.59 134.20 -38.45
15.32 36.31 71.29 111.98 -57.03 44.74 81.34 33.70 86.91 145.27 -66.29 135.52 -44.47
15.33 38.12 70.34 110.48 -59.87 47.01 78.89 36.03 85.44 143.27 -90.14 135.38 -52.95
15.35 39.90 69.34 108.91 -62.68 49.50 79.09 38.38 84.26 144.23 -72.39 136.83 -57.17
15.37 41.72 68.26 107.22 -65.54 51.80 76.66 40.72 82.83 139.26 -85.38 135.95 -63.57
15.38 43.41 67.20 105.55 -68.19 51.59 74.06 43.04 81.13 145.82 -106.54 139.03 -72.11
15.40 45.28 65.96 103.60 -71.12 56.53 73.18 45.15 79.72 118.69 -79.62 136.74 -74.91
15.41 46.76 64.91 101.96 -73.45 58.87 70.81 47.50 78.20 163.16 -105.23 138.38 -80.97
15.43 48.51 63.62 99.93 -76.19 58.66 68.25 49.61 76.68 121.76 -87.94 136.43 -83.04
15.45 50.03 62.43 98.06 -78.58 61.11 67.19 51.96 74.91 152.84 -114.88 140.46 -89.40
15.46 51.60 61.14 96.03 -81.05 63.59 66.13 54.34 73.56 147.17 -83.60 142.15 -89.20
15.48 53.14 59.80 93.94 -83.47 66.09 65.08 56.47 71.93 131.78 -100.36 140.80 -92.61
15.49 54.62 58.45 91.82 -85.79 65.87 62.55 58.36 70.30 118.13 -102.31 138.28 -93.82
15.51 56.09 57.04 89.60 -88.11 67.90 55.30 60.20 67.92 113.38 -146.62 135.20 -101.25
15.53 57.58 55.54 87.25 -90.44 73.30 56.92 62.35 65.95 128.14 -117.61 134.09 -104.47
15.54 58.97 54.06 84.92 -92.63 73.10 54.44 64.50 63.99 132.76 -121.09 132.78 -105.93
15.56 60.34 52.53 82.51 -94.78 75.70 53.40 66.42 62.01 117.31 -121.00 132.64 -110.06
15.58 61.62 51.02 80.15 -96.79 75.42 49.71 68.07 59.90 105.41 -134.35 126.87 -112.98
15.59 62.92 49.41 77.62 -98.83 78.14 49.90 70.02 58.06 118.25 -111.38 126.52 -115.32
15.61 64.12 47.83 75.14 -100.73 80.63 46.40 71.98 55.98 123.36 -131.38 123.57 -116.97
15.62 65.31 46.21 72.58 -102.58 83.33 45.36 73.95 53.91 123.36 -129.79 121.19 -121.59
15.64 66.43 44.58 70.02 -104.35 80.38 42.75 75.38 51.67 90.77 -141.86 117.09 -125.74
15.66 67.54 42.88 67.35 -106.09 83.00 40.48 77.09 49.47 106.03 -136.62 115.88 -129.17
15.67 68.63 41.10 64.56 -107.81 85.67 38.21 78.87 47.76 107.02 -102.87 115.24 -124.79
15.69 69.68 39.30 61.73 -109.46 85.60 37.00 80.10 45.77 74.12 -120.08 109.84 -125.04
15.71 70.63 37.57 59.02 -110.94 85.54 35.79 81.34 43.90 79.27 -118.90 104.49 -124.82
15.72 71.58 35.72 56.11 -112.44 85.41 33.39 82.31 41.90 58.68 -120.98 98.63 -124.82
15.74 72.45 33.92 53.28 -113.81 85.25 29.80 83.30 39.91 61.76 -125.11 94.26 -123.89
15.75 73.32 32.00 50.27 -115.17 90.89 27.59 84.57 37.68 75.97 -132.92 90.04 -126.05
15.77 74.13 30.09 47.26 -116.44 88.00 27.50 85.31 35.79 44.68 -114.52 82.17 -124.36
15.79 74.83 28.30 44.45 -117.54 90.81 25.19 86.06 33.77 48.80 -131.70 74.71 -124.55
15.80 75.58 26.23 41.20 -118.72 89.32 23.96 86.95 31.89 51.01 -107.19 70.73 -121.09
15.82 76.17 24.44 38.39 -119.65 93.61 20.45 88.01 29.89 70.88 -133.78 67.22 -120.80
15.84 76.78 22.46 35.27 -120.61 90.66 19.21 88.51 27.99 30.14 -114.98 59.53 -122.01
15.85 77.34 20.46 32.14 -121.48 90.62 16.82 89.01 25.97 30.46 -122.48 55.16 -122.26
15.87 77.82 18.54 29.12 -122.24 90.60 14.44 89.52 23.84 32.08 -135.32 50.45 -123.90
15.88 78.29 16.45 25.84 -122.98 90.59 12.06 90.03 21.70 30.39 -125.13 47.62 -124.31
15.90 78.68 14.45 22.70 -123.60 93.52 12.06 90.86 19.93 50.97 -109.31 46.54 -122.73
15.92 79.02 12.51 19.65 -124.12 93.53 9.66 91.13 18.14 16.87 -114.66 40.63 -120.91
15.93 79.31 10.48 16.46 -124.58 90.65 4.91 91.39 15.88 16.22 -138.09 37.78 -123.26
15.95 79.56 8.40 13.20 -124.97 90.63 6.10 91.37 13.97 -1.03 -114.75 32.80 -121.57
15.97 79.74 6.40 10.05 -125.26 90.73 1.32 91.52 11.70 8.81 -141.17 28.58 -124.97
15.98 79.88 4.39 6.90 -125.47 90.84 -2.27 91.24 9.43 -17.32 -142.04 19.76 -125.79
16.00 79.97 2.28 3.57 -125.61 90.89 -3.47 91.26 7.16 1.38 -134.70 16.88 -127.77
16.01 80.00 0.28 0.44 -125.66 90.93 -4.68 91.29 5.01 1.98 -135.30 14.03 -129.05
16.03 79.98 -1.79 -2.81 -125.63 91.16 -9.51 91.35 2.62 3.43 -145.70 11.17 -130.08
16.05 79.91 -3.78 -5.94 -125.52 88.39 -11.81 91.13 0.23 -13.85 -150.08 6.74 -132.58
16.06 79.79 -5.85 -9.19 -125.33 88.46 -13.02 90.62 -2.28 -30.70 -152.08 -1.42 -136.86
16.08 79.61 -7.87 -12.36 -125.05 91.62 -16.85 90.43 -4.93 -11.85 -164.53 -4.29 -141.84
16.10 79.37 -9.98 -15.68 -124.68 88.87 -19.14 90.25 -7.33 -10.57 -142.32 -6.97 -142.27
16.11 79.10 -11.98 -18.83 -124.25 88.96 -20.37 90.09 -9.98 -10.40 -164.42 -7.91 -147.23
16.13 78.77 -13.99 -21.98 -123.73 89.37 -25.35 89.95 -12.65 -8.40 -164.81 -9.63 -149.60
16.14 78.39 -15.97 -25.09 -123.13 89.60 -27.87 89.83 -15.21 -7.72 -159.43 -8.67 -151.34
16.16 77.95 -17.99 -28.26 -122.44 87.17 -32.71 89.45 -18.13 -22.60 -177.83 -11.07 -155.65
16.18 77.48 -19.93 -31.31 -121.70 87.17 -32.71 89.08 -20.93 -23.70 -176.58 -13.64 -159.78
16.19 76.93 -21.94 -34.46 -120.85 85.60 -31.31 88.52 -23.11 -33.65 -131.73 -17.34 -158.38
16.21 76.36 -23.86 -37.47 -119.95 81.69 -34.75 87.85 -25.41 -42.07 -143.98 -20.17 -157.77
16.23 75.73 -25.79 -40.52 -118.95 81.81 -36.02 87.19 -27.71 -40.98 -141.85 -21.19 -156.75
16.24 75.04 -27.72 -43.55 -117.88 83.65 -40.04 86.39 -30.03 -48.88 -142.28 -24.90 -154.52
16.26 74.29 -29.67 -46.61 -116.70 85.57 -44.15 86.06 -32.53 -19.86 -150.67 -25.83 -155.36
16.27 73.49 -31.60 -49.64 -115.44 81.39 -45.00 85.30 -34.99 -45.47 -147.85 -29.33 -153.70
16.29 72.69 -33.41 -52.47 -114.18 77.29 -45.86 84.09 -37.04 -76.94 -130.63 -36.19 -150.28
16.31 71.80 -35.29 -55.43 -112.78 80.60 -50.19 83.19 -39.27 -54.23 -134.52 -40.84 -147.79
16.32 70.87 -37.12 -58.31 -111.32 76.51 -51.05 82.13 -41.11 -65.21 -112.18 -45.10 -141.23
16.34 69.92 -38.88 -61.08 -109.82 79.88 -55.50 81.40 -43.39 -45.83 -143.16 -47.31 -137.89
16.36 68.91 -40.63 -63.83 -108.25 72.81 -54.64 80.12 -45.72 -79.62 -145.32 -51.91 -139.24
16.37 67.85 -42.39 -66.59 -106.57 72.98 -56.01 79.25 -47.85 -53.20 -129.88 -53.02 -137.83
16.39 66.68 -44.20 -69.44 -104.74 69.34 -59.66 78.00 -50.21 -72.67 -137.65 -56.19 -137.41
16.40 65.60 -45.79 -71.93 -103.04 76.14 -59.14 77.25 -52.12 -49.22 -125.07 -56.23 -135.69
16.42 64.36 -47.51 -74.63 -101.10 66.93 -62.12 75.39 -53.92 -110.66 -106.75 -65.31 -131.30
16.44 63.17 -49.09 -77.11 -99.22 65.74 -63.37 73.82 -55.75 -99.15 -116.42 -70.67 -128.16
16.45 61.88 -50.70 -79.64 -97.21 64.39 -63.20 72.53 -57.49 -78.89 -106.00 -70.87 -125.70
16.47 60.56 -52.27 -82.11 -95.13 63.37 -65.88 70.81 -59.06 -105.37 -95.87 -75.98 -121.83
16.49 59.25 -53.76 -84.44 -93.07 62.53 -70.04 69.41 -60.96 -88.68 -120.41 -78.33 -122.65
16.50 57.83 -55.28 -86.83 -90.84 64.63 -76.18 67.89 -63.02 -92.20 -125.13 -82.97 -120.85
16.52 56.38 -56.75 -89.15 -88.57 60.17 -72.63 66.62 -64.82 -76.72 -109.22 -82.68 -117.24
16.53 54.92 -58.17 -91.37 -86.27 62.88 -72.99 65.61 -66.52 -62.40 -104.96 -83.60 -114.75
16.55 53.45 -59.53 -93.50 -83.95 56.17 -72.14 64.30 -67.77 -82.44 -78.14 -84.57 -108.80
16.57 51.93 -60.85 -95.59 -81.57 56.66 -76.60 62.35 -69.51 -121.41 -108.84 -91.79 -107.17
16.58 50.33 -62.19 -97.68 -79.06 52.69 -76.11 60.92 -70.91 -85.96 -84.36 -89.32 -104.94
16.60 48.70 -63.47 -99.70 -76.49 51.53 -77.45 59.50 -72.32 -85.98 -85.20 -88.01 -101.81
16.62 47.10 -64.67 -101.58 -73.98 50.07 -75.80 58.07 -73.58 -90.08 -79.28 -89.13 -99.14
16.63 45.48 -65.81 -103.38 -71.45 46.34 -76.87 56.37 -74.68 -108.25 -69.86 -89.41 -96.54
16.65 43.84 -66.92 -105.12 -68.86 46.76 -81.41 54.79 -75.82 -99.79 -71.97 -90.52 -91.70
16.66 42.08 -68.04 -106.87 -66.11 44.31 -82.66 52.76 -76.47 -122.87 -39.17 -93.59 -83.10
16.68 40.25 -69.14 -108.60 -63.22 40.21 -79.22 50.76 -77.12 -116.96 -38.61 -97.61 -76.04
16.70 38.42 -70.17 -110.22 -60.35 40.33 -80.73 48.51 -77.90 -135.39 -46.51 -104.91 -70.19
16.71 36.77 -71.05 -111.61 -57.75 36.65 -81.90 46.56 -78.88 -130.74 -65.41 -109.74 -68.92
16.73 34.91 -71.98 -113.07 -54.83 34.13 -81.69 44.30 -79.38 -136.06 -30.74 -111.21 -61.11
16.74 33.11 -72.82 -114.39 -52.02 33.30 -87.79 42.36 -80.55 -123.04 -74.13 -114.91 -60.09
16.76 31.22 -73.65 -115.70 -49.05 31.83 -84.55 40.39 -81.26 -119.96 -43.22 -118.31 -55.89
16.78 29.35 -74.42 -116.90 -46.10 30.68 -86.00 38.45 -82.28 -120.04 -63.14 -121.31 -54.28
16.79 27.44 -75.15 -118.04 -43.11 26.93 -85.73 36.51 -83.17 -119.86 -54.74 -122.47 -52.76
16.81 25.38 -75.87 -119.17 -39.87 23.21 -85.50 34.16 -83.58 -135.57 -23.52 -126.05 -47.92
16.83 23.53 -76.46 -120.10 -36.97 22.05 -86.98 31.93 -84.01 -143.97 -27.92 -128.16 -46.79
16.84 21.58 -77.03 -121.00 -33.90 19.58 -86.85 29.87 -84.77 -127.55 -47.17 -129.22 -47.65
16.86 19.62 -77.56 -121.83 -30.82 17.12 -86.74 27.55 -85.37 -143.71 -37.18 -130.05 -46.72
16.87 17.57 -78.05 -122.59 -27.60 13.48 -88.17 25.23 -86.00 -138.29 -37.39 -130.81 -43.91
16.89 15.63 -78.46 -123.24 -24.56 12.22 -86.57 23.04 -86.49 -138.91 -30.94 -131.09 -43.94
16.91 13.63 -78.83 -123.83 -21.41 9.81 -88.07 20.69 -86.52 -144.96 -1.73 -133.28 -36.69
16.92 11.59 -79.16 -124.34 -18.21 6.13 -86.44 18.12 -86.70 -156.25 -11.52 -136.91 -33.52
16.94 9.53 -79.43 -124.77 -14.96 2.48 -87.98 15.30 -86.90 -170.17 -11.92 -141.93 -28.40
16.96 7.56 -79.64 -125.10 -11.87 1.26 -87.98 12.73 -87.13 -162.76 -14.27 -146.21 -24.36
16.97 5.48 -79.81 -125.37 -8.60 2.48 -91.15 10.66 -87.69 -124.90 -34.07 -145.15 -25.41
16.99 3.46 -79.93 -125.55 -5.44 -2.39 -86.45 8.22 -87.64 -152.11 3.32 -145.96 -22.29
17.01 1.43 -79.99 -125.64 -2.25 -7.32 -89.68 5.53 -87.92 -166.28 -17.49 -149.83 -19.32
17.02 -0.72 -80.00 -125.66 1.13 -3.60 -86.46 3.45 -87.89 -121.24 1.61 -147.59 -15.44
17.04 -2.67 -79.96 -125.59 4.20 -10.97 -88.22 1.01 -87.90 -157.17 -0.33 -149.48 -11.73
17.05 -4.70 -79.86 -125.45 7.39 -10.93 -86.65 -1.31 -87.91 -142.88 -0.54 -149.87 -8.69
17.07 -6.74 -79.72 -125.22 10.58 -17.01 -85.37 -3.99 -87.64 -165.53 16.62 -151.93 -6.86
17.09 -8.79 -79.52 -124.90 13.81 -16.94 -83.84 -6.29 -87.38 -140.34 15.87 -150.34 -4.12
17.10 -10.81 -79.27 -124.51 16.98 -21.95 -85.66 -8.74 -87.15 -151.12 14.32 -148.43 -1.50
17.12 -12.79 -78.97 -124.05 20.10 -22.03 -87.23 -11.07 -87.07 -145.71 4.71 -146.73 0.40
17.14 -14.81 -78.62 -123.49 23.26 -23.19 -85.75 -13.63 -86.53 -157.62 33.15 -150.00 7.12
17.15 -16.87 -78.20 -122.84 26.50 -25.69 -85.93 -15.96 -86.48 -139.38 3.10 -148.73 7.10
17.17 -18.90 -77.74 -122.11 29.69 -26.75 -82.93 -17.91 -85.80 -117.32 40.75 -143.83 12.93
17.18 -20.84 -77.24 -121.33 32.73 -31.88 -84.90 -20.73 -85.65 -177.48 9.85 -149.45 13.75
17.20 -22.82 -76.68 -120.44 35.85 -31.88 -84.90 -22.83 -85.32 -127.35 20.24 -146.47 15.81
17.22 -24.74 -76.08 -119.51 38.86 -34.18 -82.04 -25.15 -84.85 -145.85 28.92 -146.77 18.75
17.23 -26.68 -75.42 -118.47 41.90 -35.45 -82.16 -27.00 -84.53 -113.17 19.70 -141.53 19.06
17.25 -28.59 -74.72 -117.36 44.91 -37.75 -79.37 -29.08 -84.09 -128.04 27.48 -140.30 20.22
17.27 -30.51 -73.96 -116.17 47.92 -41.74 -81.30 -31.06 -83.65 -120.66 26.64 -137.26 21.45
17.28 -32.41 -73.14 -114.89 50.92 -44.04 -78.54 -33.26 -82.78 -133.31 52.61 -136.02 26.24
17.30 -34.23 -72.31 -113.58 53.76 -43.76 -75.55 -35.31 -81.76 -129.64 64.30 -133.22 29.36
17.31 -36.16 -71.36 -112.09 56.81 -46.65 -78.84 -37.41 -81.05 -122.08 41.28 -131.49 33.17
17.33 -37.86 -70.47 -110.70 59.47 -47.66 -75.98 -39.50 -80.36 -137.21 45.61 -133.48 33.66
17.35 -39.70 -69.46 -109.10 62.36 -48.66 -73.17 -41.18 -79.19 -100.42 70.15 -125.77 39.69
17.36 -41.43 -68.43 -107.50 65.08 -51.29 -73.48 -43.12 -78.04 -121.15 71.25 -125.15 44.79
17.38 -43.14 -67.37 -105.82 67.77 -52.29 -70.71 -44.93 -76.91 -112.88 70.64 -121.86 48.96
17.40 -44.88 -66.23 -104.03 70.49 -57.81 -72.84 -47.17 -75.98 -135.54 56.49 -124.09 52.64
17.41 -46.54 -65.07 -102.21 73.11 -54.63 -68.13 -48.85 -74.85 -104.36 69.51 -121.73 56.85
17.43 -48.14 -63.89 -100.36 75.62 -56.29 -71.20 -50.31 -73.84 -92.22 64.02 -118.88 60.58
17.44 -49.75 -62.65 -98.40 78.15 -57.29 -68.45 -51.63 -72.84 -81.65 62.15 -113.72 61.54
17.46 -51.36 -61.33 -96.34 80.68 -58.47 -67.18 -53.10 -72.00 -89.01 50.63 -109.65 60.17
17.48 -52.91 -60.00 -94.25 83.11 -60.84 -64.65 -54.52 -70.58 -87.45 87.45 -106.19 64.79
17.49 -54.46 -58.60 -92.05 85.55 -60.68 -63.24 -55.83 -69.31 -78.10 76.45 -100.28 67.87
17.51 -55.89 -57.24 -89.91 87.79 -60.52 -61.83 -57.01 -68.17 -75.72 72.43 -97.81 68.10
17.53 -57.36 -55.77 -87.60 90.10 -63.06 -60.76 -58.19 -66.90 -71.02 76.77 -92.79 68.65
17.54 -58.79 -54.26 -85.23 92.34 -65.46 -58.31 -59.50 -65.66 -79.81 75.18 -89.49 69.11
17.56 -60.14 -52.76 -82.87 94.46 -66.51 -55.72 -60.37 -63.95 -54.07 106.46 -81.34 74.11
17.57 -61.44 -51.24 -80.49 96.50 -67.73 -54.51 -61.68 -62.58 -82.35 85.63 -79.14 75.72
17.59 -62.72 -49.66 -78.00 98.52 -67.57 -53.15 -62.81 -60.78 -69.61 111.32 -76.88 80.45
17.61 -63.99 -48.02 -75.43 100.51 -68.79 -51.96 -63.96 -59.13 -69.70 100.01 -75.68 84.23
17.62 -65.17 -46.39 -72.88 102.37 -71.10 -48.25 -65.22 -57.24 -78.90 118.29 -74.67 91.00
17.64 -66.29 -44.79 -70.35 104.13 -68.20 -46.64 -65.96 -55.44 -47.26 115.62 -70.65 93.82
17.65 -67.41 -43.08 -67.67 105.88 -71.10 -48.25 -67.00 -53.94 -64.29 92.45 -69.27 95.42
17.67 -68.48 -41.35 -64.95 107.57 -72.05 -44.43 -68.16 -52.20 -71.13 107.28 -68.81 98.90
17.69 -69.55 -39.54 -62.11 109.24 -74.85 -44.72 -69.34 -50.59 -70.57 95.98 -68.77 100.82
17.70 -70.52 -37.78 -59.34 110.77 -76.96 -38.49 -70.49 -48.61 -71.73 123.60 -67.96 105.66
17.72 -71.46 -35.97 -56.51 112.24 -75.42 -37.07 -71.38 -46.75 -55.11 115.27 -68.06 106.54
17.74 -72.35 -34.15 -53.64 113.64 -76.58 -34.65 -72.26 -44.76 -54.77 122.92 -65.31 110.27
17.75 -73.20 -32.28 -50.70 114.98 -79.28 -33.63 -73.43 -42.81 -71.60 119.36 -65.51 111.08
17.77 -74.01 -30.38 -47.72 116.25 -79.16 -32.36 -74.47 -40.85 -63.07 119.24 -64.84 113.00
17.78 -74.75 -28.49 -44.76 117.42 -78.70 -27.33 -75.23 -38.76 -47.19 129.80 -61.67 114.15
17.80 -75.46 -26.56 -41.72 118.54 -78.50 -24.85 -76.26 -36.58 -62.73 132.76 -63.22 115.87
17.82 -76.11 -24.65 -38.71 119.55 -81.04 -21.34 -77.25 -33.89 -61.88 167.45 -62.98 123.37
17.83 -76.74 -22.61 -35.51 120.54 -82.47 -21.44 -78.30 -31.59 -61.34 135.38 -62.00 126.18
17.85 -77.28 -20.68 -32.48 121.39 -82.12 -16.53 -79.02 -28.77 -45.69 177.07 -59.51 134.29
17.87 -77.76 -18.78 -29.50 122.15 -83.55 -16.62 -79.68 -26.58 -42.25 140.20 -56.56 135.95
17.88 -78.22 -16.76 -26.33 122.88 -83.19 -10.55 -80.46 -23.93 -47.10 160.88 -55.76 140.51
17.90 -78.63 -14.73 -23.14 123.51 -80.36 -10.42 -80.84 -21.51 -22.95 147.11 -52.58 142.93
17.91 -78.98 -12.73 -19.99 124.06 -83.13 -9.34 -81.22 -19.08 -23.78 150.08 -47.80 146.00
17.93 -79.28 -10.67 -16.77 124.54 -82.92 -4.54 -81.60 -16.30 -22.76 168.44 -43.77 150.92
17.95 -79.52 -8.72 -13.70 124.91 -82.79 -0.97 -82.01 -13.66 -26.13 168.49 -41.66 154.79
17.96 -79.72 -6.68 -10.49 125.23 -85.62 0.16 -82.72 -11.16 -43.57 152.93 -39.74 156.80
17.98 -79.87 -4.62 -7.26 125.45 -85.59 1.35 -83.17 -8.89 -27.70 138.20 -36.33 153.88
18.00 -79.96 -2.58 -4.05 125.60 -85.54 3.73 -83.48 -6.37 -18.84 154.73 -32.08 155.81
18.01 -80.00 -0.57 -0.90 125.66 -85.48 7.31 -83.82 -3.99 -21.02 149.22 -29.61 153.03
18.03 -79.98 1.57 2.46 125.64 -88.37 9.67 -84.30 -1.36 -28.29 154.50 -28.21 154.46
18.04 -79.92 3.52 5.53 125.54 -82.60 12.06 -84.24 0.90 3.83 145.48 -23.12 152.92
18.06 -79.80 5.59 8.79 125.36 -82.60 14.42 -84.46 3.38 -13.60 150.31 -22.19 153.24
18.08 -79.64 7.59 11.93 125.10 -85.45 12.06 -84.70 5.52 -14.53 133.88 -21.26 151.62
18.09 -79.42 9.64 15.15 124.75 -85.54 20.38 -84.96 8.02 -15.98 151.96 -20.58 149.97
18.11 -79.14 11.67 18.33 124.32 -85.59 22.77 -85.24 10.39 -17.21 145.85 -19.69 147.71
18.13 -78.82 13.70 21.51 123.81 -85.56 21.58 -85.23 12.53 0.36 131.28 -15.30 145.54
18.14 -78.45 15.68 24.63 123.23 -82.83 26.28 -84.96 15.03 17.16 155.24 -10.81 147.24
18.16 -78.03 17.66 27.75 122.56 -85.70 26.36 -84.97 17.29 -1.04 140.00 -9.03 145.77
18.17 -77.54 19.70 30.95 121.79 -82.97 29.86 -84.72 19.54 15.04 135.12 -5.43 144.36
18.19 -77.02 21.61 33.95 120.99 -86.02 33.58 -84.49 21.93 14.93 152.01 -1.10 144.11
18.21 -76.43 23.62 37.11 120.06 -86.15 36.01 -84.84 24.33 -21.35 143.72 -3.62 143.94
18.22 -75.82 25.51 40.08 119.10 -83.33 37.09 -84.92 26.60 -4.62 143.27 -2.72 143.23
18.24 -75.11 27.55 43.27 117.98 -83.41 38.30 -84.71 29.22 11.93 152.93 -0.08 145.14
18.26 -74.42 29.36 46.12 116.90 -83.65 41.96 -84.52 31.38 12.27 140.03 2.75 143.95
18.27 -73.65 31.24 49.08 115.68 -80.96 44.24 -84.06 33.53 28.61 132.55 7.33 142.62
18.29 -72.83 33.10 52.00 114.40 -82.58 46.80 -83.76 36.05 18.47 155.97 9.14 145.08
18.30 -71.92 35.04 55.03 112.97 -81.24 47.94 -83.60 38.21 9.36 127.43 8.36 142.30
18.32 -71.03 36.81 57.82 111.57 -78.51 48.98 -82.88 40.48 45.49 143.01 13.01 142.60
18.34 -70.06 38.61 60.65 110.06 -80.02 50.32 -82.59 42.52 18.12 125.85 13.32 141.68
18.35 -69.07 40.37 63.41 108.49 -78.93 53.96 -81.88 44.56 44.11 126.85 16.24 139.16
18.37 -67.98 42.17 66.24 106.79 -78.82 52.71 -81.15 46.23 43.75 99.62 22.75 134.75
18.39 -66.90 43.86 68.90 105.09 -76.23 54.99 -80.44 48.02 44.52 112.28 27.66 131.65
18.40 -65.76 45.56 71.56 103.30 -74.95 56.13 -79.59 49.80 51.93 109.58 31.66 127.32
18.42 -64.60 47.19 74.13 101.47 -76.71 60.05 -78.90 51.61 43.39 113.19 34.77 124.63
18.43 -63.36 48.85 76.73 99.52 -71.29 60.83 -77.93 53.27 58.83 100.90 37.80 121.47
18.45 -62.07 50.47 79.28 97.50 -74.17 62.35 -77.09 54.83 50.98 94.33 41.05 115.30
18.47 -60.76 52.04 81.74 95.44 -68.92 64.41 -75.86 56.47 75.73 101.29 47.69 112.69
18.48 -59.43 53.55 84.12 93.35 -69.05 65.70 -74.91 58.15 59.00 104.29 49.04 108.82
18.50 -58.03 55.07 86.50 91.16 -66.47 66.74 -73.56 59.79 82.73 100.21 55.50 106.25
18.52 -56.63 56.51 88.76 88.95 -66.60 68.03 -72.32 61.19 77.07 87.87 58.79 102.36
18.53 -55.15 57.95 91.03 86.63 -65.38 69.20 -70.98 62.84 81.85 100.41 62.60 102.44
18.55 -53.67 59.32 93.19 84.31 -64.17 70.37 -69.77 64.38 75.03 95.65 65.65 100.77
18.56 -52.08 60.72 95.39 81.81 -61.64 71.42 -68.44 65.91 78.94 90.64 68.35 98.88
18.58 -50.54 62.01 97.41 79.39 -62.03 75.37 -66.97 67.44 92.05 96.03 73.22 97.16
18.60 -48.96 63.27 99.38 76.91 -59.39 75.10 -65.78 68.87 74.01 88.77 74.74 95.95
18.61 -47.31 64.51 101.33 74.32 -59.52 76.43 -64.32 70.28 89.06 85.54 78.55 95.07
18.63 -45.74 65.63 103.10 71.85 -54.43 77.25 -62.87 71.56 94.38 83.58 80.41 93.30
18.64 -44.09 66.75 104.86 69.26 -54.55 78.58 -61.42 72.85 91.30 81.12 83.64 90.98
18.66 -42.37 67.86 106.59 66.55 -52.34 82.36 -60.00 74.41 86.71 95.93 84.04 90.55
18.68 -40.61 68.93 108.27 63.78 -49.78 82.12 -58.32 75.82 102.62 85.98 86.59 90.36
18.69 -38.81 69.96 109.89 60.96 -47.24 81.88 -56.51 77.09 110.04 76.97 89.41 88.02
18.71 -37.05 70.91 111.38 58.19 -47.35 83.23 -54.83 78.37 105.59 80.78 92.47 86.53
18.73 -35.21 71.83 112.84 55.31 -42.44 84.14 -52.91 79.65 117.39 77.79 96.31 85.25
18.74 -33.38 72.70 114.20 52.43 -42.44 84.14 -50.95 80.52 121.27 54.33 99.24 81.08
18.76 -31.50 73.54 115.51 49.48 -37.69 86.45 -48.78 81.66 132.65 69.39 105.10 79.14
18.77 -29.65 74.30 116.71 46.58 -35.14 84.92 -46.34 82.51 153.23 53.35 111.52 75.92
18.79 -27.74 75.04 117.87 43.57 -32.88 87.45 -44.19 83.53 132.05 62.51 115.28 73.81
18.81 -25.78 75.73 118.96 40.50 -32.96 88.82 -42.03 84.55 130.94 62.12 119.25 71.91
18.82 -23.84 76.36 119.95 37.46 -28.19 89.87 -39.61 85.30 148.74 46.20 125.45 66.94
18.84 -21.89 76.95 120.87 34.38 -23.44 90.96 -36.98 86.19 162.21 54.48 131.41 63.79
18.86 -19.92 77.48 121.71 31.29 -21.05 90.84 -34.36 87.08 161.36 55.17 136.54 61.61
18.87 -17.95 77.96 122.46 28.19 -18.78 93.50 -31.50 88.11 176.69 63.47 143.65 59.88
18.89 -15.83 78.42 123.18 24.87 -18.78 93.50 -29.14 89.05 137.48 54.35 145.66 57.54
18.90 -13.88 78.79 123.76 21.81 -14.06 94.70 -26.30 90.10 179.84 66.90 151.52 58.79
18.92 -11.90 79.11 124.27 18.69 -14.06 94.70 -23.94 90.93 147.28 51.41 152.98 57.00
18.94 -9.86 79.39 124.71 15.49 -9.32 94.55 -21.35 91.89 157.93 58.95 153.45 57.56
18.95 -7.82 79.62 125.06 12.28 -4.60 94.46 -18.53 92.59 172.84 42.81 157.53 55.59
18.97 -5.75 79.79 125.34 9.03 -2.24 94.43 -15.45 93.15 185.83 33.92 163.02 52.77
18.99 -3.79 79.91 125.52 5.96 0.11 94.41 -12.62 93.60 181.83 29.20 166.33 51.07
19.00 -1.75 79.98 125.63 2.75 0.11 95.81 -10.27 94.09 144.71 29.82 164.58 48.60
19.02 0.29 80.00 125.66 -0.45 4.82 95.82 -7.68 94.59 159.40 30.69 164.38 46.15
19.03 2.38 79.96 125.61 -3.74 4.82 94.42 -5.32 94.68 141.56 5.51 160.87 40.36
19.05 4.40 79.88 125.47 -6.90 7.14 91.67 -2.73 94.50 161.72 -11.43 163.29 33.78
19.07 6.40 79.74 125.26 -10.06 9.53 94.47 -0.37 94.47 147.36 -1.43 160.05 26.94
19.08 8.49 79.55 124.95 -13.33 14.25 94.58 2.46 94.46 169.88 -0.74 162.31 21.73
19.10 10.48 79.31 124.58 -16.47 19.00 94.74 5.29 94.48 177.19 1.14 164.23 15.95
19.12 12.57 79.01 124.10 -19.75 18.95 93.34 7.65 94.37 140.21 -6.67 160.97 11.00
19.13 14.57 78.66 123.56 -22.88 18.87 90.57 9.76 93.98 131.14 -23.94 155.50 5.22
19.15 16.65 78.25 122.91 -26.15 23.66 92.15 12.12 93.76 139.58 -13.40 151.28 0.96
19.17 18.55 77.82 122.24 -29.14 23.66 92.15 14.47 93.39 151.71 -23.60 151.98 -4.39
19.18 20.51 77.33 121.46 -32.22 25.93 89.51 16.58 92.76 131.05 -39.16 149.14 -11.37
19.20 22.52 76.77 120.58 -35.37 28.32 89.64 18.93 92.28 141.75 -28.81 149.16 -14.80
19.21 24.44 76.17 119.65 -38.40 28.32 89.64 21.05 92.08 132.09 -12.65 146.20 -14.93
19.23 26.36 75.53 118.65 -41.41 33.06 88.56 23.40 91.49 146.37 -36.79 146.10 -18.46
19.25 28.28 74.84 117.55 -44.42 35.40 87.35 25.52 90.76 130.30 -44.52 142.14 -22.84
19.26 30.22 74.07 116.35 -47.48 40.19 86.34 27.64 89.92 127.38 -50.46 137.16 -28.00
19.28 32.05 73.30 115.14 -50.34 40.10 84.99 29.75 89.09 134.22 -53.00 136.56 -32.63
19.30 33.95 72.44 113.79 -53.33 42.37 82.48 32.10 88.28 141.40 -48.66 137.58 -35.11
19.31 35.77 71.56 112.41 -56.18 44.74 81.34 34.21 87.20 131.25 -67.33 136.75 -40.50
19.33 37.58 70.63 110.94 -59.03 49.61 80.41 36.81 86.03 159.93 -72.35 137.57 -45.37
19.34 39.43 69.61 109.34 -61.94 49.50 79.09 39.16 84.98 139.91 -61.88 138.46 -47.65
19.36 41.18 68.59 107.74 -64.69 49.40 77.77 41.27 83.80 130.90 -73.71 137.37 -52.14
19.38 42.88 67.53 106.08 -67.36 54.32 76.88 43.87 82.52 163.12 -80.07 140.48 -58.88
19.39 44.56 66.44 104.36 -70.00 56.53 73.18 46.22 80.98 147.17 -96.43 140.56 -64.84
19.41 46.27 65.26 102.51 -72.69 54.00 72.97 48.08 79.54 112.34 -86.88 138.76 -69.08
19.42 47.89 64.08 100.65 -75.23 58.76 69.53 49.93 77.86 116.43 -105.43 137.67 -74.57
19.44 49.52 62.83 98.69 -77.79 58.76 69.53 51.80 76.32 114.31 -94.71 135.68 -78.74
19.46 51.16 61.50 96.61 -80.36 63.70 67.40 53.93 74.81 127.23 -89.96 134.26 -82.87
19.47 52.69 60.20 94.56 -82.76 63.48 64.86 55.81 73.16 117.13 -102.95 132.85 -86.44
19.49 54.29 58.76 92.30 -85.28 65.98 63.81 57.44 71.50 95.54 -96.86 126.41 -88.89
19.51 55.77 57.35 90.09 -87.61 68.50 62.77 59.34 69.87 116.95 -100.45 124.11 -92.74
19.52 57.18 55.95 87.88 -89.82 70.94 60.47 61.50 68.14 135.85 -109.11 124.61 -96.28
19.54 58.57 54.49 85.59 -92.01 70.84 59.21 63.15 66.37 103.03 -110.21 118.60 -99.30
19.56 59.93 52.99 83.24 -94.14 76.02 57.14 65.10 64.77 121.12 -99.69 115.99 -99.63
19.57 61.25 51.46 80.84 -96.21 75.81 54.64 67.28 62.94 135.72 -114.07 118.33 -102.35
19.59 62.54 49.88 78.36 -98.24 75.51 50.94 68.95 61.08 103.05 -114.36 116.99 -103.24
19.60 63.80 48.27 75.82 -100.22 78.05 48.67 70.88 58.99 118.44 -128.06 117.41 -106.57
19.62 64.92 46.75 73.43 -101.98 80.81 48.86 72.59 57.14 113.99 -123.53 116.08 -109.93
19.64 66.14 45.01 70.70 -103.89 80.54 45.18 74.30 55.17 101.13 -116.68 114.48 -111.30
19.65 67.23 43.36 68.11 -105.61 80.46 43.96 75.75 53.18 91.76 -125.81 114.10 -114.20
19.67 68.31 41.64 65.41 -107.30 83.08 41.70 77.21 51.08 90.22 -130.41 111.43 -117.19
19.69 69.36 39.86 62.61 -108.95 85.83 40.64 78.69 49.09 90.48 -120.53 106.89 -118.34
19.70 70.42 37.95 59.61 -110.62 85.54 35.79 80.16 46.75 84.57 -134.73 105.05 -120.79
19.72 71.34 36.21 56.87 -112.06 85.41 33.39 81.10 44.38 59.91 -151.48 98.93 -125.97
19.73 72.22 34.42 54.07 -113.44 85.41 33.39 82.06 42.25 60.62 -134.13 91.42 -127.97
19.75 73.06 32.60 51.21 -114.76 88.15 31.10 83.33 40.27 79.31 -124.50 89.04 -128.99
19.77 73.86 30.73 48.27 -116.02 88.05 28.70 84.33 38.27 61.59 -123.06 83.36 -128.49
19.78 74.65 28.77 45.19 -117.26 85.12 26.23 84.76 36.01 25.61 -134.55 74.52 -129.59
19.80 75.34 26.89 42.24 -118.35 90.77 23.99 85.78 33.89 64.33 -133.27 70.84 -131.25
19.81 76.01 24.95 39.19 -119.40 90.74 22.79 86.81 31.77 62.81 -129.36 67.95 -131.60
19.83 76.61 23.05 36.21 -120.33 90.66 19.21 87.57 29.52 47.89 -142.14 63.71 -132.77
19.85 77.18 21.06 33.08 -121.23 93.55 16.85 88.34 27.14 46.90 -144.39 59.35 -135.16
19.86 77.70 19.05 29.92 -122.05 90.61 15.63 88.85 25.13 30.60 -121.64 53.96 -133.85
19.88 78.15 17.12 26.90 -122.75 90.59 13.25 89.36 23.11 33.00 -128.27 51.27 -131.53
19.90 78.58 15.01 23.58 -123.43 93.53 9.66 90.18 20.74 47.30 -138.23 49.93 -131.94
19.91 78.93 13.05 20.51 -123.98 90.61 8.49 90.42 18.48 15.54 -142.97 43.56 -133.79
19.93 79.25 10.96 17.21 -124.48 93.55 7.27 90.97 16.34 32.65 -127.13 40.66 -134.20
19.94 79.49 9.00 14.14 -124.87 90.65 4.91 91.53 14.21 35.23 -135.73 41.62 -134.31
19.96 79.70 6.96 10.93 -125.19 90.77 0.13 91.52 11.82 -0.02 -146.13 35.19 -135.60
19.98 79.85 4.92 7.72 -125.43 90.80 -1.07 91.53 9.43 0.41 -146.33 28.95 -137.30
19.99 79.95 2.88 4.52 -125.58 90.84 -2.27 91.55 7.28 1.15 -132.34 24.28 -136.32
20.01 80.00 0.82 1.28 -125.66 88.09 -5.78 91.00 5.02 -33.31 -138.01 16.26 -135.68
20.03 79.99 -1.21 -1.91 -125.65 91.10 -8.30 91.05 2.63 3.05 -148.06 13.50 -138.32
20.04 79.93 -3.26 -5.12 -125.56 91.30 -11.95 91.12 0.11 4.34 -154.89 10.64 -140.98
20.06 79.83 -5.22 -8.21 -125.40 91.23 -10.73 90.89 -1.93 -14.66 -130.04 4.44 -140.16
20.07 79.66 -7.38 -11.59 -125.13 88.61 -15.46 90.69 -4.33 -11.59 -139.07 1.73 -139.77
20.09 79.46 -9.30 -14.61 -124.81 88.87 -19.14 90.23 -6.97 -30.47 -171.76 -4.59 -144.24
20.11 79.19 -11.39 -17.89 -124.38 89.16 -22.85 90.08 -9.74 -8.94 -165.95 -9.00 -147.26
20.12 78.86 -13.46 -21.15 -123.87 89.16 -22.85 89.92 -12.04 -9.62 -137.50 -9.96 -146.39
20.14 78.51 -15.37 -24.14 -123.32 86.47 -25.14 89.48 -14.45 -28.13 -156.09 -12.82 -147.37
20.16 78.09 -17.38 -27.30 -122.66 88.14 -27.75 89.21 -17.00 -16.52 -155.62 -14.58 -149.70
20.17 77.61 -19.41 -30.49 -121.91 87.04 -31.43 89.11 -19.56 -6.32 -154.90 -11.88 -151.39
20.19 77.09 -21.38 -33.58 -121.09 87.17 -32.71 88.71 -22.00 -24.20 -150.34 -14.61 -151.62
20.20 76.52 -23.32 -36.64 -120.20 87.44 -35.28 88.33 -24.33 -23.95 -144.80 -17.44 -150.61
20.22 75.91 -25.24 -39.65 -119.24 81.94 -37.31 87.40 -26.99 -57.87 -165.65 -21.76 -154.17
20.24 75.25 -27.16 -42.66 -118.20 86.56 -40.34 87.20 -29.48 -12.72 -154.40 -21.87 -155.70
20.25 74.54 -29.06 -45.65 -117.08 85.57 -44.15 86.87 -31.98 -20.40 -154.76 -20.87 -154.00
20.27 73.72 -31.07 -48.80 -115.80 85.41 -42.82 86.49 -33.98 -21.72 -115.66 -22.14 -148.97
20.29 72.95 -32.84 -51.59 -114.58 84.61 -48.00 86.04 -36.49 -29.52 -163.21 -24.13 -151.54
20.30 72.08 -34.71 -54.52 -113.22 80.78 -51.55 85.47 -39.13 -34.77 -161.47 -24.80 -152.08
20.32 71.17 -36.54 -57.40 -111.79 80.60 -50.19 84.71 -41.38 -46.16 -137.51 -27.76 -150.27
20.33 70.19 -38.38 -60.29 -110.25 78.26 -53.94 83.84 -43.63 -52.96 -135.76 -32.43 -148.36
20.35 69.21 -40.12 -63.02 -108.72 81.51 -57.09 83.27 -46.07 -35.73 -153.96 -33.58 -148.72
20.37 68.15 -41.90 -65.82 -107.05 81.51 -57.09 82.68 -48.25 -35.88 -132.04 -34.77 -147.44
20.38 67.05 -43.63 -68.54 -105.33 73.32 -58.78 81.81 -50.39 -52.86 -131.58 -34.27 -144.03
20.40 65.87 -45.40 -71.32 -103.46 76.14 -59.14 80.77 -52.27 -61.50 -110.94 -39.15 -139.69
20.42 64.74 -47.00 -73.83 -101.69 77.76 -60.74 79.99 -53.93 -50.19 -106.58 -42.13 -134.87
20.43 63.51 -48.65 -76.41 -99.76 66.77 -60.72 78.13 -55.72 -114.10 -109.61 -51.37 -134.27
20.45 62.24 -50.26 -78.94 -97.77 65.91 -64.79 76.26 -57.40 -114.59 -102.84 -59.87 -128.23
20.46 60.98 -51.78 -81.34 -95.79 63.37 -65.88 74.52 -58.84 -110.65 -91.03 -67.46 -121.18
20.48 59.62 -53.34 -83.79 -93.66 63.54 -67.31 72.81 -60.55 -103.70 -103.98 -73.22 -117.83
20.50 58.21 -54.88 -86.20 -91.43 61.18 -69.87 71.10 -62.14 -102.73 -95.75 -78.19 -113.83
20.51 56.83 -56.31 -88.45 -89.27 61.18 -69.87 69.07 -63.42 -128.66 -80.84 -87.49 -106.52
20.53 55.38 -57.73 -90.68 -87.00 59.84 -69.70 66.90 -64.68 -134.33 -78.16 -97.33 -101.13
20.55 53.86 -59.15 -92.92 -84.60 57.83 -75.26 65.35 -66.33 -93.40 -99.42 -101.39 -97.92
20.56 52.37 -60.48 -95.00 -82.26 56.17 -72.14 63.35 -67.63 -125.44 -81.66 -107.78 -94.99
20.58 50.77 -61.82 -97.11 -79.76 52.53 -74.62 60.83 -69.01 -152.30 -83.79 -117.99 -92.71
20.59 49.20 -63.08 -99.09 -77.28 52.85 -77.61 59.44 -70.70 -86.62 -105.04 -115.24 -92.25
20.61 47.57 -64.32 -101.03 -74.73 47.62 -77.01 57.61 -71.93 -112.63 -75.28 -115.05 -89.49
20.63 46.02 -65.44 -102.79 -72.29 46.76 -81.41 55.95 -73.48 -108.92 -101.88 -114.87 -90.58
20.64 44.33 -66.59 -104.60 -69.64 44.17 -81.13 54.01 -74.86 -119.13 -84.99 -116.42 -88.68
20.66 42.59 -67.72 -106.38 -66.90 41.48 -79.34 52.04 -75.81 -119.10 -57.30 -118.05 -84.84
20.68 40.88 -68.77 -108.02 -64.21 41.61 -80.86 50.09 -76.91 -122.79 -68.97 -117.47 -83.65
20.69 39.09 -69.80 -109.64 -61.40 36.88 -84.99 47.79 -78.44 -139.56 -92.94 -117.99 -85.13
20.71 37.33 -70.76 -111.14 -58.64 36.76 -83.44 45.68 -79.25 -132.31 -51.33 -121.88 -80.32
20.72 35.50 -71.69 -112.61 -55.76 35.61 -84.87 43.63 -80.53 -125.54 -77.77 -121.89 -79.93
20.74 33.59 -72.61 -114.05 -52.76 29.33 -84.36 41.31 -81.50 -137.66 -57.79 -120.43 -77.33
20.76 31.75 -73.43 -115.34 -49.87 29.42 -85.91 38.97 -82.33 -145.96 -51.72 -126.36 -72.00
20.77 29.86 -74.22 -116.58 -46.90 28.17 -85.82 37.02 -83.21 -119.29 -54.04 -127.03 -69.87
20.79 28.00 -74.94 -117.72 -43.98 27.01 -87.29 35.05 -83.80 -124.50 -37.10 -128.59 -63.40
20.80 26.00 -75.66 -118.84 -40.84 20.75 -85.36 32.70 -84.22 -138.69 -25.07 -130.54 -57.40
20.82 24.14 -76.27 -119.81 -37.91 22.05 -86.98 30.76 -84.99 -124.27 -48.84 -131.06 -56.56
20.84 22.19 -76.86 -120.73 -34.86 17.07 -85.19 28.31 -85.42 -151.71 -26.77 -133.95 -52.34
20.85 20.21 -77.40 -121.59 -31.75 15.89 -86.69 26.21 -85.59 -128.58 -10.43 -132.85 -44.09
20.87 18.17 -77.91 -122.38 -28.54 13.44 -86.60 23.87 -85.91 -139.39 -18.93 -133.56 -40.85
20.89 16.23 -78.34 -123.05 -25.49 11.00 -86.53 21.41 -86.07 -155.65 -10.52 -136.57 -34.12
20.90 14.19 -78.73 -123.67 -22.29 8.56 -86.48 19.34 -86.29 -125.65 -12.85 -135.37 -29.63
20.92 12.21 -79.06 -124.19 -19.18 8.58 -88.04 17.25 -86.50 -130.33 -13.33 -133.81 -25.79
20.94 10.17 -79.35 -124.64 -15.98 3.70 -87.98 14.81 -86.72 -149.56 -13.24 -136.83 -21.71
20.95 8.15 -79.58 -125.01 -12.79 2.48 -84.88 12.35 -86.47 -151.07 14.86 -139.49 -16.51
20.97 6.14 -79.76 -125.29 -9.64 -2.37 -84.90 10.04 -86.43 -144.00 2.84 -140.02 -13.72
20.98 4.09 -79.90 -125.50 -6.43 0.05 -86.43 7.84 -86.37 -134.89 3.41 -141.08 -8.50
21.00 2.01 -79.97 -125.62 -3.15 -3.60 -86.46 5.77 -86.50 -124.62 -7.68 -138.37 -6.59
21.02 -0.03 -80.00 -125.66 0.04 -6.04 -86.51 3.58 -86.48 -135.50 1.11 -139.06 -5.43
21.03 -2.07 -79.97 -125.62 3.25 -10.93 -86.65 1.14 -86.49 -149.96 -0.31 -140.12 -3.57
21.05 -4.12 -79.89 -125.50 6.48 -10.93 -86.65 -1.05 -86.50 -133.91 -0.73 -137.95 -2.59
21.06 -6.12 -79.77 -125.30 9.61 -13.33 -85.20 -3.24 -86.37 -137.64 8.05 -139.15 -0.50
21.08 -8.15 -79.58 -125.01 12.81 -14.61 -86.81 -5.56 -86.25 -142.61 7.60 -140.38 1.59
21.10 -10.18 -79.35 -124.64 15.99 -18.24 -85.44 -7.75 -85.99 -135.27 15.68 -138.95 4.48
21.11 -12.22 -79.06 -124.19 19.20 -21.95 -85.66 -10.19 -86.07 -148.58 -4.78 -138.70 2.52
21.13 -14.29 -78.71 -123.64 22.45 -21.95 -85.66 -12.15 -86.15 -117.16 -4.55 -136.01 1.78
21.15 -16.24 -78.33 -123.05 25.51 -24.26 -82.75 -14.58 -85.78 -154.03 23.27 -137.93 3.76
21.16 -18.23 -77.89 -122.36 28.64 -26.66 -81.41 -16.89 -85.28 -142.10 31.14 -139.68 7.65
21.18 -20.22 -77.40 -121.58 31.76 -29.35 -84.67 -19.22 -85.09 -143.16 11.28 -140.44 8.66
21.20 -22.22 -76.85 -120.72 34.90 -29.15 -81.60 -21.04 -84.59 -110.45 30.61 -136.49 11.76
21.21 -24.28 -76.23 -119.73 38.15 -34.07 -80.52 -23.36 -83.97 -134.61 35.68 -136.56 15.40
21.23 -26.09 -75.63 -118.79 40.98 -37.88 -80.89 -25.81 -83.54 -162.19 28.50 -139.02 17.44
21.24 -27.98 -74.95 -117.73 43.95 -37.88 -80.89 -28.14 -82.95 -145.57 37.02 -139.31 20.38
21.26 -29.90 -74.20 -116.55 46.97 -40.45 -81.15 -30.36 -82.52 -135.26 26.10 -139.31 21.43
21.28 -31.83 -73.39 -115.29 50.00 -41.46 -78.26 -32.31 -81.78 -117.19 44.49 -136.17 26.35
21.29 -33.65 -72.58 -114.01 52.85 -44.04 -78.54 -34.52 -81.07 -139.58 45.01 -138.42 31.31
21.31 -35.49 -71.70 -112.63 55.74 -44.04 -78.54 -36.50 -80.65 -121.98 25.98 -135.21 31.58
21.33 -37.43 -70.71 -111.06 58.79 -46.06 -72.88 -38.44 -79.80 -111.84 49.14 -132.18 33.38
21.34 -39.16 -69.76 -109.58 61.51 -50.29 -76.30 -40.53 -78.96 -133.45 53.40 -131.21 37.59
21.36 -40.93 -68.74 -107.97 64.30 -50.13 -74.80 -42.63 -78.28 -128.56 41.67 -133.02 38.70
21.37 -42.63 -67.70 -106.34 66.96 -52.45 -72.17 -44.47 -77.44 -116.27 52.81 -131.19 40.41
21.39 -44.39 -66.55 -104.54 69.73 -52.14 -69.26 -45.89 -76.28 -85.25 69.49 -123.50 44.51
21.41 -46.07 -65.40 -102.73 72.37 -56.12 -69.74 -47.72 -75.16 -112.45 68.74 -120.18 47.68
21.42 -47.71 -64.21 -100.87 74.95 -57.63 -71.37 -49.44 -74.19 -106.64 60.72 -117.32 51.15
21.44 -49.33 -62.98 -98.93 77.48 -56.12 -69.74 -50.90 -73.33 -90.72 52.73 -114.68 51.97
21.46 -50.88 -61.73 -96.97 79.93 -59.65 -65.91 -52.46 -72.07 -98.29 79.51 -110.55 55.42
21.47 -52.48 -60.38 -94.85 82.43 -59.65 -65.91 -54.03 -70.81 -94.03 76.07 -107.75 60.43
21.49 -53.98 -59.05 -92.75 84.79 -63.57 -65.00 -55.78 -70.02 -109.29 49.25 -107.50 60.44
21.50 -55.47 -57.65 -90.56 87.13 -61.87 -61.99 -56.93 -68.59 -71.32 88.11 -101.28 63.91
21.52 -56.96 -56.18 -88.24 89.47 -67.18 -61.27 -58.64 -67.24 -102.13 81.08 -98.64 67.85
21.54 -58.35 -54.73 -85.97 91.65 -67.18 -61.27 -60.11 -66.14 -92.41 68.40 -96.25 69.41
21.55 -59.72 -53.23 -83.61 93.81 -68.22 -58.64 -61.72 -65.08 -99.26 65.56 -97.65 69.02
21.57 -61.10 -51.64 -81.12 95.97 -69.11 -54.67 -63.02 -63.58 -77.75 90.19 -94.18 71.16
21.59 -62.38 -50.08 -78.67 97.99 -70.33 -53.47 -64.29 -61.79 -78.87 111.14 -91.41 76.20
21.60 -63.67 -48.43 -76.08 100.02 -68.64 -50.62 -65.54 -59.87 -75.14 114.78 -89.85 82.41
21.62 -64.85 -46.84 -73.58 101.87 -69.87 -49.43 -66.56 -58.23 -64.86 104.69 -86.51 84.93
21.63 -65.95 -45.28 -71.13 103.59 -69.72 -48.10 -67.57 -56.45 -66.33 117.40 -83.74 89.06
21.65 -67.08 -43.59 -68.48 105.37 -72.34 -47.07 -68.45 -54.65 -54.20 110.73 -78.23 95.21
21.67 -68.23 -41.77 -65.62 107.17 -72.19 -45.75 -69.48 -53.03 -60.29 94.82 -77.12 95.88
21.68 -69.22 -40.11 -63.01 108.73 -74.42 -40.80 -70.20 -50.98 -47.03 132.94 -71.61 101.06
21.70 -70.23 -38.31 -60.17 110.32 -77.39 -42.39 -71.22 -49.09 -61.92 114.52 -68.56 105.68
21.71 -71.17 -36.54 -57.40 111.79 -77.10 -39.78 -72.11 -47.21 -55.98 118.90 -64.24 111.01
21.73 -72.09 -34.69 -54.49 113.23 -76.83 -37.20 -72.88 -45.46 -46.87 106.03 -61.15 112.60
21.75 -72.96 -32.82 -51.55 114.60 -79.28 -33.63 -73.78 -43.48 -54.49 120.85 -58.71 113.57
21.76 -73.77 -30.96 -48.63 115.87 -80.46 -31.21 -74.96 -41.54 -73.27 120.21 -58.52 114.11
21.78 -74.53 -29.08 -45.68 117.07 -81.78 -30.07 -76.15 -39.60 -73.79 119.89 -59.42 115.63
21.80 -75.30 -27.01 -42.43 118.28 -81.66 -28.81 -77.35 -37.67 -68.05 109.89 -59.59 114.88
21.81 -75.93 -25.19 -39.58 119.27 -82.77 -25.16 -78.39 -35.48 -68.16 143.18 -60.98 118.13
21.83 -76.54 -23.26 -36.53 120.24 -84.01 -22.77 -79.57 -33.18 -73.04 142.01 -62.26 122.84
21.84 -77.10 -21.34 -33.52 121.11 -83.91 -21.53 -80.52 -31.26 -59.72 121.23 -63.53 121.67
21.86 -77.62 -19.36 -30.41 121.93 -83.55 -16.62 -81.14 -28.68 -37.83 158.10 -61.12 126.03
21.88 -78.09 -17.38 -27.29 122.66 -83.40 -14.18 -81.77 -26.12 -38.87 158.03 -59.41 129.94
21.89 -78.52 -15.34 -24.09 123.33 -86.22 -13.11 -82.71 -23.71 -56.67 145.41 -60.39 133.88
21.91 -78.88 -13.32 -20.92 123.91 -85.89 -7.05 -83.37 -21.05 -40.51 162.85 -58.99 138.08
21.93 -79.19 -11.35 -17.83 124.39 -88.77 -5.95 -84.20 -18.52 -52.41 159.44 -56.91 142.00
21.94 -79.46 -9.29 -14.59 124.81 -85.79 -4.64 -84.60 -15.98 -24.20 153.56 -51.95 145.37
21.96 -79.67 -7.26 -11.41 125.14 -88.62 -2.32 -85.29 -13.33 -42.95 163.49 -49.44 150.73
21.97 -79.84 -5.13 -8.06 125.40 -85.59 1.35 -85.58 -10.68 -16.57 155.85 -44.28 152.00
21.99 -79.94 -3.20 -5.03 125.56 -85.56 2.54 -85.73 -8.15 -10.06 164.43 -37.98 154.24
22.01 -79.99 -1.17 -1.83 125.65 -88.43 4.88 -86.18 -5.51 -27.84 162.97 -34.79 158.41
22.02 -79.99 0.92 1.44 125.66 -88.38 8.47 -86.66 -3.00 -29.11 151.45 -33.92 157.75
22.04 -79.95 2.92 4.59 125.58 -85.46 9.68 -86.87 -0.61 -12.92 149.63 -31.33 156.91
22.06 -79.84 4.99 7.83 125.42 -88.36 12.06 -87.08 1.90 -13.01 152.94 -26.96 157.66
22.07 -79.69 6.98 10.97 125.18 -88.37 14.45 -87.33 4.05 -15.52 134.79 -24.46 154.85
22.09 -79.49 9.02 14.17 124.86 -88.38 15.65 -87.29 6.21 2.40 132.65 -18.98 152.18
22.10 -79.23 11.06 17.37 124.46 -88.45 20.43 -87.56 8.72 -16.27 153.24 -18.19 152.14
22.12 -78.92 13.12 20.61 123.96 -85.56 21.58 -87.25 11.11 18.39 143.80 -12.05 150.18
22.14 -78.57 15.04 23.63 123.42 -88.54 24.04 -87.55 13.38 -19.06 146.34 -12.30 149.22
22.15 -78.14 17.13 26.91 122.75 -88.63 26.44 -87.86 15.77 -18.02 140.59 -13.10 146.84
22.17 -77.67 19.15 30.08 122.01 -88.72 28.86 -87.89 18.17 -1.79 145.38 -10.49 145.08
22.19 -77.18 21.06 33.08 121.23 -88.77 30.07 -87.92 20.33 -2.53 137.58 -7.83 143.69
22.20 -76.61 23.05 36.20 120.34 -85.90 31.17 -87.97 22.47 -2.68 130.75 -6.81 141.81
22.22 -76.00 24.98 39.24 119.38 -86.08 34.80 -87.74 24.75 14.11 140.92 -4.10 140.60
22.23 -75.35 26.89 42.23 118.35 -86.15 36.01 -87.52 26.90 13.81 134.45 -1.16 140.57
22.25 -74.63 28.81 45.26 117.23 -83.33 37.09 -87.02 29.05 30.87 131.19 1.68 140.42
22.27 -73.85 30.75 48.31 116.01 -83.41 38.30 -86.51 30.83 30.31 107.30 6.34 135.83
22.28 -73.04 32.63 51.25 114.74 -83.56 40.74 -86.31 32.75 12.30 117.80 5.73 133.23
22.30 -72.18 34.49 54.18 113.38 -85.19 43.28 -85.97 34.68 20.57 117.83 9.69 130.38
22.32 -71.30 36.28 57.00 111.99 -80.96 44.24 -85.21 36.45 48.21 111.91 16.32 127.51
22.33 -70.31 38.17 59.95 110.44 -78.32 46.51 -84.17 38.22 61.51 104.38 22.65 123.41
22.35 -69.34 39.91 62.68 108.91 -79.92 49.08 -83.28 40.12 55.81 119.82 28.48 121.63
22.36 -68.32 41.62 65.38 107.32 -78.71 51.46 -82.56 42.15 45.25 127.79 33.27 121.34
22.38 -67.25 43.33 68.07 105.63 -76.12 53.74 -81.57 44.04 61.96 117.82 38.06 119.03
22.40 -66.09 45.08 70.81 103.81 -76.12 53.74 -80.56 45.82 60.18 106.34 42.70 116.22
22.41 -64.89 46.79 73.49 101.93 -76.35 56.25 -79.87 47.73 42.08 115.44 43.82 114.64
22.43 -63.73 48.36 75.97 100.10 -76.71 60.05 -79.20 49.91 42.95 139.58 45.08 117.87
22.45 -62.47 49.97 78.49 98.13 -74.04 61.08 -78.25 51.94 58.67 125.32 49.72 118.62
22.46 -61.18 51.55 80.97 96.10 -70.04 61.98 -76.73 53.81 93.38 115.31 57.00 118.37
22.48 -59.81 53.13 83.46 93.94 -68.92 64.41 -75.53 55.83 72.07 120.81 59.39 119.26
22.50 -58.44 54.63 85.82 91.79 -69.18 66.99 -74.61 57.88 56.53 126.65 58.89 121.49
22.51 -57.00 56.13 88.17 89.54 -65.13 66.61 -73.13 59.63 89.63 106.28 62.27 120.13
22.53 -55.57 57.55 90.39 87.30 -64.04 69.07 -71.67 61.39 91.66 110.04 66.91 118.36
22.54 -54.09 58.94 92.59 84.96 -64.17 70.37 -70.47 63.05 73.64 102.45 68.08 116.82
22.56 -52.61 60.27 94.67 82.64 -61.52 70.12 -69.01 64.69 92.37 103.60 71.30 116.55
22.58 -51.04 61.60 96.77 80.17 -59.26 73.79 -67.30 66.45 104.34 107.09 77.52 115.71
22.59 -49.35 62.96 98.90 77.52 -55.36 73.43 -65.17 67.78 123.75 77.52 85.60 109.51
22.61 -47.84 64.12 100.71 75.15 -55.48 74.73 -63.31 69.15 122.91 90.43 92.03 106.02
22.62 -46.26 65.27 102.52 72.67 -54.31 75.93 -61.74 70.54 100.98 89.52 92.79 103.44
22.64 -44.58 66.43 104.35 70.02 -51.98 78.34 -60.04 71.94 104.16 85.58 96.00 99.92
22.66 -42.85 67.56 106.12 67.30 -48.17 78.00 -57.94 73.04 127.76 66.96 103.12 93.95
22.67 -41.14 68.61 107.77 64.62 -45.87 80.44 -56.02 74.42 120.68 86.62 106.22 91.98
22.69 -39.39 69.63 109.38 61.87 -45.77 79.11 -54.19 75.42 113.20 62.18 108.38 87.20
22.70 -37.59 70.62 110.93 59.04 -39.77 81.27 -51.75 76.51 149.40 66.71 115.95 83.62
22.72 -35.76 71.56 112.41 56.18 -39.96 83.94 -49.59 77.90 131.98 84.61 119.92 81.72
22.74 -33.90 72.46 113.82 53.26 -37.50 83.75 -47.42 78.89 132.32 60.59 122.71 77.07
22.75 -32.04 73.30 115.15 50.33 -32.71 84.75 -45.15 80.03 139.19 69.56 124.26 76.28
22.77 -30.15 74.10 116.40 47.36 -32.40 79.45 -42.84 80.50 141.30 28.88 126.10 70.12
22.79 -28.27 74.84 117.55 44.41 -28.11 88.50 -40.22 81.75 163.34 78.36 132.33 69.01
22.80 -26.37 75.53 118.64 41.42 -25.78 89.72 -37.60 82.89 162.39 70.55 138.16 67.50
22.82 -24.43 76.18 119.66 38.38 -23.08 82.87 -35.09 83.38 154.43 29.96 140.82 63.80
22.83 -22.44 76.79 120.62 35.25 -20.94 88.10 -32.60 84.15 150.27 46.21 143.78 59.76
22.85 -20.53 77.32 121.46 32.24 -18.67 90.73 -29.89 85.31 171.47 73.52 149.61 60.90
22.87 -18.52 77.83 122.25 29.09 -16.30 90.63 -27.54 86.24 142.73 56.94 148.94 59.92
22.88 -16.50 78.28 122.96 25.91 -13.90 89.18 -24.94 86.77 157.76 31.69 151.52 54.63
22.90 -14.51 78.67 123.58 22.80 -13.98 91.92 -22.59 87.58 146.27 50.79 152.92 53.65
22.92 -12.49 79.02 124.12 19.62 -9.23 90.40 -20.24 88.15 143.67 34.62 153.36 50.15
22.93 -10.45 79.31 124.59 16.42 -9.18 87.69 -17.92 88.97 141.57 50.24 153.39 52.29
22.95 -8.47 79.55 124.96 13.31 -4.58 93.06 -15.56 89.43 148.27 28.79 151.88 47.33
22.96 -6.43 79.74 125.26 10.09 -3.41 93.05 -13.33 89.76 136.87 20.36 149.33 42.31
22.98 -4.43 79.88 125.47 6.95 0.13 88.91 -11.01 90.37 145.56 37.92 148.44 43.11
23.00 -2.30 79.97 125.61 3.62 0.12 91.64 -8.90 90.72 124.48 20.90 145.87 40.58
23.01 -0.32 80.00 125.66 0.50 4.81 93.03 -6.55 90.95 148.78 14.57 143.60 34.68
23.03 1.73 79.98 125.63 -2.72 4.80 91.65 -4.44 91.05 129.25 6.24 142.25 29.61
23.05 3.83 79.91 125.52 -6.02 9.49 91.70 -2.10 91.30 139.71 15.07 140.44 27.95
23.06 5.81 79.79 125.33 -9.12 9.49 91.70 0.24 91.28 149.25 -1.38 140.74 22.73
23.08 7.86 79.61 125.06 -12.35 11.84 91.74 2.35 91.42 128.20 8.15 139.19 20.08
23.09 9.87 79.39 124.70 -15.51 16.51 90.49 4.92 91.70 159.64 17.41 141.00 16.80
23.11 11.87 79.11 124.27 -18.65 16.47 89.13 7.02 91.30 130.99 -24.47 139.27 11.48
23.13 13.92 78.78 123.75 -21.87 18.78 87.85 9.24 90.78 134.51 -31.49 139.04 6.29
23.14 15.96 78.39 123.14 -25.07 18.83 89.21 11.11 90.81 113.11 1.78 135.79 2.68
23.16 17.90 77.97 122.48 -28.11 23.40 85.35 13.44 90.18 147.61 -39.88 138.10 -3.40
23.18 19.88 77.49 121.72 -31.23 25.82 86.80 15.54 89.56 129.22 -38.30 136.15 -8.69
23.19 21.93 76.93 120.85 -34.45 28.13 85.57 17.88 88.95 137.95 -35.90 137.02 -12.90
23.21 23.85 76.36 119.95 -37.47 30.45 84.36 19.97 88.22 131.48 -46.01 136.19 -19.01
23.23 25.77 75.74 118.96 -40.48 32.57 79.23 22.28 86.97 143.82 -77.70 135.65 -26.64
23.24 27.80 75.01 117.83 -43.67 35.24 84.65 24.62 86.27 136.37 -41.32 136.47 -31.59
23.26 29.65 74.30 116.72 -46.57 37.42 80.82 26.71 85.30 132.96 -61.49 133.80 -39.48
23.27 31.55 73.51 115.48 -49.56 39.76 79.67 29.04 84.35 141.98 -57.70 134.90 -42.80
23.29 33.38 72.70 114.20 -52.44 39.68 78.36 31.13 83.40 131.05 -59.55 134.55 -45.61
23.31 35.24 71.82 112.81 -55.36 42.11 78.52 33.46 82.33 142.20 -65.27 137.46 -52.31
23.32 37.04 70.91 111.38 -58.19 44.37 76.09 35.55 81.41 130.59 -57.65 135.76 -54.09
23.34 38.83 69.95 109.87 -60.99 46.73 74.98 37.65 80.23 129.74 -73.32 135.81 -57.59
23.36 40.63 68.92 108.25 -63.82 49.02 72.58 39.74 78.93 126.45 -78.64 134.66 -61.86
23.37 42.35 67.87 106.61 -66.52 53.80 70.40 42.07 77.53 145.70 -87.10 136.09 -65.97
23.39 44.06 66.77 104.89 -69.21 53.61 67.87 44.18 76.39 130.13 -70.26 134.72 -65.23
23.40 45.78 65.61 103.06 -71.91 56.03 66.79 46.25 74.61 125.93 -108.22 133.67 -71.92
23.42 47.41 64.44 101.22 -74.48 55.93 65.53 48.10 73.08 115.54 -95.42 131.93 -75.31
23.44 49.05 63.20 99.27 -77.05 58.27 63.22 49.96 71.43 113.19 -100.60 129.05 -79.60
23.45 50.66 61.92 97.26 -79.58 60.62 60.91 52.05 69.69 128.08 -106.69 128.75 -84.32
23.47 52.21 60.61 95.21 -82.02 65.57 58.81 54.40 67.72 145.27 -122.02 129.06 -89.99
23.49 53.77 59.23 93.04 -84.47 65.57 58.81 56.52 65.99 128.03 -104.37 128.81 -94.67
23.50 55.26 57.85 90.87 -86.80 67.81 54.07 58.62 63.90 130.34 -129.29 128.86 -100.26
23.52 56.81 56.33 88.48 -89.24 70.53 55.48 60.78 62.19 124.48 -98.94 128.67 -102.29
23.53 58.12 54.97 86.35 -91.30 70.35 53.02 62.43 60.45 110.37 -115.94 125.13 -105.18
23.55 59.58 53.39 83.87 -93.58 72.82 50.76 64.35 58.74 112.21 -99.94 123.34 -108.14
23.57 60.87 51.91 81.54 -95.62 72.65 48.32 66.01 56.89 106.10 -117.85 121.36 -109.11
23.58 62.19 50.33 79.06 -97.68 75.25 47.28 67.94 55.07 118.22 -111.76 121.63 -110.74
23.60 63.43 48.75 76.57 -99.64 75.09 44.86 69.63 53.23 104.98 -114.62 120.81 -112.14
23.61 64.68 47.09 73.96 -101.59 80.38 42.75 71.60 51.42 119.55 -109.92 119.95 -112.47
23.63 65.77 45.55 71.54 -103.31 80.15 39.13 73.06 49.45 96.96 -130.85 115.12 -113.35
23.65 66.91 43.85 68.87 -105.11 80.23 40.34 74.52 47.60 89.84 -113.28 111.30 -114.24
23.66 68.00 42.15 66.21 -106.81 82.86 38.07 76.03 46.00 93.94 -99.89 107.66 -111.30
23.68 69.06 40.39 63.44 -108.48 82.67 34.47 77.24 43.90 74.15 -128.44 102.63 -114.25
23.70 70.08 38.58 60.60 -110.09 85.47 34.59 78.76 42.06 91.47 -111.47 100.74 -113.80
23.71 71.02 36.82 57.83 -111.57 82.61 33.27 79.73 40.31 61.55 -109.97 95.68 -114.80
23.73 71.95 34.97 54.93 -113.02 85.30 30.99 81.00 38.57 76.91 -105.37 92.76 -113.56
23.74 72.83 33.10 52.00 -114.40 85.20 28.61 81.99 36.71 60.69 -113.79 87.00 -113.76
23.76 73.63 31.29 49.16 -115.65 85.05 23.86 82.99 34.61 63.30 -133.40 82.84 -115.64
23.78 74.41 29.39 46.16 -116.88 87.92 25.11 83.75 32.84 46.00 -107.56 75.48 -115.40
23.79 75.14 27.45 43.12 -118.03 87.85 22.73 84.52 31.20 46.75 -99.61 70.46 -112.28
23.81 75.82 25.53 40.10 -119.09 87.85 22.73 85.28 29.44 47.06 -108.62 66.18 -111.81
23.83 76.44 23.61 37.09 -120.07 90.68 20.40 86.06 27.68 48.74 -110.08 61.66 -112.83
23.84 77.03 21.60 33.93 -121.00 90.66 19.21 86.86 26.15 47.81 -91.29 59.03 -109.12
23.86 77.55 19.66 30.88 -121.81 90.62 16.82 87.37 24.37 32.19 -111.10 53.10 -109.08
23.87 78.03 17.63 27.70 -122.57 90.61 15.63 88.17 22.61 48.37 -106.66 51.78 -108.75
23.89 78.45 15.67 24.62 -123.23 90.59 12.06 88.70 20.72 33.16 -118.69 47.41 -110.08
23.91 78.83 13.63 21.41 -123.83 90.59 12.06 89.24 19.06 32.58 -100.08 44.60 -108.71
23.92 79.16 11.58 18.19 -124.34 90.61 8.49 89.80 17.53 33.59 -92.91 41.62 -104.66
23.94 79.42 9.63 15.12 -124.75 90.62 7.29 90.07 15.74 17.21 -113.62 38.75 -105.27
23.96 79.64 7.54 11.85 -125.10 87.80 3.76 90.06 13.85 -0.34 -113.78 34.04 -106.68
23.97 79.81 5.52 8.67 -125.36 90.77 0.13 90.35 11.59 18.07 -140.14 31.14 -109.83
23.99 79.92 3.53 5.55 -125.54 90.77 0.13 90.36 9.56 0.55 -127.72 26.32 -111.60
24.00 79.99 1.45 2.28 -125.64 90.99 -5.88 90.39 7.05 2.00 -151.58 21.74 -117.63
24.02 80.00 -0.54 -0.85 -125.66 88.20 -8.18 90.15 4.55 -15.28 -157.85 16.99 -122.30
24.04 79.96 -2.62 -4.11 -125.60 88.14 -6.98 89.91 2.29 -14.92 -136.84 10.66 -125.32
24.05 79.86 -4.71 -7.40 -125.45 88.32 -10.60 89.68 0.02 -13.61 -135.85 5.99 -127.04
24.07 79.72 -6.69 -10.52 -125.22 91.30 -11.95 89.75 -2.38 4.47 -151.56 3.17 -132.18
24.09 79.52 -8.73 -13.71 -124.91 85.82 -16.52 89.27 -4.88 -29.42 -153.66 -3.13 -138.26
24.10 79.27 -10.81 -16.98 -124.51 85.98 -18.96 88.81 -7.50 -27.82 -157.63 -7.63 -142.66
24.12 78.98 -12.75 -20.03 -124.06 85.98 -18.96 88.63 -9.78 -11.59 -145.46 -8.76 -145.83
24.13 78.62 -14.79 -23.24 -123.50 83.24 -20.01 87.87 -11.79 -45.54 -121.81 -15.12 -144.00
24.15 78.22 -16.80 -26.39 -122.86 83.61 -24.93 87.16 -14.30 -43.95 -153.92 -19.57 -146.62
24.17 77.76 -18.79 -29.51 -122.15 84.16 -31.19 86.48 -16.83 -42.10 -156.05 -23.98 -147.06
24.18 77.25 -20.79 -32.66 -121.34 81.11 -28.45 85.77 -18.85 -43.02 -122.92 -26.75 -143.57
24.20 76.71 -22.72 -35.68 -120.49 84.28 -32.45 85.38 -21.40 -24.29 -160.28 -27.69 -145.91
24.22 76.11 -24.65 -38.73 -119.55 81.56 -33.48 84.70 -23.69 -41.86 -141.69 -30.51 -146.50
24.23 75.40 -26.73 -41.99 -118.44 78.76 -33.24 83.45 -25.82 -71.77 -121.89 -38.14 -143.53
24.25 74.71 -28.62 -44.96 -117.35 76.48 -38.07 82.52 -27.97 -58.37 -134.67 -41.03 -141.63
24.26 73.99 -30.43 -47.80 -116.22 79.67 -42.22 81.88 -30.30 -40.79 -150.13 -42.33 -140.88
24.28 73.20 -32.27 -50.70 -114.98 79.96 -44.84 81.28 -32.89 -37.76 -162.28 -44.95 -142.56
24.30 72.34 -34.16 -53.65 -113.63 77.29 -45.86 80.69 -35.47 -36.10 -157.00 -44.00 -146.08
24.31 71.42 -36.05 -56.62 -112.19 74.96 -49.55 79.82 -37.94 -51.72 -147.15 -44.78 -145.41
24.33 70.50 -37.81 -59.39 -110.74 82.22 -51.73 79.63 -39.99 -12.25 -129.85 -41.79 -142.79
24.35 69.52 -39.59 -62.18 -109.20 72.81 -54.64 78.80 -42.61 -51.29 -161.96 -42.62 -146.69
24.36 68.45 -41.41 -65.04 -107.52 77.19 -56.53 78.09 -45.02 -42.18 -143.25 -44.41 -144.99
24.38 67.41 -43.08 -67.68 -105.88 69.01 -56.89 76.84 -47.36 -79.92 -149.12 -48.21 -145.73
24.39 66.25 -44.84 -70.44 -104.07 66.46 -57.96 75.61 -49.83 -73.54 -147.69 -48.39 -148.31
24.41 65.11 -46.48 -73.01 -102.28 66.46 -57.96 74.60 -51.82 -63.06 -125.11 -48.86 -147.35
24.43 63.87 -48.17 -75.66 -100.33 64.39 -63.20 73.08 -53.92 -91.80 -126.12 -53.96 -144.95
24.44 62.61 -49.80 -78.22 -98.35 63.20 -64.45 71.40 -55.88 -102.23 -119.64 -60.41 -140.69
24.46 61.34 -51.36 -80.67 -96.35 63.37 -65.88 70.01 -57.88 -86.82 -124.78 -65.48 -137.47
24.48 59.99 -52.92 -83.13 -94.24 59.52 -66.82 68.46 -59.61 -93.98 -105.14 -69.71 -133.26
24.49 58.64 -54.42 -85.49 -92.10 63.37 -65.88 66.58 -61.02 -117.05 -87.82 -80.19 -129.06
24.51 57.17 -55.96 -87.91 -89.80 55.71 -67.80 64.87 -62.34 -100.91 -77.65 -85.15 -120.63
24.52 55.81 -57.32 -90.03 -87.67 54.55 -69.08 62.60 -63.59 -148.64 -82.42 -95.80 -114.55
24.54 54.31 -58.74 -92.27 -85.31 53.69 -73.29 61.07 -65.23 -93.11 -99.68 -97.12 -109.60
24.56 52.78 -60.12 -94.43 -82.91 53.85 -74.77 59.81 -66.91 -76.97 -102.66 -97.46 -105.10
24.57 51.24 -61.44 -96.50 -80.49 50.37 -78.81 58.20 -69.00 -99.61 -129.17 -101.11 -105.51
24.59 49.65 -62.73 -98.54 -77.98 48.92 -77.15 56.66 -70.39 -94.66 -85.34 -101.40 -101.43
24.61 48.01 -63.99 -100.51 -75.42 46.34 -76.87 54.97 -71.63 -102.88 -75.70 -101.46 -97.03
24.62 46.50 -65.10 -102.25 -73.04 44.04 -79.60 53.04 -73.01 -129.55 -91.99 -105.74 -93.76
24.64 44.81 -66.27 -104.10 -70.39 46.47 -78.37 51.73 -74.16 -79.58 -70.45 -104.29 -90.29
24.65 43.12 -67.39 -105.85 -67.73 40.33 -80.73 49.43 -75.65 -142.86 -92.14 -106.88 -90.72
24.67 41.35 -68.48 -107.57 -64.96 40.46 -82.26 47.90 -77.09 -92.23 -87.45 -106.01 -91.70
24.69 39.63 -69.50 -109.16 -62.25 39.43 -85.23 46.39 -78.71 -95.03 -101.53 -100.65 -93.61
24.70 37.85 -70.48 -110.71 -59.46 38.03 -83.55 44.82 -79.74 -96.91 -63.51 -101.03 -89.99
24.72 36.01 -71.44 -112.21 -56.57 34.46 -86.32 42.88 -80.89 -117.46 -69.96 -105.08 -86.72
24.74 34.16 -72.34 -113.63 -53.66 34.24 -83.21 41.27 -81.33 -98.65 -26.94 -104.98 -76.50
24.75 32.35 -73.17 -114.93 -50.81 28.17 -85.82 39.20 -82.20 -130.42 -54.49 -108.56 -73.41
24.77 30.43 -73.99 -116.22 -47.80 30.68 -86.00 37.63 -83.11 -94.60 -55.20 -107.73 -71.36
24.78 28.55 -74.73 -117.39 -44.84 25.69 -85.65 35.80 -83.72 -113.65 -37.43 -106.14 -65.91
24.80 26.64 -75.43 -118.49 -41.84 25.69 -85.65 33.72 -84.44 -128.47 -44.99 -111.03 -63.36
24.82 24.72 -76.08 -119.51 -38.84 21.98 -85.43 31.88 -84.91 -114.04 -29.15 -108.15 -57.07
24.83 22.66 -76.72 -120.52 -35.59 22.05 -86.98 30.04 -85.38 -106.97 -27.42 -109.62 -51.06
24.85 20.71 -77.27 -121.38 -32.54 22.05 -86.98 28.30 -85.56 -108.20 -10.87 -110.94 -42.00
24.87 18.78 -77.76 -122.15 -29.50 15.94 -88.26 26.09 -86.03 -139.20 -29.61 -115.17 -38.61
24.88 16.80 -78.22 -122.86 -26.39 17.28 -91.49 24.37 -86.55 -106.38 -32.02 -114.06 -34.81
24.90 14.76 -78.63 -123.51 -23.18 11.00 -86.53 22.05 -86.88 -140.12 -20.01 -118.21 -34.12
24.91 12.80 -78.97 -124.05 -20.10 11.03 -88.10 20.34 -87.11 -108.10 -14.36 -115.97 -30.11
24.93 10.77 -79.27 -124.52 -16.92 8.56 -86.48 18.13 -87.15 -135.67 -2.92 -120.08 -24.88
24.95 8.78 -79.52 -124.91 -13.78 9.81 -88.07 16.54 -87.40 -99.28 -15.12 -118.64 -22.65
24.96 6.73 -79.72 -125.22 -10.57 3.71 -89.56 14.34 -87.79 -134.48 -23.93 -119.25 -20.54
24.98 4.63 -79.87 -125.45 -7.28 1.26 -89.56 12.27 -88.20 -123.85 -24.69 -120.23 -20.10
25.00 2.65 -79.96 -125.59 -4.16 0.03 -89.56 10.07 -88.46 -139.31 -16.32 -123.46 -18.99
25.01 0.62 -80.00 -125.66 -0.97 -4.84 -88.05 7.38 -88.56 -166.25 -6.58 -129.27 -18.56
25.03 -1.50 -79.99 -125.64 2.36 -4.84 -88.05 5.30 -88.54 -123.06 1.24 -127.65 -15.47
25.04 -3.56 -79.92 -125.54 5.59 -7.26 -86.54 2.84 -88.05 -149.78 30.22 -131.99 -9.25
25.06 -5.51 -79.81 -125.37 8.66 -12.20 -88.27 0.52 -88.22 -149.19 -11.14 -132.90 -8.36
25.08 -7.55 -79.64 -125.10 11.86 -12.25 -89.85 -1.80 -88.40 -143.05 -10.77 -136.39 -8.00
25.09 -9.61 -79.42 -124.75 15.10 -13.33 -85.20 -3.99 -88.27 -132.44 7.74 -136.07 -6.93
25.11 -11.68 -79.14 -124.32 18.34 -15.72 -83.78 -6.54 -87.84 -154.15 25.91 -141.56 -2.83
25.13 -13.67 -78.82 -123.82 21.47 -22.12 -88.81 -9.13 -87.76 -160.77 4.69 -144.18 0.03
25.14 -15.67 -78.45 -123.23 24.62 -21.79 -82.59 -11.43 -87.07 -142.10 42.94 -146.01 6.79
25.16 -17.63 -78.03 -122.58 27.69 -24.26 -82.75 -13.86 -86.39 -153.01 42.87 -147.38 12.71
25.17 -19.63 -77.55 -121.82 30.84 -28.00 -83.03 -16.18 -85.89 -141.15 30.57 -144.87 16.43
25.19 -21.67 -77.01 -120.97 34.04 -29.15 -81.60 -18.61 -85.24 -144.83 38.38 -147.05 20.14
25.21 -23.58 -76.45 -120.08 37.04 -31.77 -83.35 -21.06 -84.92 -154.40 20.12 -147.51 19.13
25.22 -25.53 -75.82 -119.09 40.10 -35.21 -79.13 -23.36 -84.01 -141.14 56.04 -146.70 25.85
25.24 -27.47 -75.14 -118.03 43.14 -35.33 -80.64 -25.67 -83.09 -141.48 56.46 -146.55 32.57
25.26 -29.34 -74.42 -116.90 46.09 -37.63 -77.87 -28.10 -82.35 -151.86 45.81 -148.49 36.38
25.27 -31.29 -73.63 -115.65 49.15 -41.60 -79.77 -30.69 -81.95 -154.79 23.96 -148.55 36.18
25.29 -33.09 -72.84 -114.41 51.98 -43.76 -75.55 -32.85 -80.63 -138.26 84.69 -146.30 44.18
25.30 -34.98 -71.95 -113.01 54.95 -47.81 -77.48 -35.45 -80.12 -156.28 30.67 -147.72 42.96
25.32 -36.83 -71.02 -111.56 57.85 -47.51 -74.50 -37.78 -79.29 -141.46 50.24 -146.56 43.70
25.34 -38.56 -70.09 -110.10 60.58 -50.29 -76.30 -40.00 -78.62 -142.35 43.00 -146.68 44.94
25.35 -40.42 -69.04 -108.44 63.50 -53.78 -72.33 -42.47 -77.69 -144.69 54.48 -146.67 46.55
25.37 -42.10 -68.03 -106.86 66.13 -53.62 -70.87 -44.65 -76.44 -140.40 80.19 -145.27 52.56
25.39 -43.85 -66.91 -105.10 68.89 -56.46 -72.67 -46.78 -75.80 -128.26 39.00 -143.98 50.85
25.40 -45.52 -65.79 -103.34 71.50 -57.13 -67.01 -48.96 -74.43 -136.49 85.30 -143.48 53.73
25.42 -47.25 -64.56 -101.41 74.22 -59.82 -67.35 -51.18 -73.38 -131.41 62.30 -141.44 55.38
25.43 -48.86 -63.35 -99.51 76.74 -61.18 -67.52 -53.14 -72.16 -122.40 76.55 -138.20 60.64
25.45 -50.48 -62.06 -97.49 79.29 -60.52 -61.83 -54.81 -70.79 -101.77 83.29 -134.55 60.50
25.47 -52.07 -60.74 -95.41 81.79 -63.39 -63.57 -56.37 -69.39 -94.60 84.45 -128.38 65.88
25.48 -53.56 -59.42 -93.34 84.13 -63.06 -60.76 -57.92 -68.02 -98.27 86.81 -124.06 69.54
25.50 -55.09 -58.01 -91.12 86.53 -67.18 -61.27 -59.61 -66.52 -101.97 90.72 -120.03 74.31
25.52 -56.50 -56.63 -88.96 88.76 -69.62 -58.81 -61.20 -65.17 -100.83 86.06 -115.64 77.47
25.53 -57.94 -55.16 -86.65 91.01 -69.11 -54.67 -62.75 -63.55 -94.68 98.98 -111.07 79.35
25.55 -59.30 -53.70 -84.35 93.15 -70.84 -57.60 -64.19 -62.04 -90.57 94.89 -107.30 84.94
25.56 -60.70 -52.11 -81.86 95.35 -71.90 -55.01 -65.66 -60.84 -87.59 71.20 -102.41 83.53
25.58 -61.99 -50.57 -79.44 97.37 -72.97 -52.44 -66.98 -59.35 -82.45 93.46 -97.51 86.64
25.60 -63.25 -48.99 -76.95 99.35 -74.39 -52.61 -68.30 -57.86 -82.06 92.63 -93.48 88.25
25.61 -64.49 -47.35 -74.37 101.29 -75.65 -51.42 -69.81 -56.82 -92.32 63.55 -92.54 86.28
25.63 -65.63 -45.74 -71.85 103.10 -74.06 -49.90 -70.88 -55.45 -67.93 87.11 -89.87 86.54
25.64 -66.78 -44.05 -69.19 104.90 -73.44 -44.58 -71.92 -53.83 -63.85 99.50 -86.43 87.81
25.66 -67.85 -42.39 -66.59 106.57 -80.75 -46.69 -73.27 -52.37 -86.49 92.90 -84.88 88.03
25.68 -68.93 -40.60 -63.78 108.27 -78.97 -43.86 -74.21 -50.88 -56.24 89.89 -80.42 88.41
25.69 -69.92 -38.88 -61.07 109.83 -76.96 -38.49 -74.99 -49.26 -49.57 102.11 -75.91 88.72
25.71 -70.91 -37.03 -58.17 111.39 -77.10 -39.78 -75.62 -47.48 -37.48 106.73 -70.60 89.91
25.73 -71.83 -35.22 -55.32 112.83 -76.83 -37.20 -76.11 -45.70 -30.53 110.33 -64.89 93.82
25.74 -72.70 -33.39 -52.45 114.20 -79.28 -33.63 -76.74 -43.82 -39.07 116.54 -60.55 96.13
25.76 -73.54 -31.50 -49.47 115.51 -82.03 -32.61 -77.51 -41.82 -46.38 121.48 -56.99 99.01
25.78 -74.32 -29.61 -46.50 116.74 -81.78 -30.07 -78.12 -39.68 -37.67 131.12 -51.52 105.77
25.79 -75.06 -27.68 -43.48 117.90 -83.11 -28.92 -79.03 -37.58 -55.17 127.85 -50.24 109.85
25.81 -75.74 -25.75 -40.44 118.98 -81.34 -25.05 -79.81 -35.63 -48.36 119.65 -48.70 111.86
25.82 -76.36 -23.86 -37.47 119.95 -78.22 -21.16 -79.56 -33.08 15.99 161.25 -38.45 118.70
25.84 -76.96 -21.84 -34.31 120.89 -82.38 -20.21 -79.90 -30.71 -20.37 141.47 -34.86 123.85
25.86 -77.47 -19.95 -31.33 121.70 -82.12 -16.53 -80.42 -28.52 -32.99 140.41 -33.20 127.68
25.87 -77.96 -17.95 -28.20 122.46 -83.40 -14.18 -81.05 -25.96 -38.58 156.83 -33.31 132.69
25.89 -78.40 -15.94 -25.04 123.14 -83.26 -11.75 -81.69 -23.41 -39.28 155.53 -34.19 137.21
25.90 -78.78 -13.94 -21.90 123.74 -83.19 -10.55 -82.08 -21.10 -24.15 142.57 -32.70 139.82
25.92 -79.10 -11.95 -18.78 124.25 -83.07 -8.14 -82.19 -18.66 -6.49 152.41 -28.71 142.91
25.94 -79.38 -9.92 -15.57 124.69 -83.02 -6.94 -82.31 -16.34 -7.54 141.26 -25.69 143.92
25.95 -79.61 -7.91 -12.42 125.05 -84.30 -3.39 -82.43 -13.79 -7.42 158.85 -20.92 147.02
25.97 -79.78 -5.87 -9.23 125.32 -85.62 0.16 -82.86 -11.27 -26.38 155.07 -18.72 150.56
25.99 -79.91 -3.78 -5.93 125.52 -82.70 2.60 -83.31 -8.89 -26.83 142.28 -23.00 148.67
26.00 -79.98 -1.72 -2.71 125.63 -85.49 6.12 -83.62 -6.26 -19.06 160.96 -22.87 150.62
26.02 -80.00 0.30 0.48 125.66 -82.62 7.33 -83.67 -3.87 -3.10 147.84 -19.88 151.36
26.04 -79.96 2.48 3.89 125.60 -85.47 8.49 -83.87 -1.61 -11.96 131.11 -17.22 148.79
26.05 -79.88 4.44 6.98 125.47 -82.60 10.88 -83.81 0.66 4.21 144.57 -12.87 147.69
26.07 -79.74 6.44 10.12 125.26 -85.46 14.44 -84.04 3.15 -14.20 156.40 -11.88 149.08
26.08 -79.54 8.59 13.50 124.94 -82.62 16.79 -83.99 5.65 2.61 145.22 -10.97 148.36
26.10 -79.31 10.49 16.48 124.58 -85.52 19.19 -84.24 8.26 -16.41 171.57 -11.85 151.39
26.12 -79.01 12.53 19.69 124.11 -82.70 21.52 -84.08 10.75 9.74 151.77 -10.14 150.68
26.13 -78.68 14.48 22.74 123.59 -82.76 23.90 -83.79 13.12 18.22 151.14 -5.68 150.29
26.15 -78.28 16.49 25.91 122.96 -85.66 25.16 -84.09 15.38 -18.14 138.07 -4.81 149.87
26.16 -77.84 18.48 29.04 122.26 -82.88 27.47 -83.83 17.52 16.13 131.54 -1.29 146.92
26.18 -77.34 20.47 32.15 121.48 -85.90 31.17 -84.16 19.90 -20.17 146.63 -3.00 146.80
26.20 -76.79 22.45 35.26 120.62 -85.96 32.37 -84.21 22.29 -3.00 146.03 -2.10 148.29
26.21 -76.19 24.40 38.33 119.68 -83.14 33.46 -84.26 24.55 -3.30 138.70 -2.85 147.71
26.23 -75.53 26.38 41.43 118.64 -83.33 37.09 -84.05 26.81 12.83 136.63 -0.15 145.73
26.25 -74.85 28.24 44.36 117.57 -83.41 38.30 -84.12 28.96 -4.96 136.13 -0.91 144.82
26.26 -74.11 30.13 47.33 116.41 -83.56 40.74 -83.93 31.12 12.08 133.30 1.94 141.00
26.28 -73.29 32.08 50.39 115.12 -78.06 42.85 -83.47 33.25 27.61 126.82 3.73 138.50
26.29 -72.45 33.92 53.28 113.81 -78.23 45.29 -83.01 35.39 28.19 133.03 4.73 136.69
26.31 -71.58 35.72 56.11 112.44 -78.32 46.51 -82.28 37.52 46.15 134.15 11.16 136.30
26.33 -70.66 37.52 58.93 110.99 -78.41 47.74 -81.83 39.55 27.77 126.09 12.32 135.75
26.34 -69.64 39.37 61.85 109.39 -78.51 48.98 -81.09 41.33 43.88 105.74 18.72 131.66
26.36 -68.62 41.13 64.60 107.79 -74.34 48.69 -79.93 42.96 71.95 101.06 26.22 127.17
26.38 -67.56 42.84 67.29 106.13 -75.91 51.25 -79.21 44.74 45.11 111.15 31.06 124.41
26.39 -66.40 44.63 70.10 104.29 -73.46 54.77 -78.22 46.51 58.07 104.06 35.59 121.15
26.41 -65.28 46.24 72.63 102.55 -73.57 56.02 -77.24 48.28 63.18 113.85 42.40 118.93
26.42 -64.03 47.96 75.34 100.57 -72.42 58.42 -76.12 50.05 65.55 104.03 47.75 116.00
26.44 -62.83 49.52 77.79 98.69 -71.17 59.57 -75.43 51.72 44.08 106.93 49.39 114.01
26.46 -61.54 51.12 80.29 96.67 -69.92 60.71 -74.60 53.27 50.87 94.49 51.66 110.16
26.47 -60.21 52.68 82.74 94.58 -68.80 63.14 -73.65 54.93 58.39 102.00 52.88 106.94
26.49 -58.87 54.17 85.09 92.47 -68.80 63.14 -72.69 56.47 60.14 96.34 56.12 103.97
26.51 -57.48 55.64 87.40 90.29 -65.01 65.33 -71.34 58.10 83.99 101.79 60.13 103.57
26.52 -55.98 57.15 89.77 87.94 -64.04 69.07 -70.31 60.14 60.83 120.40 59.02 105.50
26.54 -54.55 58.51 91.91 85.69 -64.17 70.37 -69.14 62.05 74.56 121.38 61.97 106.53
26.55 -53.05 59.88 94.07 83.32 -65.64 71.81 -68.36 63.76 48.25 105.13 60.98 106.63
26.57 -51.50 61.22 96.16 80.90 -59.26 73.79 -66.92 65.53 88.22 109.50 63.49 106.20
26.59 -49.85 62.57 98.28 78.31 -59.39 75.10 -65.62 67.20 76.77 98.25 64.61 105.62
26.60 -48.28 63.79 100.20 75.84 -55.60 76.05 -64.06 68.85 98.34 104.10 70.04 105.34
26.62 -46.74 64.93 101.99 73.42 -55.98 80.05 -62.67 70.78 91.41 126.73 74.09 108.56
26.64 -45.03 66.13 103.87 70.73 -54.43 77.25 -61.23 72.20 86.45 84.88 76.90 106.85
26.65 -43.35 67.24 105.61 68.10 -52.10 79.67 -59.56 73.85 104.51 103.45 81.33 107.56
26.67 -41.61 68.33 107.33 65.36 -45.87 80.44 -57.65 75.36 116.91 92.26 84.63 106.61
26.68 -39.87 69.36 108.95 62.63 -46.09 83.12 -55.85 76.76 111.63 87.35 89.71 103.30
26.70 -38.12 70.33 110.48 59.88 -44.94 84.36 -53.93 78.16 120.78 87.90 94.33 99.96
26.72 -36.28 71.30 112.00 56.99 -41.20 84.04 -51.48 79.39 147.71 73.90 104.27 96.83
26.73 -34.41 72.22 113.45 54.04 -40.16 86.65 -49.57 80.67 114.78 77.34 106.93 93.62
26.75 -32.59 73.06 114.76 51.19 -37.69 86.45 -47.40 81.81 136.29 71.29 112.88 90.92
26.77 -30.69 73.88 116.05 48.21 -36.55 87.72 -45.50 82.98 115.71 70.92 114.62 87.60
26.78 -28.86 74.61 117.20 45.33 -32.88 87.45 -43.19 83.72 147.22 47.18 120.20 79.65
26.80 -26.88 75.35 118.36 42.22 -29.40 89.95 -40.69 84.99 149.04 75.59 126.46 78.72
26.81 -24.97 76.00 119.39 39.22 -28.34 92.64 -38.31 86.28 147.91 80.78 130.80 76.45
26.83 -23.07 76.60 120.32 36.24 -27.13 92.56 -36.44 87.50 118.40 76.62 130.95 74.89
26.85 -21.10 77.17 121.21 33.14 -23.58 93.75 -34.19 88.56 137.72 65.01 133.56 72.65
26.86 -19.11 77.68 122.02 30.03 -23.58 93.75 -32.05 89.50 130.91 57.51 134.57 69.61
26.88 -17.07 78.16 122.77 26.81 -18.84 94.90 -29.81 90.58 133.54 64.86 133.15 68.71
26.90 -15.11 78.56 123.40 23.74 -16.45 94.79 -27.44 91.40 149.43 51.29 136.62 66.11
26.91 -13.08 78.92 123.97 20.55 -14.06 94.70 -25.08 92.22 144.05 50.29 137.39 64.01
26.93 -10.98 79.24 124.48 17.24 -11.73 96.03 -22.60 93.05 146.34 48.95 140.46 61.81
26.94 -9.04 79.49 124.86 14.20 -9.32 94.55 -20.24 93.76 151.94 45.80 140.93 61.67
26.96 -6.99 79.69 125.18 10.97 -6.98 95.90 -18.00 94.36 136.29 36.22 139.65 57.73
26.98 -4.90 79.85 125.43 7.69 -4.62 95.86 -15.63 94.68 142.35 19.31 139.10 51.59
26.99 -2.95 79.95 125.58 4.64 0.09 98.66 -12.91 95.29 175.79 39.34 144.84 47.86
27.01 -0.83 80.00 125.66 1.30 0.11 94.41 -10.54 95.36 139.97 3.93 145.06 41.75
27.03 1.15 79.99 125.65 -1.81 2.47 97.23 -7.93 95.70 165.18 22.07 148.49 38.21
27.04 3.20 79.94 125.56 -5.03 4.82 95.82 -5.57 95.80 145.11 5.63 149.64 32.28
27.06 5.19 79.83 125.40 -8.15 4.82 95.82 -3.44 95.90 134.22 6.47 148.12 27.80
27.07 7.32 79.66 125.14 -11.50 10.73 95.90 -0.96 96.02 145.71 7.04 148.29 23.48
27.09 9.34 79.45 124.80 -14.67 9.53 94.47 1.17 95.86 131.83 -9.66 146.84 17.62
27.11 11.28 79.20 124.41 -17.72 16.62 94.65 3.76 95.87 166.22 0.62 148.27 13.10
27.12 13.41 78.87 123.89 -21.06 18.95 93.34 6.35 95.62 151.42 -14.99 149.78 7.98
27.14 15.33 78.52 123.33 -24.08 19.00 94.74 8.72 95.50 151.86 -7.23 150.73 5.32
27.16 17.34 78.10 122.68 -27.24 18.87 90.57 10.59 94.69 115.00 -49.52 144.65 -3.56
27.17 19.37 77.62 121.92 -30.43 23.61 90.77 12.94 94.33 141.18 -21.89 144.77 -6.14
27.19 21.30 77.11 121.13 -33.46 25.93 89.51 15.29 93.56 147.80 -48.58 143.04 -13.21
27.20 23.33 76.52 120.20 -36.64 29.52 89.71 17.76 92.95 147.27 -36.45 143.25 -17.42
27.22 25.23 75.92 119.25 -39.63 28.32 89.64 20.11 92.33 147.79 -38.88 144.61 -21.95
27.24 27.18 75.24 118.19 -42.70 32.99 87.19 22.33 91.46 135.46 -52.98 143.58 -27.95
27.25 29.10 74.52 117.06 -45.71 35.40 87.35 24.92 90.75 158.79 -43.70 146.28 -31.36
27.27 30.98 73.76 115.86 -48.66 37.67 84.81 27.03 89.76 130.39 -60.97 142.70 -37.52
27.29 32.83 72.95 114.59 -51.57 42.46 83.82 29.38 88.81 146.14 -59.14 142.17 -41.93
27.30 34.71 72.08 113.22 -54.53 44.83 82.68 31.96 87.61 156.58 -73.10 142.64 -48.52
27.32 36.68 71.10 111.68 -57.62 44.64 80.02 34.54 86.55 147.21 -60.30 145.86 -49.60
27.33 38.31 70.23 110.32 -60.18 47.01 78.89 36.88 85.36 159.48 -80.96 147.69 -55.50
27.35 40.18 69.18 108.67 -63.11 49.50 79.09 39.24 84.32 138.21 -61.13 146.73 -56.76
27.37 41.89 68.16 107.06 -65.80 54.32 76.88 41.72 83.04 156.27 -80.84 147.63 -61.20
27.38 43.62 67.06 105.35 -68.51 56.64 74.48 44.55 81.52 174.18 -93.24 150.27 -66.64
27.40 45.26 65.97 103.62 -71.09 53.80 70.40 46.63 79.84 132.40 -106.80 149.97 -72.02
27.42 46.93 64.79 101.77 -73.72 61.56 72.33 49.24 78.34 160.62 -92.25 150.15 -76.87
27.43 48.60 63.54 99.81 -76.34 58.76 69.53 51.35 76.81 127.18 -92.14 149.83 -79.99
27.45 50.17 62.31 97.88 -78.81 63.70 67.40 53.48 75.17 133.77 -103.43 148.59 -84.42
27.46 51.77 60.99 95.80 -81.32 65.98 63.81 55.59 73.28 128.08 -114.25 145.74 -88.53
27.48 53.35 59.61 93.64 -83.80 65.98 63.81 57.72 71.66 127.83 -97.07 143.80 -92.21
27.50 54.81 58.27 91.53 -86.10 68.39 61.51 59.86 69.92 135.59 -110.22 141.41 -95.14
27.51 56.27 56.87 89.33 -88.38 70.73 57.96 61.99 67.81 132.01 -131.36 140.79 -102.16
27.53 57.71 55.41 87.04 -90.64 73.20 55.68 63.87 65.69 115.71 -129.90 136.74 -107.07
27.55 59.13 53.89 84.64 -92.88 73.01 53.21 65.51 63.57 98.60 -128.15 129.18 -110.56
27.56 60.49 52.36 82.24 -95.01 75.61 52.17 67.69 61.74 134.13 -112.18 129.35 -111.09
27.58 61.78 50.82 79.83 -97.05 78.14 49.90 69.35 59.50 103.77 -140.35 123.67 -115.90
27.59 63.05 49.24 77.35 -99.04 77.96 47.45 71.27 57.29 119.01 -136.86 122.85 -120.38
27.61 64.28 47.63 74.82 -100.96 80.63 46.40 72.96 55.19 105.10 -130.38 119.98 -123.07
27.63 65.45 46.01 72.27 -102.80 83.33 45.36 74.70 53.34 109.10 -116.02 118.09 -123.25
27.64 66.57 44.36 69.69 -104.57 80.38 42.75 76.14 51.24 90.70 -132.69 114.37 -126.81
27.66 67.68 42.65 66.99 -106.32 83.00 40.48 77.60 49.14 89.75 -129.17 109.79 -128.71
27.67 68.75 40.91 64.26 -107.99 85.67 38.21 79.09 47.16 92.00 -121.61 105.79 -127.73
27.69 69.80 39.10 61.41 -109.63 85.54 35.79 80.33 45.17 74.22 -119.67 101.64 -126.71
27.71 70.75 37.34 58.66 -111.13 82.61 33.27 81.29 43.18 60.34 -125.27 97.81 -126.42
27.72 71.69 35.50 55.77 -112.61 85.35 32.19 82.26 41.18 59.35 -121.62 90.33 -127.36
27.74 72.55 33.72 52.97 -113.96 88.10 29.90 83.26 39.18 63.23 -127.07 86.28 -126.04
27.76 73.42 31.78 49.93 -115.32 88.05 28.70 84.27 37.31 59.72 -111.02 80.35 -123.45
27.77 74.19 29.92 47.00 -116.54 90.81 25.19 85.28 35.18 63.31 -131.94 76.17 -123.61
27.79 74.93 28.02 44.02 -117.70 90.77 23.99 86.03 33.05 45.87 -131.81 69.85 -125.19
27.80 75.61 26.13 41.04 -118.77 90.71 21.60 87.06 30.93 64.45 -131.98 67.22 -125.12
27.82 76.25 24.20 38.02 -119.77 90.66 19.21 87.83 28.81 47.51 -132.06 63.00 -125.40
27.84 76.86 22.20 34.88 -120.73 90.64 18.02 88.32 26.79 29.82 -121.35 56.78 -125.38
27.85 77.40 20.22 31.76 -121.58 90.61 15.63 88.83 24.77 31.00 -123.24 52.46 -125.73
27.87 77.89 18.26 28.68 -122.35 90.59 12.06 89.63 22.65 49.55 -131.67 51.38 -126.38
27.89 78.33 16.27 25.55 -123.04 90.59 10.87 90.15 20.52 32.29 -131.43 48.68 -127.36
27.90 78.73 14.22 22.33 -123.66 90.61 8.49 90.40 18.38 15.10 -128.78 43.86 -127.53
27.92 79.06 12.24 19.23 -124.18 93.57 6.07 90.95 16.11 34.67 -142.12 41.36 -130.64
27.93 79.35 10.18 15.99 -124.64 90.63 6.10 90.94 14.20 -1.04 -115.30 34.92 -128.97
27.95 79.58 8.22 12.92 -125.00 90.68 3.72 90.93 12.18 -0.59 -129.30 30.28 -128.72
27.97 79.76 6.18 9.71 -125.29 90.73 1.32 90.93 10.15 0.17 -124.19 23.85 -127.94
27.98 79.89 4.10 6.44 -125.50 90.80 -1.07 90.94 8.12 0.88 -122.08 19.19 -126.95
28.00 79.97 2.05 3.22 -125.62 90.99 -5.88 90.98 5.73 2.15 -146.46 16.42 -129.46
28.02 80.00 0.00 0.01 -125.66 91.04 -7.09 91.02 3.46 2.67 -139.68 13.58 -131.10
28.03 79.97 -2.06 -3.24 -125.62 91.16 -9.51 91.08 1.30 3.48 -131.22 8.98 -131.06
28.05 79.90 -4.05 -6.37 -125.50 91.23 -10.73 91.14 -0.86 4.02 -136.21 6.15 -131.53
28.07 79.77 -6.12 -9.61 -125.30 88.32 -10.60 90.92 -2.77 -13.87 -115.80 3.25 -130.24
28.08 79.58 -8.18 -12.84 -125.01 88.61 -15.46 90.42 -4.92 -30.15 -130.92 -3.23 -129.12
28.10 79.35 -10.16 -15.96 -124.65 91.80 -19.33 90.54 -7.46 7.36 -160.19 -2.39 -133.61
28.11 79.07 -12.19 -19.15 -124.20 89.06 -21.61 90.37 -10.00 -9.92 -155.17 -3.32 -136.19
28.13 78.73 -14.21 -22.32 -123.67 89.16 -22.85 90.22 -12.41 -9.64 -148.18 -4.30 -138.59
28.15 78.34 -16.19 -25.43 -123.06 86.36 -23.89 89.77 -14.70 -27.69 -142.30 -7.16 -140.61
28.16 77.90 -18.22 -28.62 -122.36 83.93 -28.67 89.07 -16.97 -42.64 -137.66 -11.64 -139.73
28.18 77.42 -20.16 -31.67 -121.61 84.28 -32.45 88.39 -19.51 -42.45 -159.27 -16.15 -141.69
28.19 76.85 -22.22 -34.91 -120.72 84.28 -32.45 87.70 -21.80 -40.50 -135.02 -20.55 -142.07
28.21 76.28 -24.12 -37.89 -119.81 81.69 -34.75 86.75 -24.21 -60.42 -152.04 -26.99 -143.66
28.23 75.63 -26.09 -40.99 -118.79 81.94 -37.31 86.11 -26.88 -38.62 -161.77 -29.47 -148.25
28.24 74.93 -28.03 -44.03 -117.70 80.94 -41.05 85.34 -29.44 -46.75 -155.99 -31.13 -150.76
28.26 74.20 -29.90 -46.96 -116.56 75.48 -41.80 83.71 -31.68 -102.60 -141.30 -42.12 -148.87
28.28 73.42 -31.78 -49.91 -115.33 82.99 -46.49 83.11 -34.17 -37.46 -153.48 -44.88 -148.70
28.29 72.60 -33.60 -52.77 -114.05 77.29 -45.86 81.92 -36.47 -74.74 -144.94 -51.39 -148.38
28.31 71.72 -35.45 -55.69 -112.65 79.01 -48.68 81.18 -38.95 -44.87 -151.33 -53.10 -149.28
28.33 70.79 -37.26 -58.53 -111.20 80.60 -50.19 80.85 -41.10 -20.61 -133.46 -50.90 -148.86
28.34 69.79 -39.11 -61.44 -109.62 82.98 -57.29 80.72 -43.59 -7.75 -147.73 -47.43 -147.71
28.36 68.79 -40.84 -64.15 -108.05 74.20 -54.80 79.71 -45.82 -63.50 -140.80 -49.73 -148.28
28.37 67.72 -42.59 -66.90 -106.37 75.78 -56.35 79.12 -47.98 -36.19 -132.30 -47.31 -146.31
28.39 66.57 -44.37 -69.69 -104.57 71.76 -57.22 78.10 -49.97 -60.62 -118.47 -49.51 -141.98
28.41 65.40 -46.07 -72.37 -102.73 70.54 -58.44 77.06 -51.71 -63.20 -105.67 -51.15 -136.95
28.42 64.27 -47.64 -74.83 -100.96 68.47 -63.71 76.36 -53.90 -45.56 -142.39 -45.45 -137.06
28.44 62.92 -49.41 -77.61 -98.83 67.10 -63.54 74.77 -55.61 -89.49 -96.05 -50.65 -131.31
28.46 61.72 -50.90 -79.96 -96.94 65.91 -64.79 73.64 -57.50 -74.73 -124.21 -50.65 -129.24
28.47 60.35 -52.52 -82.50 -94.79 64.55 -64.62 72.19 -59.09 -85.78 -94.55 -54.74 -123.56
28.49 59.02 -54.00 -84.82 -92.72 59.67 -68.26 70.10 -60.90 -132.33 -114.19 -65.91 -121.64
28.50 57.65 -55.46 -87.12 -90.56 61.01 -68.42 67.90 -62.01 -137.85 -69.85 -78.92 -113.85
28.52 56.22 -56.92 -89.41 -88.31 59.84 -69.70 66.46 -63.50 -88.27 -91.54 -81.40 -108.92
28.54 54.77 -58.32 -91.60 -86.03 60.71 -77.13 64.96 -65.58 -93.92 -129.54 -87.17 -108.65
28.55 53.19 -59.76 -93.87 -83.55 56.50 -75.09 63.43 -67.37 -89.80 -105.18 -90.09 -107.32
28.57 51.69 -61.06 -95.91 -81.20 58.00 -76.77 62.18 -69.20 -79.56 -116.33 -91.73 -108.38
28.59 50.09 -62.37 -97.98 -78.69 54.01 -76.26 60.73 -70.46 -87.66 -76.07 -95.94 -101.75
28.60 48.53 -63.60 -99.90 -76.24 51.53 -77.45 59.17 -71.85 -98.80 -88.28 -96.87 -100.97
28.62 46.85 -64.85 -101.86 -73.59 52.01 -82.04 57.78 -73.57 -83.27 -103.38 -97.72 -98.89
28.63 45.25 -65.97 -103.63 -71.08 48.38 -84.67 56.17 -75.58 -103.83 -128.71 -99.53 -102.31
28.65 43.60 -67.07 -105.36 -68.49 45.46 -81.27 54.74 -76.88 -90.18 -82.56 -95.31 -99.14
28.67 41.90 -68.15 -107.05 -65.81 44.31 -82.66 53.07 -78.30 -104.00 -88.72 -91.93 -101.03
28.68 40.16 -69.19 -108.68 -63.08 41.74 -82.39 51.26 -79.57 -112.27 -78.71 -94.33 -99.75
28.70 38.35 -70.21 -110.28 -60.24 40.46 -82.26 49.24 -80.09 -122.78 -31.11 -97.21 -89.90
28.71 36.56 -71.16 -111.77 -57.43 38.28 -86.68 47.42 -81.25 -113.10 -71.92 -99.54 -86.58
28.73 34.74 -72.06 -113.19 -54.57 36.76 -83.44 45.29 -81.91 -131.26 -41.21 -104.71 -79.07
28.75 32.83 -72.95 -114.60 -51.57 31.83 -84.55 43.08 -82.74 -131.94 -49.30 -109.14 -76.39
28.76 30.94 -73.77 -115.88 -48.60 30.78 -87.58 41.00 -83.75 -126.80 -61.85 -111.94 -73.75
28.78 29.07 -74.53 -117.07 -45.67 32.04 -87.68 39.00 -84.32 -124.45 -35.14 -116.06 -66.92
28.80 27.15 -75.25 -118.21 -42.65 28.17 -85.82 36.98 -84.43 -123.60 -7.00 -118.04 -54.75
28.81 25.22 -75.92 -119.26 -39.61 25.85 -88.79 35.02 -85.18 -120.44 -46.19 -121.06 -51.12
28.83 23.31 -76.53 -120.21 -36.62 23.28 -87.05 32.92 -85.62 -132.11 -27.58 -123.88 -45.00
28.85 21.36 -77.10 -121.10 -33.55 19.58 -86.85 30.70 -86.07 -137.04 -27.59 -126.35 -39.89
28.86 19.26 -77.65 -121.97 -30.26 17.17 -88.31 28.37 -86.67 -134.93 -35.02 -127.57 -40.28
28.88 17.35 -78.10 -122.67 -27.26 17.22 -89.89 26.27 -86.99 -134.83 -20.57 -129.74 -35.14
28.89 15.35 -78.51 -123.33 -24.11 13.48 -88.17 23.94 -87.47 -143.03 -29.06 -130.92 -33.93
28.91 13.30 -78.89 -123.91 -20.90 13.56 -91.35 22.11 -88.15 -110.40 -41.07 -128.76 -33.11
28.93 11.33 -79.19 -124.40 -17.80 9.81 -88.07 20.02 -88.20 -131.95 -3.09 -129.28 -27.23
28.94 9.33 -79.45 -124.81 -14.66 4.93 -89.57 17.31 -88.39 -168.97 -11.77 -133.73 -24.89
28.96 7.26 -79.67 -125.15 -11.40 4.93 -89.57 14.98 -88.76 -140.02 -22.59 -135.37 -26.45
28.97 5.25 -79.83 -125.39 -8.24 0.03 -89.56 12.40 -88.84 -160.96 -4.82 -139.42 -22.32
28.99 3.21 -79.94 -125.56 -5.04 -2.40 -88.01 9.83 -88.93 -157.97 -5.87 -142.01 -20.14
29.01 1.22 -79.99 -125.65 -1.92 -3.60 -86.46 7.51 -88.89 -146.69 2.45 -142.98 -17.14
29.02 -0.86 -80.00 -125.66 1.36 -4.84 -88.05 5.31 -88.87 -132.61 1.57 -142.74 -13.48
29.04 -2.92 -79.95 -125.58 4.58 -10.93 -86.65 2.50 -88.54 -172.41 19.82 -146.50 -9.44
29.06 -4.96 -79.85 -125.42 7.79 -11.02 -89.80 0.05 -88.71 -150.42 -10.03 -147.24 -7.54
29.07 -7.00 -79.69 -125.18 11.00 -14.61 -86.81 -2.77 -88.25 -172.57 27.81 -153.46 -0.65
29.09 -8.98 -79.49 -124.87 14.11 -14.61 -86.81 -5.21 -88.13 -154.38 7.97 -155.70 0.45
29.10 -11.05 -79.23 -124.46 17.35 -17.01 -85.37 -7.40 -87.71 -132.57 25.34 -152.06 4.16
29.12 -13.04 -78.93 -123.98 20.49 -21.87 -84.12 -10.08 -87.16 -166.71 33.89 -154.73 9.81
29.14 -15.07 -78.57 -123.41 23.68 -23.03 -82.67 -12.39 -86.47 -140.42 41.96 -152.67 14.49
29.15 -17.07 -78.16 -122.77 26.81 -26.57 -79.91 -14.81 -85.66 -149.34 50.07 -151.81 20.08
29.17 -19.06 -77.70 -122.04 29.94 -28.10 -84.57 -17.26 -85.48 -150.12 11.61 -152.15 21.00
29.19 -21.02 -77.19 -121.25 33.02 -31.77 -83.35 -19.95 -85.01 -167.47 29.23 -155.64 23.77
29.20 -23.17 -76.57 -120.28 36.40 -34.07 -80.52 -22.26 -84.39 -129.85 34.42 -151.38 25.23
29.22 -24.93 -76.02 -119.41 39.16 -35.33 -80.64 -24.69 -83.48 -165.70 62.44 -152.91 32.47
29.23 -26.88 -75.35 -118.36 42.22 -35.21 -79.13 -26.76 -82.71 -125.81 46.88 -148.24 34.38
29.25 -28.80 -74.64 -117.24 45.24 -37.63 -77.87 -29.06 -81.81 -141.16 54.80 -146.92 39.06
29.27 -30.74 -73.86 -116.01 48.29 -39.92 -75.15 -31.35 -80.79 -137.31 61.25 -147.39 42.65
29.28 -32.54 -73.08 -114.80 51.11 -41.19 -75.28 -33.28 -79.91 -124.32 56.87 -143.15 44.95
29.30 -34.47 -72.19 -113.40 54.14 -45.20 -77.18 -35.50 -79.36 -131.22 32.49 -142.23 44.00
29.32 -36.26 -71.31 -112.01 56.96 -47.66 -75.98 -37.61 -78.97 -132.16 24.57 -140.51 41.45
29.33 -38.09 -70.35 -110.51 59.83 -47.51 -74.50 -39.55 -77.96 -118.57 61.54 -137.36 46.45
29.35 -39.83 -69.38 -108.98 62.57 -49.82 -71.86 -41.35 -76.81 -113.55 72.26 -131.96 50.75
29.36 -41.65 -68.30 -107.29 65.43 -51.29 -73.48 -43.07 -76.11 -102.24 41.78 -129.20 51.49
29.38 -43.33 -67.25 -105.64 68.06 -53.62 -70.87 -44.90 -75.13 -116.36 62.18 -124.27 51.46
29.40 -45.15 -66.04 -103.74 70.92 -53.16 -66.55 -46.70 -73.87 -103.19 72.33 -122.01 54.01
29.41 -46.71 -64.95 -102.02 73.36 -58.81 -70.08 -48.82 -73.09 -139.83 51.44 -121.87 53.67
29.43 -48.36 -63.73 -100.11 75.96 -56.97 -65.59 -50.52 -72.14 -104.25 58.47 -118.57 53.39
29.45 -49.96 -62.48 -98.15 78.47 -61.01 -66.08 -52.50 -71.22 -122.82 57.02 -118.42 53.41
29.46 -51.53 -61.19 -96.12 80.95 -59.65 -65.91 -53.95 -70.09 -89.15 69.49 -114.21 57.11
29.48 -53.12 -59.82 -93.96 83.44 -61.70 -60.60 -55.35 -68.55 -84.15 92.16 -109.41 63.87
29.50 -54.60 -58.47 -91.84 85.77 -61.87 -61.99 -56.79 -67.30 -89.98 78.35 -106.55 65.55
29.51 -56.13 -57.00 -89.54 88.17 -62.90 -59.37 -58.10 -66.05 -77.57 74.09 -102.95 65.73
29.53 -57.50 -55.62 -87.37 90.32 -65.63 -59.69 -59.53 -64.67 -92.81 89.25 -102.01 70.48
29.54 -58.90 -54.14 -85.04 92.52 -65.46 -58.31 -60.72 -63.42 -72.84 77.24 -97.66 71.98
29.56 -60.28 -52.60 -82.62 94.68 -67.57 -53.15 -62.16 -62.08 -87.80 81.61 -96.12 72.91
29.58 -61.59 -51.06 -80.20 96.74 -64.84 -52.85 -62.76 -60.35 -37.43 106.93 -85.88 78.46
29.59 -62.91 -49.43 -77.64 98.81 -67.57 -53.15 -63.82 -59.11 -63.47 74.48 -81.80 80.06
29.61 -64.12 -47.84 -75.15 100.71 -68.35 -47.96 -64.55 -57.30 -46.30 114.38 -74.15 85.80
29.62 -65.24 -46.30 -72.73 102.48 -71.25 -49.58 -65.71 -55.67 -76.23 107.35 -72.86 89.58
29.64 -66.39 -44.63 -70.11 104.29 -73.74 -47.22 -66.92 -54.33 -74.76 83.08 -71.92 88.68
29.66 -67.55 -42.86 -67.33 106.11 -73.30 -43.27 -68.06 -52.46 -67.85 111.11 -69.71 91.95
29.67 -68.59 -41.17 -64.67 107.74 -72.05 -44.43 -68.98 -50.96 -58.00 94.64 -67.75 94.01
29.69 -69.62 -39.41 -61.90 109.36 -71.64 -40.54 -69.58 -49.05 -37.00 117.79 -62.17 96.86
29.70 -70.64 -37.55 -58.98 110.96 -75.55 -38.36 -70.59 -47.05 -59.85 118.32 -60.87 100.97
29.72 -71.54 -35.80 -56.24 112.38 -75.42 -37.07 -71.37 -45.44 -50.23 102.83 -57.11 103.09
29.74 -72.43 -33.96 -53.35 113.78 -76.45 -33.38 -72.53 -43.50 -71.29 119.55 -60.50 104.35
29.75 -73.31 -32.04 -50.32 115.15 -79.04 -31.09 -73.68 -41.29 -68.17 131.11 -60.97 110.02
29.77 -74.08 -30.21 -47.45 116.36 -77.74 -32.24 -74.62 -39.72 -59.41 99.38 -62.28 108.51
29.79 -74.83 -28.29 -44.43 117.55 -81.44 -26.30 -75.64 -37.39 -62.05 141.79 -60.86 111.96
29.80 -75.53 -26.36 -41.41 118.64 -78.40 -23.62 -76.11 -35.03 -28.66 145.14 -56.25 118.17
29.82 -76.17 -24.45 -38.40 119.65 -78.13 -19.94 -76.59 -32.70 -30.06 145.08 -52.47 121.56
29.84 -76.78 -22.45 -35.27 120.61 -79.45 -18.81 -77.33 -30.14 -44.57 154.33 -51.13 127.53
29.85 -77.35 -20.41 -32.07 121.50 -80.70 -16.46 -78.23 -27.73 -53.75 142.93 -52.80 130.05
29.87 -77.82 -18.53 -29.11 122.24 -83.40 -14.18 -79.02 -25.31 -50.85 156.73 -51.90 133.89
29.88 -78.27 -16.56 -26.01 122.94 -83.26 -11.75 -79.80 -22.78 -48.65 157.26 -51.75 139.33
29.90 -78.67 -14.52 -22.81 123.58 -86.01 -9.46 -80.76 -20.39 -57.87 144.81 -50.40 141.86
29.92 -79.02 -12.50 -19.63 124.12 -83.02 -6.94 -81.16 -17.97 -24.31 147.66 -46.02 143.51
29.93 -79.31 -10.50 -16.49 124.58 -82.96 -5.74 -81.68 -15.32 -32.50 164.89 -43.33 150.06
29.95 -79.55 -8.47 -13.30 124.96 -82.79 -0.97 -81.81 -12.79 -8.30 155.52 -37.95 151.44
29.97 -79.75 -6.37 -10.01 125.26 -84.15 1.38 -82.39 -10.29 -34.35 149.35 -38.52 151.86
29.98 -79.88 -4.40 -6.90 125.47 -82.70 2.60 -82.84 -8.03 -28.96 142.96 -38.41 151.65
30.00 -79.96 -2.38 -3.74 125.61 -85.49 6.12 -83.45 -5.54 -37.62 155.18 -37.72 151.73
30.01 -80.00 -0.31 -0.48 125.66 -82.64 6.15 -83.64 -3.28 -11.73 137.05 -33.52 151.14
30.03 -79.98 1.71 2.68 125.64 -85.45 10.87 -83.85 -0.77 -12.82 156.28 -29.71 151.10
30.05 -79.91 3.81 5.99 125.52 -88.36 12.06 -84.36 1.61 -30.45 142.04 -27.89 149.57
30.06 -79.79 5.80 9.12 125.33 -88.38 15.65 -84.59 4.12 -14.90 158.14 -23.59 150.91
30.08 -79.62 7.82 12.28 125.06 -88.37 14.45 -85.13 6.26 -33.29 132.99 -24.49 149.44
30.10 -79.38 9.94 15.62 124.69 -88.39 16.84 -85.67 8.51 -31.90 132.74 -24.43 146.22
30.11 -79.11 11.92 18.72 124.26 -88.45 20.43 -86.24 10.65 -35.61 134.69 -27.16 144.14
30.13 -78.77 13.96 21.93 123.74 -88.51 22.83 -86.67 12.80 -26.47 130.33 -26.38 142.24
30.14 -78.40 15.92 25.01 123.15 -88.58 25.24 -87.26 15.06 -37.04 142.56 -27.18 142.20
30.16 -77.96 17.94 28.18 122.46 -88.63 26.44 -87.58 17.10 -19.08 123.87 -25.33 139.07
30.18 -77.47 19.95 31.33 121.69 -88.72 28.86 -88.18 19.37 -36.95 137.92 -27.85 139.16
30.19 -76.96 21.83 34.29 120.90 -85.85 29.96 -88.22 21.28 -2.52 123.18 -26.82 135.84
30.21 -76.38 23.80 37.38 119.98 -86.02 33.58 -87.99 23.43 14.34 131.76 -22.34 134.82
30.23 -75.72 25.82 40.56 118.94 -86.08 34.80 -87.76 25.34 13.54 113.03 -19.50 130.31
30.24 -75.04 27.72 43.55 117.88 -86.15 36.01 -87.54 27.50 13.77 134.09 -14.79 130.42
30.26 -74.31 29.64 46.56 116.72 -83.48 39.52 -87.05 29.77 30.03 138.70 -8.60 131.01
30.27 -73.54 31.49 49.46 115.52 -85.01 40.82 -86.70 31.81 21.64 128.19 -2.88 130.36
30.29 -72.71 33.36 52.39 114.22 -83.65 41.96 -86.22 33.72 29.93 117.72 2.76 129.10
30.31 -71.84 35.21 55.31 112.84 -81.05 45.47 -85.46 35.74 46.12 123.86 11.08 127.23
30.32 -70.91 37.04 58.18 111.38 -84.02 46.90 -85.00 37.79 28.22 125.38 15.81 127.38
30.34 -69.95 38.83 60.99 109.87 -79.92 49.08 -84.12 39.81 54.46 125.11 24.95 126.10
30.36 -68.91 40.63 63.82 108.25 -78.71 51.46 -83.41 41.96 43.10 129.92 29.51 126.78
30.37 -67.88 42.34 66.51 106.62 -78.71 51.46 -82.68 43.75 45.85 112.18 32.67 124.82
30.39 -66.75 44.09 69.26 104.85 -78.93 53.96 -81.96 45.66 43.17 115.70 35.63 125.08
30.40 -65.61 45.77 71.89 103.07 -76.35 56.25 -80.98 47.69 60.92 125.70 40.34 124.25
30.42 -64.44 47.41 74.47 101.22 -76.35 56.25 -80.27 49.36 44.33 103.95 41.77 120.77
30.44 -63.17 49.08 77.10 99.23 -76.59 58.78 -79.43 51.15 50.46 107.59 44.66 118.71
30.45 -61.93 50.64 79.55 97.28 -74.04 61.08 -78.47 53.07 60.49 120.38 47.71 118.98
30.47 -60.61 52.22 82.03 95.20 -74.43 64.93 -77.81 55.01 40.45 119.00 47.15 118.49
30.49 -59.25 53.75 84.43 93.07 -71.66 64.67 -76.57 56.79 75.88 109.06 51.91 116.86
30.50 -57.85 55.25 86.79 90.88 -67.82 66.86 -75.36 58.57 74.23 109.10 53.89 115.26
30.52 -56.43 56.71 89.08 88.63 -69.31 68.29 -74.42 60.25 57.90 103.63 55.37 112.63
30.53 -54.98 58.11 91.28 86.37 -65.38 69.20 -73.09 62.02 83.34 110.88 59.12 112.50
30.55 -53.43 59.54 93.52 83.93 -64.17 70.37 -71.61 63.67 87.96 97.76 63.60 110.70
30.57 -51.93 60.86 95.59 81.57 -61.52 70.12 -70.13 65.05 93.17 87.16 66.82 106.85
30.58 -50.37 62.15 97.63 79.12 -60.45 72.60 -68.54 66.69 98.71 101.52 72.26 106.61
30.60 -48.71 63.46 99.68 76.52 -56.65 73.54 -66.54 68.17 118.59 87.85 79.07 104.63
30.61 -47.11 64.66 101.56 74.00 -55.60 76.05 -64.70 69.66 115.98 94.16 84.62 102.01
30.63 -45.54 65.77 103.32 71.53 -55.72 77.37 -62.83 70.91 121.78 80.96 92.76 98.21
30.65 -43.85 66.91 105.11 68.87 -51.98 78.34 -60.86 72.27 121.14 84.15 97.28 95.72
30.66 -42.16 67.99 106.80 66.22 -48.51 82.00 -58.93 73.79 121.32 95.09 101.99 94.32
30.68 -40.36 69.07 108.50 63.40 -46.09 83.12 -56.61 75.27 139.25 88.93 110.12 92.85
30.70 -38.63 70.05 110.04 60.68 -46.09 83.12 -54.68 76.66 121.82 87.93 113.97 90.55
30.71 -36.66 71.11 111.69 57.58 -41.30 85.40 -52.39 78.17 128.38 84.35 118.01 89.21
30.73 -34.98 71.95 113.01 54.95 -40.16 86.65 -50.25 79.82 143.08 110.78 123.01 91.57
30.74 -33.13 72.82 114.38 52.05 -37.78 87.82 -47.99 81.34 139.54 93.71 127.09 90.79
30.76 -31.24 73.65 115.68 49.08 -35.51 90.39 -45.87 83.03 128.69 102.53 128.10 92.26
30.78 -29.41 74.40 116.86 46.20 -32.96 88.82 -43.61 84.30 143.54 81.00 130.85 90.94
30.79 -27.47 75.14 118.03 43.14 -28.27 91.25 -40.86 85.69 165.94 83.86 135.27 91.23
30.81 -25.56 75.81 119.07 40.16 -27.06 91.17 -38.37 86.97 155.36 80.00 138.69 90.82
30.83 -23.59 76.44 120.08 37.06 -24.71 92.42 -35.99 88.02 144.23 63.15 140.98 87.62
30.84 -21.67 77.01 120.97 34.03 -23.44 90.96 -33.73 88.80 141.65 49.06 141.22 83.64
30.86 -19.68 77.54 121.80 30.91 -22.25 90.90 -31.34 89.58 145.87 47.59 143.63 79.60
30.87 -17.66 78.03 122.56 27.74 -18.78 93.50 -29.09 90.39 136.31 49.04 144.42 76.07
30.89 -15.65 78.45 123.24 24.58 -16.40 93.39 -26.72 91.06 145.17 41.17 144.63 69.11
30.91 -13.65 78.83 123.82 21.44 -11.65 93.22 -24.10 91.60 161.50 33.39 146.82 63.08
30.92 -11.67 79.14 124.32 18.33 -9.29 93.16 -21.48 91.88 163.87 17.32 150.34 54.56
30.94 -9.64 79.42 124.75 15.14 -6.93 93.11 -18.88 92.31 159.79 26.30 151.97 49.09
30.96 -7.65 79.63 125.09 12.02 -4.60 94.46 -16.51 92.63 148.78 20.16 150.25 42.72
30.97 -5.58 79.81 125.36 8.76 -1.07 95.82 -13.91 93.09 157.10 28.11 150.43 37.53
30.99 -3.48 79.92 125.54 5.47 0.11 95.81 -11.43 93.43 148.31 20.30 150.84 33.24
31.00 -1.47 79.99 125.64 2.31 0.11 95.81 -9.08 93.92 147.21 30.33 151.39 31.37
31.02 0.57 80.00 125.66 -0.89 4.82 94.42 -6.37 94.27 166.96 21.70 153.50 28.78
31.04 2.62 79.96 125.60 -4.11 6.00 95.83 -3.89 94.50 151.81 14.28 155.05 25.31
31.05 4.67 79.86 125.45 -7.34 9.55 95.88 -1.30 94.75 158.71 15.19 156.40 22.71
31.07 6.67 79.72 125.23 -10.48 10.71 94.49 0.94 94.88 140.24 7.96 154.28 20.17
31.09 8.68 79.53 124.92 -13.64 11.89 94.52 3.06 95.01 131.52 8.45 151.04 19.28
31.10 10.72 79.28 124.53 -16.84 14.22 93.18 5.17 95.02 129.30 0.47 147.99 16.70
31.12 12.73 78.98 124.06 -19.99 18.95 93.34 7.53 94.91 146.10 -6.95 147.73 13.98
31.13 14.73 78.63 123.51 -23.14 18.91 91.95 9.53 94.52 123.42 -23.91 144.36 8.78
31.15 16.82 78.21 122.86 -26.42 20.10 91.99 11.53 94.14 118.13 -22.57 141.34 4.50
31.17 18.80 77.76 122.15 -29.53 23.55 89.40 13.87 93.50 144.99 -39.67 141.12 -2.50
31.18 20.76 77.26 121.36 -32.61 28.32 89.64 16.22 93.02 145.82 -29.64 139.00 -7.64
31.20 22.71 76.71 120.49 -35.68 28.26 88.27 18.45 92.27 137.84 -46.80 137.61 -13.75
31.22 24.64 76.11 119.56 -38.70 30.65 88.41 20.56 91.52 131.58 -46.56 134.89 -19.92
31.23 26.60 75.45 118.51 -41.79 31.64 84.43 22.65 90.51 126.88 -60.99 133.56 -26.82
31.25 28.53 74.74 117.40 -44.82 32.84 84.50 24.75 89.51 128.03 -61.22 133.21 -33.78
31.26 30.45 73.98 116.21 -47.82 37.58 83.47 27.08 88.54 142.75 -59.34 134.55 -39.76
31.28 32.26 73.21 114.99 -50.68 39.93 82.31 29.18 87.44 133.44 -70.18 133.29 -46.09
31.30 34.12 72.36 113.66 -53.60 42.37 82.48 31.52 86.49 144.23 -58.19 135.37 -49.52
31.31 36.01 71.44 112.21 -56.57 44.64 80.02 33.98 85.29 146.73 -71.61 138.23 -54.42
31.33 37.85 70.48 110.71 -59.46 47.01 78.89 36.33 84.24 141.95 -63.60 137.93 -56.81
31.35 39.60 69.51 109.19 -62.20 49.30 76.46 38.42 82.92 132.17 -83.02 136.56 -62.15
31.36 41.37 68.47 107.56 -64.98 49.30 76.46 40.53 81.74 128.69 -72.24 135.65 -64.69
31.38 43.09 67.40 105.87 -67.69 54.00 72.97 42.86 80.20 144.70 -95.69 136.96 -69.61
31.39 44.81 66.27 104.10 -70.39 56.42 71.89 45.34 78.94 151.34 -76.61 139.40 -71.17
31.41 46.47 65.12 102.29 -72.99 53.61 67.87 47.42 77.28 129.44 -103.65 139.54 -75.41
31.43 48.15 63.89 100.35 -75.64 61.11 67.19 49.77 75.65 141.59 -97.99 139.43 -79.28
31.44 49.76 62.64 98.40 -78.16 60.91 64.66 51.87 73.89 129.89 -109.27 139.07 -83.19
31.46 51.31 61.38 96.42 -80.59 66.09 65.08 54.24 72.15 149.00 -109.34 139.55 -88.30
31.48 52.87 60.04 94.32 -83.04 65.77 61.30 56.35 70.28 129.35 -114.58 137.81 -92.60
31.49 54.40 58.65 92.13 -85.46 65.57 58.81 58.21 68.27 112.53 -121.74 134.87 -98.41
31.51 55.85 57.28 89.98 -87.72 65.48 57.57 59.83 66.38 102.17 -119.27 131.87 -102.04
31.52 57.33 55.79 87.64 -90.06 70.53 55.48 61.95 64.28 126.61 -125.09 131.66 -107.32
31.54 58.73 54.32 85.33 -92.25 72.91 51.98 63.84 62.18 117.37 -130.26 128.93 -110.78
31.56 60.06 52.85 83.02 -94.34 75.51 50.94 65.75 60.09 120.97 -132.77 125.89 -116.39
31.57 61.43 51.25 80.50 -96.50 75.33 48.49 67.92 58.15 129.07 -115.14 125.86 -117.54
31.59 62.69 49.69 78.06 -98.48 77.96 47.45 69.61 56.18 105.82 -123.98 122.28 -120.14
31.60 63.92 48.11 75.57 -100.40 80.63 46.40 71.58 54.35 124.06 -114.85 121.70 -120.70
31.62 65.08 46.52 73.08 -102.23 80.54 45.18 73.02 52.36 92.08 -126.78 116.00 -122.44
31.64 66.28 44.81 70.38 -104.11 83.00 40.48 74.75 50.28 103.62 -125.18 113.43 -123.50
31.65 67.36 43.15 67.79 -105.81 83.00 40.48 76.49 48.45 110.75 -116.45 113.25 -122.97
31.67 68.43 41.44 65.10 -107.49 82.86 38.07 78.23 46.50 108.39 -121.66 113.87 -123.21
31.69 69.48 39.66 62.29 -109.14 82.73 35.67 79.45 44.51 73.84 -120.01 108.60 -122.71
31.70 70.48 37.85 59.45 -110.71 85.47 34.59 80.70 42.78 76.43 -105.84 104.50 -120.26
31.72 71.42 36.05 56.62 -112.18 85.30 30.99 81.68 40.78 60.60 -123.45 98.47 -119.33
31.73 72.30 34.24 53.79 -113.57 85.25 29.80 82.67 38.91 61.97 -116.79 91.76 -119.50
31.75 73.15 32.39 50.87 -114.90 85.16 27.42 83.39 36.91 44.38 -123.48 85.61 -119.45
31.77 73.97 30.46 47.85 -116.20 87.92 25.11 84.12 34.78 43.73 -127.67 77.58 -120.73
31.78 74.70 28.62 44.96 -117.35 87.88 23.92 84.86 32.65 46.65 -135.06 73.04 -121.56
31.80 75.42 26.68 41.91 -118.47 87.80 20.36 85.34 30.64 29.13 -122.28 65.59 -121.27
31.82 76.07 24.77 38.90 -119.49 90.66 19.21 86.10 28.51 47.56 -132.19 59.27 -122.84
31.83 76.68 22.79 35.80 -120.46 90.64 18.02 86.88 26.51 47.26 -121.83 53.16 -122.86
31.85 77.26 20.76 32.61 -121.36 90.61 15.63 87.67 24.50 46.94 -119.31 50.47 -122.79
31.86 77.75 18.84 29.60 -122.13 90.59 13.25 88.18 22.37 32.46 -135.26 46.07 -125.73
31.88 78.21 16.84 26.46 -122.85 90.59 10.87 88.71 20.36 32.44 -123.39 43.25 -125.73
31.90 78.62 14.80 23.25 -123.49 90.60 9.68 89.24 18.35 32.26 -121.40 40.28 -126.19
31.91 78.97 12.82 20.14 -124.04 90.62 7.29 89.79 16.33 34.16 -125.93 39.26 -126.43
31.93 79.27 10.77 16.92 -124.52 90.65 4.91 90.06 14.31 16.57 -122.44 36.54 -125.91
31.95 79.52 8.74 13.73 -124.91 90.70 2.52 90.35 12.17 17.27 -131.14 33.61 -125.52
31.96 79.72 6.73 10.58 -125.22 90.73 1.32 90.64 10.27 18.31 -118.75 32.52 -125.16
31.98 79.86 4.69 7.37 -125.45 90.73 1.32 90.65 8.48 0.47 -109.64 27.82 -122.91
32.00 79.96 2.65 4.16 -125.59 90.93 -4.68 90.68 6.21 1.84 -139.54 23.27 -124.68
32.01 80.00 0.58 0.91 -125.66 88.14 -6.98 90.43 3.95 -14.97 -137.38 17.08 -126.49
32.03 79.99 -1.44 -2.27 -125.64 88.20 -8.18 90.19 1.81 -14.88 -133.18 12.35 -126.28
32.04 79.92 -3.47 -5.45 -125.55 88.39 -11.81 89.97 -0.46 -13.66 -140.47 7.74 -127.99
32.06 79.81 -5.47 -8.59 -125.37 88.46 -13.02 89.76 -2.73 -13.42 -142.43 3.17 -130.09
32.08 79.64 -7.53 -11.83 -125.11 88.69 -16.68 89.56 -5.13 -11.70 -145.67 -1.42 -132.06
32.09 79.43 -9.53 -14.97 -124.77 88.87 -19.14 89.39 -7.53 -11.15 -150.09 -4.19 -134.83
32.11 79.16 -11.57 -18.17 -124.34 86.07 -20.19 88.92 -9.80 -28.34 -139.01 -8.75 -135.62
32.12 78.83 -13.66 -21.45 -123.82 86.26 -22.65 88.48 -12.20 -26.55 -142.41 -13.24 -137.98
32.14 78.47 -15.60 -24.50 -123.25 86.57 -26.39 88.06 -14.97 -26.51 -176.60 -15.93 -144.68
32.16 78.03 -17.65 -27.72 -122.57 86.92 -30.16 87.66 -17.52 -24.06 -152.72 -18.52 -146.00
32.17 77.56 -19.61 -30.80 -121.83 84.04 -29.92 87.25 -19.81 -25.59 -143.19 -19.58 -146.58
32.19 77.04 -21.57 -33.87 -121.01 84.54 -35.01 86.88 -22.50 -22.68 -166.18 -20.36 -149.88
32.21 76.46 -23.53 -36.96 -120.11 84.41 -33.73 86.48 -24.69 -24.46 -134.71 -21.44 -149.30
32.22 75.84 -25.46 -40.00 -119.13 84.67 -36.29 86.10 -27.02 -23.39 -143.74 -22.44 -149.43
32.24 75.16 -27.42 -43.06 -118.05 87.88 -39.18 86.02 -29.27 -4.94 -136.69 -21.77 -148.53
32.26 74.44 -29.29 -46.01 -116.94 88.36 -43.14 85.97 -31.67 -3.19 -150.43 -20.97 -148.57
32.27 73.66 -31.22 -49.04 -115.70 82.67 -43.83 85.63 -34.03 -20.53 -142.47 -20.19 -148.91
32.29 72.83 -33.10 -52.00 -114.40 80.12 -46.17 85.02 -36.38 -37.57 -143.73 -21.29 -149.05
32.30 71.96 -34.95 -54.89 -113.04 80.44 -48.84 84.40 -38.63 -37.88 -138.65 -22.43 -145.25
32.32 71.02 -36.82 -57.84 -111.56 77.76 -49.86 83.49 -40.60 -54.91 -118.05 -25.51 -141.78
32.34 70.08 -38.58 -60.60 -110.09 82.40 -53.10 83.32 -42.92 -10.34 -146.28 -23.99 -142.09
32.35 69.09 -40.33 -63.36 -108.52 75.60 -54.97 82.43 -44.91 -55.55 -124.13 -27.28 -137.89
32.37 68.02 -42.10 -66.14 -106.85 81.51 -57.09 82.14 -47.25 -17.61 -142.14 -26.59 -138.63
32.39 66.92 -43.84 -68.86 -105.12 78.62 -56.71 81.54 -49.29 -37.03 -124.98 -27.95 -136.76
32.40 65.81 -45.49 -71.45 -103.38 75.69 -66.10 80.32 -51.98 -77.07 -170.15 -35.17 -140.10
32.42 64.62 -47.16 -74.08 -101.50 67.97 -59.49 78.28 -53.62 -124.48 -99.82 -47.30 -135.04
32.43 63.39 -48.81 -76.67 -99.57 71.43 -65.51 77.15 -55.78 -68.73 -132.64 -52.12 -134.06
32.45 62.12 -50.41 -79.18 -97.58 66.93 -62.12 75.84 -57.38 -81.03 -98.09 -56.46 -129.49
32.47 60.79 -52.01 -81.69 -95.48 63.37 -65.88 74.13 -59.08 -103.09 -102.87 -62.98 -125.92
32.48 59.47 -53.51 -84.05 -93.42 61.18 -69.87 72.47 -61.08 -104.64 -126.24 -67.96 -126.73
32.50 58.06 -55.04 -86.45 -91.20 60.85 -66.98 70.32 -62.47 -130.10 -83.74 -79.93 -120.48
32.52 56.61 -56.52 -88.79 -88.93 58.66 -70.99 68.62 -64.07 -102.43 -96.90 -84.62 -117.76
32.53 55.22 -57.89 -90.93 -86.74 58.83 -72.46 66.35 -65.61 -146.21 -99.09 -97.48 -113.45
32.55 53.69 -59.30 -93.16 -84.34 57.83 -75.26 64.27 -67.47 -125.50 -112.00 -106.33 -112.15
32.56 52.14 -60.68 -95.31 -81.90 51.38 -75.95 61.84 -68.45 -147.27 -59.70 -113.35 -101.11
32.58 50.62 -61.95 -97.31 -79.51 50.07 -75.80 60.05 -70.08 -113.60 -103.53 -112.26 -101.48
32.60 48.93 -63.29 -99.42 -76.86 47.91 -80.03 57.70 -71.53 -136.98 -84.57 -119.09 -96.67
32.61 47.36 -64.48 -101.28 -74.39 47.62 -77.01 55.77 -73.02 -123.07 -94.85 -123.29 -96.35
32.63 45.76 -65.62 -103.08 -71.88 41.36 -77.84 53.57 -74.22 -140.77 -76.53 -127.06 -93.72
32.64 44.12 -66.73 -104.82 -69.31 45.32 -79.74 51.98 -75.21 -100.80 -62.77 -126.67 -87.37
32.66 42.40 -67.84 -106.56 -66.61 39.31 -83.68 49.83 -76.88 -132.34 -102.59 -126.90 -89.25
32.68 40.68 -68.88 -108.20 -63.90 39.06 -80.61 47.87 -77.84 -122.16 -59.94 -128.87 -85.56
32.69 38.89 -69.91 -109.81 -61.09 34.03 -80.17 45.39 -78.61 -151.31 -47.04 -129.38 -80.35
32.71 37.07 -70.89 -111.36 -58.23 32.14 -89.27 42.82 -80.01 -155.75 -84.92 -132.40 -77.65
32.73 35.24 -71.82 -112.81 -55.36 29.24 -82.82 40.61 -80.70 -135.80 -42.15 -131.26 -75.89
32.74 33.43 -72.68 -114.17 -52.51 26.85 -84.18 38.28 -81.54 -145.18 -52.38 -134.42 -70.77
32.76 31.50 -73.54 -115.51 -49.49 24.30 -82.50 35.92 -81.78 -141.07 -14.77 -134.82 -63.79
32.77 29.60 -74.32 -116.75 -46.49 20.75 -85.36 33.24 -82.62 -163.63 -50.85 -138.88 -59.39
32.79 27.74 -75.04 -117.87 -43.58 21.98 -85.43 31.30 -83.38 -122.74 -48.02 -137.08 -56.54
32.81 25.83 -75.72 -118.93 -40.57 19.46 -83.76 28.71 -83.78 -160.03 -24.89 -143.00 -52.76
32.82 23.89 -76.35 -119.93 -37.53 17.07 -85.19 26.49 -83.93 -137.12 -9.32 -143.48 -43.43
32.84 21.94 -76.93 -120.84 -34.47 15.89 -86.69 24.17 -84.54 -143.16 -37.55 -145.58 -41.19
32.86 19.92 -77.48 -121.70 -31.30 14.67 -86.64 22.23 -85.18 -116.25 -38.85 -142.07 -40.37
32.87 17.96 -77.96 -122.45 -28.22 13.26 -79.03 20.34 -84.16 -117.62 63.77 -138.26 -25.50
32.89 15.98 -78.39 -123.13 -25.10 8.56 -86.48 18.28 -84.53 -128.09 -22.66 -137.49 -23.55
32.90 13.94 -78.78 -123.74 -21.90 7.34 -86.46 16.33 -84.75 -118.17 -13.80 -134.79 -19.70
32.92 11.92 -79.11 -124.26 -18.73 7.34 -86.46 14.63 -85.15 -103.93 -24.28 -131.07 -20.65
32.94 9.94 -79.38 -124.69 -15.61 4.91 -86.43 13.05 -85.26 -99.47 -6.73 -124.66 -16.23
32.95 7.93 -79.61 -125.04 -12.46 0.06 -83.36 10.86 -85.05 -136.22 12.85 -126.01 -10.15
32.97 5.83 -79.79 -125.33 -9.16 -2.39 -86.45 8.67 -85.32 -130.34 -16.02 -123.04 -9.26
32.99 3.84 -79.91 -125.52 -6.03 -3.60 -86.46 6.60 -85.45 -129.89 -8.01 -122.31 -9.13
33.00 1.76 -79.98 -125.63 -2.77 -4.78 -83.41 4.54 -85.12 -125.08 19.82 -120.51 -3.39
33.02 -0.23 -80.00 -125.66 0.36 -8.44 -85.03 2.23 -84.96 -146.01 10.21 -123.48 1.52
33.03 -2.29 -79.97 -125.61 3.59 -9.66 -85.07 -0.07 -85.56 -139.79 -36.82 -125.70 -8.54
33.05 -4.32 -79.88 -125.48 6.79 -10.88 -85.11 -2.01 -85.42 -119.89 8.48 -124.88 -5.43
33.07 -6.35 -79.75 -125.27 9.97 -9.66 -85.07 -3.71 -85.28 -105.29 8.64 -123.59 -3.19
33.08 -8.45 -79.55 -124.96 13.27 -14.55 -85.25 -5.90 -85.16 -130.65 7.20 -126.26 -0.04
33.10 -10.47 -79.31 -124.58 16.45 -14.50 -83.72 -7.84 -84.89 -119.57 16.72 -128.27 2.31
33.12 -12.47 -79.02 -124.13 19.59 -16.88 -82.31 -9.53 -84.79 -105.41 6.50 -125.19 1.67
33.13 -14.54 -78.67 -123.57 22.83 -19.40 -83.97 -11.24 -84.54 -102.10 14.87 -122.37 4.76
33.15 -16.51 -78.28 -122.96 25.94 -20.56 -82.51 -12.93 -84.15 -105.79 24.64 -119.96 8.03
33.16 -18.49 -77.83 -122.26 29.04 -21.79 -82.59 -14.63 -84.06 -105.44 5.11 -117.99 6.55
33.18 -20.46 -77.34 -121.49 32.13 -25.33 -79.82 -16.32 -83.54 -104.58 32.28 -113.85 8.76
33.20 -22.45 -76.79 -120.62 35.26 -27.71 -78.50 -18.13 -82.89 -109.81 39.92 -110.85 16.43
33.21 -24.38 -76.19 -119.68 38.30 -29.05 -80.09 -19.94 -82.38 -112.68 31.09 -110.13 18.70
33.23 -26.27 -75.56 -118.69 41.27 -32.59 -77.41 -22.24 -81.62 -144.72 48.30 -114.07 22.66
33.25 -28.20 -74.87 -117.60 44.29 -31.24 -75.84 -23.91 -80.68 -102.43 57.80 -111.25 27.72
33.26 -30.15 -74.10 -116.40 47.37 -35.10 -77.63 -25.97 -80.07 -123.22 36.40 -111.62 29.69
33.28 -32.07 -73.29 -115.13 50.37 -37.27 -73.45 -28.00 -79.18 -123.48 53.67 -113.42 34.41
33.29 -33.94 -72.44 -113.80 53.31 -39.92 -75.15 -30.06 -78.30 -125.42 53.89 -115.76 38.31
33.31 -35.72 -71.58 -112.44 56.11 -38.53 -73.57 -31.85 -77.41 -113.92 56.72 -116.57 41.52
33.33 -37.57 -70.63 -110.95 59.01 -42.34 -73.94 -33.91 -76.54 -124.52 52.41 -118.48 46.25
33.34 -39.36 -69.65 -109.40 61.82 -43.36 -71.16 -35.71 -75.68 -110.91 53.23 -119.11 48.34
33.36 -41.13 -68.62 -107.79 64.60 -45.79 -69.99 -37.52 -74.82 -110.85 52.22 -119.21 49.57
33.38 -42.81 -67.58 -106.16 67.25 -41.96 -69.61 -38.81 -73.78 -82.08 66.65 -116.15 53.13
33.39 -44.53 -66.46 -104.39 69.95 -51.99 -67.83 -40.75 -72.82 -118.69 58.64 -113.55 54.16
33.41 -46.28 -65.26 -102.50 72.70 -52.29 -70.71 -42.86 -72.30 -124.71 30.37 -115.78 51.42
33.42 -47.90 -64.07 -100.64 75.25 -53.16 -66.55 -44.66 -71.20 -112.92 69.30 -114.75 54.71
33.44 -49.48 -62.87 -98.75 77.72 -55.64 -65.43 -46.50 -70.39 -116.44 50.82 -114.05 54.43
33.46 -51.09 -61.56 -96.70 80.25 -55.35 -62.62 -48.04 -69.14 -93.63 76.05 -110.87 56.64
33.47 -52.69 -60.20 -94.56 82.77 -58.15 -64.33 -50.00 -68.22 -116.93 55.06 -111.17 56.48
33.49 -54.17 -58.87 -92.48 85.09 -59.02 -60.29 -51.67 -66.85 -105.74 86.53 -109.29 59.89
33.51 -55.67 -57.46 -90.25 87.44 -61.55 -59.21 -53.49 -65.66 -110.90 72.88 -109.29 61.85
33.52 -57.10 -56.03 -88.01 89.69 -62.59 -56.62 -55.17 -64.32 -104.42 83.10 -108.65 64.94
33.54 -58.52 -54.55 -85.69 91.92 -63.64 -54.05 -57.34 -62.76 -132.88 95.34 -113.73 67.81
33.56 -59.86 -53.07 -83.36 94.03 -66.20 -53.00 -58.76 -61.28 -89.21 93.09 -110.78 71.26
33.57 -61.25 -51.46 -80.83 96.22 -66.05 -51.66 -60.13 -59.38 -81.29 112.57 -106.44 79.47
33.59 -62.55 -49.87 -78.33 98.26 -67.12 -49.14 -61.53 -57.64 -85.43 106.51 -103.69 83.20
33.60 -63.75 -48.34 -75.93 100.13 -66.98 -47.81 -62.67 -55.87 -73.44 114.10 -99.39 89.52
33.62 -64.92 -46.74 -73.42 101.98 -70.95 -46.92 -64.23 -54.30 -98.87 99.47 -99.91 91.86
33.64 -66.10 -45.07 -70.80 103.82 -70.53 -42.99 -65.46 -52.17 -76.21 131.31 -95.84 99.49
33.65 -67.22 -43.38 -68.14 105.59 -72.05 -44.43 -66.77 -50.58 -80.53 98.00 -93.32 100.64
33.67 -68.29 -41.67 -65.45 107.28 -74.29 -39.51 -68.04 -48.61 -79.25 122.55 -90.15 105.60
33.68 -69.34 -39.89 -62.67 108.92 -77.10 -39.78 -69.49 -46.93 -88.58 102.77 -88.57 107.57
33.70 -70.32 -38.14 -59.91 110.46 -77.10 -39.78 -70.84 -45.50 -84.27 89.34 -83.71 106.97
33.72 -71.28 -36.32 -57.05 111.97 -76.70 -35.92 -71.89 -43.80 -64.11 104.28 -81.20 108.09
33.73 -72.20 -34.45 -54.12 113.41 -76.45 -33.38 -72.93 -41.97 -62.75 110.25 -79.35 107.86
33.75 -73.04 -32.63 -51.26 114.73 -79.16 -32.36 -74.13 -40.29 -75.48 105.24 -78.35 107.73
33.77 -73.85 -30.76 -48.32 116.00 -78.92 -29.83 -75.33 -38.49 -73.54 110.74 -78.36 107.39
33.78 -74.62 -28.84 -45.31 117.21 -82.88 -26.41 -76.52 -36.44 -72.59 124.84 -75.73 109.93
33.80 -75.34 -26.91 -42.28 118.34 -84.22 -25.27 -77.89 -34.67 -83.56 108.20 -76.47 107.62
33.81 -75.99 -25.02 -39.30 119.36 -83.91 -21.53 -79.07 -32.38 -74.28 143.41 -75.84 112.16
33.83 -76.61 -23.05 -36.20 120.34 -84.01 -22.77 -80.05 -30.70 -59.18 101.84 -73.83 110.09
33.85 -77.17 -21.10 -33.15 121.21 -86.55 -18.02 -80.99 -28.53 -58.72 135.28 -70.85 113.34
33.86 -77.68 -19.11 -30.02 122.02 -83.47 -15.40 -81.63 -26.09 -38.94 148.97 -66.31 119.30
33.88 -78.17 -17.00 -26.71 122.79 -83.26 -11.75 -82.28 -23.67 -38.03 140.18 -63.71 122.90
33.90 -78.59 -14.98 -23.53 123.44 -83.19 -10.55 -82.96 -21.39 -40.98 138.90 -61.53 125.76
33.91 -78.93 -13.07 -20.53 123.98 -83.02 -6.94 -83.34 -18.85 -25.03 164.96 -56.48 131.73
33.93 -79.24 -11.01 -17.30 124.47 -88.72 -4.74 -84.32 -16.34 -59.11 151.48 -55.04 135.81
33.94 -79.49 -9.04 -14.21 124.86 -85.74 -3.44 -84.61 -14.04 -18.12 145.46 -49.59 137.87
33.96 -79.69 -7.01 -11.01 125.18 -85.70 -2.24 -84.76 -11.74 -9.09 141.64 -42.15 141.21
33.98 -79.84 -4.98 -7.82 125.42 -88.51 1.29 -85.22 -9.45 -28.33 140.70 -37.55 140.94
33.99 -79.95 -2.96 -4.66 125.58 -88.48 2.49 -85.66 -6.93 -27.81 157.38 -34.42 146.49
34.01 -79.99 -0.90 -1.41 125.66 -88.41 6.08 -85.85 -4.52 -11.31 146.71 -29.67 147.64
34.03 -79.99 1.15 1.81 125.65 -88.39 7.28 -86.34 -2.25 -30.05 138.61 -28.79 146.60
34.04 -79.94 3.20 5.03 125.56 -91.33 9.65 -87.15 -0.11 -49.55 131.33 -29.94 145.72
34.06 -79.83 5.22 8.20 125.40 -88.36 12.06 -87.66 2.15 -32.11 140.40 -29.05 145.87
34.07 -79.67 7.27 11.41 125.14 -85.46 14.44 -87.91 4.29 -14.98 131.07 -28.05 142.48
34.09 -79.46 9.31 14.62 124.81 -85.48 16.81 -87.59 6.44 19.80 131.87 -20.16 140.52
34.11 -79.20 11.32 17.78 124.40 -85.50 18.00 -87.56 8.59 1.53 132.99 -18.19 139.27
34.12 -78.89 13.31 20.91 123.91 -88.51 22.83 -87.84 11.09 -17.53 156.33 -19.03 140.74
34.14 -78.52 15.32 24.07 123.34 -85.66 25.16 -87.56 13.48 17.45 146.55 -14.46 141.32
34.16 -78.09 17.37 27.28 122.67 -85.70 26.36 -87.28 15.87 16.67 143.51 -10.01 139.94
34.17 -77.62 19.37 30.42 121.93 -85.85 29.96 -87.02 18.26 15.67 146.16 -7.31 139.88
34.19 -77.11 21.31 33.47 121.12 -83.02 31.06 -86.49 20.63 33.61 148.88 -0.94 140.91
34.20 -76.52 23.34 36.67 120.19 -86.02 33.58 -85.96 23.03 31.50 141.82 7.16 141.96
34.22 -75.92 25.22 39.61 119.26 -86.02 33.58 -85.72 25.18 14.99 137.75 11.87 141.69
34.24 -75.22 27.23 42.77 118.16 -83.41 38.30 -85.52 27.57 12.12 140.90 14.58 142.68
34.25 -74.55 29.03 45.60 117.10 -83.56 40.74 -85.32 29.96 12.51 156.06 13.85 145.09
34.27 -73.75 31.01 48.71 115.84 -80.71 40.58 -84.85 32.22 28.15 132.73 16.52 145.07
34.29 -72.97 32.80 51.52 114.62 -81.15 46.70 -84.11 34.60 47.48 153.87 23.02 144.82
34.30 -72.08 34.71 54.52 113.22 -81.24 47.94 -83.67 36.88 26.35 135.81 23.91 143.75
34.32 -71.18 36.51 57.35 111.81 -78.41 47.74 -82.94 39.02 45.53 133.53 26.79 142.75
34.33 -70.24 38.29 60.14 110.34 -77.11 48.88 -82.06 40.91 54.60 118.22 30.68 139.96
34.35 -69.22 40.10 62.99 108.74 -78.82 52.71 -81.64 43.07 25.36 130.75 29.86 138.14
34.37 -68.17 41.87 65.76 107.08 -73.26 52.29 -80.37 44.94 78.01 114.33 34.51 135.40
34.38 -67.10 43.56 68.43 105.40 -75.07 57.39 -79.27 47.33 68.59 149.12 39.87 136.53
34.40 -65.91 45.34 71.22 103.54 -73.57 56.02 -78.29 49.10 57.89 104.32 44.45 132.88
34.42 -64.76 46.97 73.78 101.73 -73.92 59.80 -77.33 51.00 60.71 120.01 49.27 129.27
34.43 -63.55 48.60 76.34 99.82 -69.81 59.45 -76.24 52.89 67.43 116.78 53.20 127.67
34.45 -62.33 50.15 78.78 97.90 -68.68 61.87 -74.99 54.41 79.11 96.28 56.36 121.92
34.46 -60.97 51.80 81.37 95.76 -67.34 61.75 -73.60 55.79 81.85 81.32 61.91 116.47
34.48 -59.66 53.30 83.72 93.72 -65.01 65.33 -72.26 57.55 84.78 111.30 65.83 114.24
34.50 -58.25 54.84 86.14 91.50 -66.35 65.45 -71.18 59.21 64.74 99.71 66.85 112.39
34.51 -56.84 56.29 88.43 89.29 -65.01 65.33 -69.80 60.47 85.66 78.32 72.88 107.15
34.53 -55.39 57.72 90.67 87.01 -64.04 69.07 -68.88 62.15 56.94 103.72 70.77 106.09
34.55 -53.90 59.12 92.86 84.66 -60.20 70.00 -67.39 63.41 91.31 77.45 73.04 98.92
34.56 -52.36 60.48 95.00 82.25 -59.02 71.18 -65.94 64.92 89.11 92.78 76.17 97.77
34.58 -50.83 61.78 97.04 79.84 -59.26 73.79 -64.47 66.32 91.54 87.32 79.25 94.50
34.59 -49.25 63.05 99.03 77.36 -55.14 70.83 -63.01 67.46 90.98 70.58 81.60 89.88
34.61 -47.59 64.31 101.02 74.75 -54.19 74.62 -61.56 68.73 87.35 76.85 82.43 87.94
34.63 -46.07 65.41 102.74 72.36 -51.86 77.01 -60.01 70.26 103.80 102.38 84.62 90.04
34.64 -44.37 66.57 104.56 69.70 -48.17 78.00 -58.32 71.53 103.06 77.52 86.45 86.66
34.66 -42.66 67.67 106.30 67.02 -48.28 79.32 -56.52 72.92 111.55 85.65 91.13 85.26
34.67 -40.93 68.74 107.98 64.29 -45.77 79.11 -54.59 74.29 118.55 84.86 94.42 85.91
34.69 -39.11 69.79 109.62 61.43 -44.62 80.33 -52.65 75.42 116.36 67.47 100.36 82.29
34.71 -37.37 70.73 111.11 58.71 -42.34 82.80 -50.86 76.70 113.63 81.39 102.59 82.68
34.72 -35.53 71.68 112.59 55.82 -40.06 85.29 -48.97 78.11 115.24 85.81 105.21 81.98
34.74 -33.66 72.58 114.00 52.87 -36.27 83.66 -46.67 79.10 138.83 59.64 109.93 79.21
34.76 -31.80 73.41 115.31 49.95 -33.92 84.83 -44.55 80.50 131.03 86.43 113.94 80.80
34.77 -29.92 74.19 116.54 47.00 -31.58 86.01 -42.29 81.64 139.66 70.39 119.17 80.15
34.79 -28.00 74.94 117.72 43.98 -32.88 87.45 -40.39 82.68 115.53 63.52 120.34 76.27
34.80 -26.10 75.62 118.79 41.00 -28.04 87.14 -38.38 83.59 125.50 56.95 122.59 74.21
34.82 -24.14 76.27 119.81 37.92 -26.84 87.06 -36.23 84.37 130.30 47.04 124.46 70.35
34.84 -22.22 76.85 120.72 34.90 -23.32 88.22 -33.99 85.28 140.54 57.05 126.66 67.57
34.85 -20.25 77.40 121.57 31.80 -20.94 88.10 -31.62 86.06 145.53 47.77 129.58 65.60
34.87 -18.32 77.87 122.33 28.77 -17.39 87.95 -29.12 86.57 157.69 32.57 133.98 60.72
34.89 -16.19 78.35 123.06 25.43 -18.52 86.65 -26.97 86.71 124.08 7.83 134.87 52.92
34.90 -14.25 78.72 123.65 22.38 -12.72 89.14 -24.61 87.26 149.86 34.86 135.97 50.44
34.92 -12.23 79.06 124.19 19.21 -11.58 90.47 -22.38 87.82 137.11 34.59 136.58 45.26
34.93 -10.23 79.34 124.63 16.08 -8.04 89.02 -20.03 88.12 146.82 18.73 137.30 40.09
34.95 -8.17 79.58 125.01 12.83 -8.06 90.38 -17.54 88.41 149.82 17.65 140.72 35.50
34.97 -6.15 79.76 125.29 9.66 -4.55 90.31 -15.20 88.73 145.62 19.70 142.74 31.78
34.98 -4.15 79.89 125.49 6.52 -2.22 91.66 -12.73 89.19 154.66 28.85 145.17 29.96
35.00 -2.10 79.97 125.62 3.30 1.29 91.64 -10.27 89.53 150.78 20.92 146.20 26.35
35.02 -0.07 80.00 125.66 0.11 1.29 93.02 -8.05 90.02 137.23 30.33 145.37 24.60
35.03 1.95 79.98 125.63 -3.07 4.80 91.65 -5.83 90.39 137.93 22.97 143.39 23.64
35.05 4.02 79.90 125.50 -6.32 7.14 91.67 -3.26 90.89 155.67 30.42 146.55 25.90
35.06 6.10 79.77 125.30 -9.59 9.49 91.70 -1.04 91.15 133.98 15.44 144.96 23.96
35.08 8.12 79.59 125.01 -12.76 10.66 91.72 1.18 91.27 138.03 7.77 145.05 21.28
35.10 10.13 79.36 124.65 -15.92 14.13 89.07 3.40 91.28 137.37 0.30 144.11 19.44
35.11 12.18 79.07 124.20 -19.14 18.87 90.57 6.09 91.30 163.50 1.19 145.48 17.79
35.13 14.36 78.70 123.62 -22.56 18.83 89.21 8.43 91.19 133.14 -6.30 144.23 15.19
35.15 16.22 78.34 123.05 -25.48 21.14 87.94 10.76 90.82 155.01 -24.66 144.26 9.84
35.16 18.25 77.89 122.35 -28.67 25.76 85.46 13.21 90.20 147.65 -37.30 143.95 4.02
35.18 20.18 77.41 121.60 -31.69 25.76 85.46 15.66 89.44 155.10 -47.92 145.74 -3.81
35.19 22.12 76.88 120.76 -34.75 29.32 85.64 18.11 88.84 152.63 -37.41 147.21 -9.85
35.21 24.04 76.30 119.86 -37.76 28.07 84.24 20.20 88.10 131.33 -46.61 144.77 -17.55
35.23 26.05 75.64 118.82 -40.91 30.45 84.36 22.30 87.37 124.68 -43.63 143.84 -23.46
35.24 27.92 74.97 117.76 -43.86 32.70 81.85 24.50 86.38 139.06 -62.29 143.95 -30.46
35.26 29.82 74.24 116.61 -46.84 37.35 79.51 26.82 85.42 143.51 -59.06 144.56 -36.40
35.28 31.73 73.44 115.36 -49.84 39.76 79.67 28.91 84.33 126.65 -66.12 140.87 -43.13
35.29 33.59 72.60 114.05 -52.77 42.19 79.83 31.25 83.39 143.84 -57.70 141.95 -48.27
35.31 35.45 71.72 112.65 -55.69 41.94 75.93 33.33 82.19 127.06 -73.39 139.15 -53.14
35.32 37.28 70.78 111.19 -58.55 44.37 76.09 35.19 81.26 114.03 -57.37 135.79 -55.15
35.34 39.03 69.83 109.69 -61.31 46.73 74.98 37.29 80.21 132.12 -66.02 133.49 -56.96
35.36 40.86 68.78 108.04 -64.18 49.02 72.58 39.26 78.90 117.16 -77.64 129.94 -60.98
35.37 42.56 67.74 106.40 -66.86 51.31 70.21 41.58 77.50 146.49 -88.40 131.46 -65.16
35.39 44.32 66.60 104.62 -69.61 56.03 66.79 44.14 75.74 153.85 -105.71 134.38 -71.37
35.41 45.97 65.48 102.85 -72.20 53.52 66.61 46.22 74.22 130.96 -95.83 133.57 -74.72
35.42 47.64 64.27 100.95 -74.83 58.46 65.72 48.33 72.84 128.51 -83.93 132.07 -77.21
35.44 49.35 62.96 98.90 -77.53 60.81 63.41 50.44 71.22 122.70 -94.79 131.67 -80.08
35.45 50.84 61.77 97.03 -79.86 63.28 62.35 52.55 69.47 139.18 -115.41 131.21 -85.85
35.47 52.42 60.43 94.93 -82.34 65.87 62.55 54.94 68.13 145.31 -81.19 133.03 -86.63
35.49 53.93 59.09 92.82 -84.71 68.09 57.76 57.31 66.30 147.28 -113.83 136.36 -92.28
35.50 55.46 57.65 90.56 -87.12 67.99 56.53 59.44 64.45 127.40 -110.56 135.88 -96.73
35.52 56.86 56.28 88.40 -89.31 70.44 54.25 61.58 62.62 137.28 -117.49 137.90 -100.72
35.54 58.33 54.75 86.01 -91.62 70.35 53.02 63.48 60.90 113.08 -102.12 134.55 -102.09
35.55 59.68 53.28 83.69 -93.74 72.91 51.98 65.17 59.42 106.02 -92.99 129.77 -100.82
35.57 61.01 51.74 81.28 -95.84 72.74 49.54 67.09 57.71 118.73 -105.49 128.55 -101.78
35.59 62.30 50.19 78.84 -97.86 75.25 47.28 68.77 55.87 104.60 -114.92 126.16 -104.88
35.60 63.60 48.53 76.23 -99.90 75.01 43.65 70.19 53.89 84.42 -117.42 122.33 -107.14
35.62 64.79 46.93 73.72 -101.77 77.56 41.39 71.62 51.80 90.30 -132.47 117.44 -108.85
35.63 65.90 45.35 71.23 -103.52 80.23 40.34 73.06 49.57 93.10 -144.13 112.22 -115.14
35.65 67.02 43.68 68.62 -105.28 80.15 39.13 74.26 47.71 75.56 -116.66 105.05 -115.42
35.66 68.14 41.92 65.85 -107.03 82.73 35.67 75.74 45.62 88.69 -125.58 101.18 -116.93
35.68 69.17 40.19 63.13 -108.65 82.61 33.27 76.95 43.53 76.00 -130.99 95.05 -118.28
35.70 70.17 38.41 60.34 -110.23 85.35 32.19 78.45 41.44 92.42 -128.29 92.98 -120.89
35.71 71.15 36.58 57.45 -111.76 85.25 29.80 79.69 39.23 74.56 -134.04 89.84 -125.00
35.73 72.06 34.76 54.60 -113.18 82.37 27.33 80.65 37.01 59.55 -137.25 83.92 -128.18
35.75 72.94 32.85 51.61 -114.58 85.12 26.23 81.64 34.90 59.06 -125.89 79.37 -129.27
35.76 73.74 31.02 48.72 -115.83 87.88 23.92 82.93 32.93 80.88 -123.95 79.01 -129.93
35.78 74.51 29.13 45.75 -117.04 87.85 22.73 83.95 31.06 63.27 -114.75 76.31 -128.16
35.79 75.23 27.22 42.76 -118.16 82.19 20.27 84.15 29.05 12.12 -124.07 68.21 -126.15
35.81 75.88 25.33 39.79 -119.20 90.66 19.21 85.20 27.06 65.82 -124.88 67.24 -126.97
35.83 76.52 23.35 36.67 -120.19 90.60 14.44 85.99 24.94 47.52 -128.11 63.12 -127.22
35.84 77.08 21.42 33.65 -121.07 90.60 14.44 86.79 23.06 50.09 -118.04 60.53 -125.93
35.86 77.61 19.42 30.50 -121.91 90.59 12.06 87.31 21.04 31.76 -122.10 54.46 -125.31
35.88 78.08 17.43 27.38 -122.64 90.59 10.87 87.84 19.15 32.90 -116.58 50.30 -123.56
35.89 78.50 15.43 24.24 -123.30 87.73 8.51 88.38 17.27 32.93 -115.68 47.63 -121.41
35.91 78.86 13.44 21.11 -123.88 90.62 7.29 88.93 15.37 34.15 -117.60 45.14 -120.58
35.93 79.19 11.36 17.84 -124.39 90.65 4.91 89.21 13.47 16.50 -113.25 38.71 -119.51
35.94 79.45 9.39 14.75 -124.79 90.68 3.72 89.49 11.57 17.92 -120.63 34.17 -120.09
35.96 79.66 7.38 11.59 -125.13 90.73 1.32 90.34 9.68 52.98 -117.41 38.26 -119.43
35.97 79.83 5.28 8.30 -125.39 90.80 -1.07 90.36 7.65 0.88 -121.30 31.76 -119.07
35.99 79.93 3.25 5.10 -125.56 87.92 -1.00 90.09 6.11 -16.55 -95.22 25.36 -115.78
36.01 79.99 1.21 1.90 -125.65 90.93 -4.68 90.12 4.19 2.07 -117.79 20.55 -115.76
36.02 80.00 -0.88 -1.37 -125.66 91.04 -7.09 90.17 2.28 2.71 -115.43 17.65 -115.09
36.04 79.95 -2.87 -4.50 -125.58 88.14 -6.98 89.92 0.49 -15.46 -112.62 12.81 -114.69
36.06 79.85 -4.94 -7.76 -125.42 91.30 -11.95 90.28 -1.55 21.61 -123.78 11.68 -115.50
36.07 79.69 -7.07 -11.11 -125.17 88.46 -13.02 90.07 -3.58 -12.68 -119.25 7.00 -115.67
36.09 79.49 -8.99 -14.11 -124.87 88.61 -15.46 89.86 -5.62 -13.37 -133.30 4.01 -117.67
36.10 79.24 -11.00 -17.27 -124.47 83.15 -18.79 89.11 -7.87 -46.66 -139.58 -2.45 -119.57
36.12 78.93 -13.06 -20.51 -123.98 83.32 -21.23 88.37 -10.13 -44.63 -135.93 -12.21 -121.42
36.14 78.57 -15.04 -23.63 -123.42 89.06 -21.61 88.19 -12.18 -10.87 -127.94 -13.38 -122.08
36.15 78.17 -17.03 -26.75 -122.78 83.61 -24.93 87.76 -14.57 -26.70 -148.43 -14.40 -127.40
36.17 77.71 -18.99 -29.83 -122.07 86.57 -26.39 87.33 -16.74 -27.21 -135.41 -17.32 -129.17
36.19 77.20 -20.98 -32.96 -121.26 84.04 -29.92 86.63 -19.03 -42.74 -139.45 -21.87 -131.57
36.20 76.62 -22.99 -36.12 -120.36 81.56 -33.48 85.97 -21.68 -39.56 -159.30 -24.28 -136.24
36.22 76.03 -24.90 -39.11 -119.42 83.11 -34.87 85.15 -23.97 -51.54 -144.22 -31.60 -138.28
36.23 75.38 -26.80 -42.10 -118.40 84.81 -37.58 84.78 -26.43 -22.78 -153.37 -32.61 -141.69
36.25 74.65 -28.76 -45.17 -117.26 82.51 -42.51 84.18 -29.13 -36.79 -163.22 -34.95 -144.68
36.27 73.87 -30.70 -48.23 -116.04 82.22 -39.89 84.08 -31.24 -5.60 -126.66 -30.84 -143.39
36.28 73.09 -32.52 -51.08 -114.81 80.12 -46.17 83.76 -33.74 -20.38 -158.37 -28.42 -145.63
36.30 72.24 -34.37 -53.99 -113.47 81.71 -47.66 83.03 -36.34 -45.23 -160.33 -31.85 -148.87
36.32 71.32 -36.24 -56.92 -112.03 79.01 -48.68 82.57 -38.72 -27.84 -143.82 -31.97 -148.41
36.33 70.37 -38.06 -59.78 -110.53 72.20 -49.25 81.13 -41.00 -87.70 -139.49 -38.02 -148.82
36.35 69.38 -39.83 -62.56 -108.98 76.84 -53.77 80.41 -43.39 -44.66 -147.93 -38.21 -149.67
36.36 68.28 -41.69 -65.49 -107.25 74.04 -53.44 79.66 -45.38 -43.63 -115.77 -38.62 -145.32
36.38 67.28 -43.28 -67.98 -105.69 69.01 -56.89 78.25 -47.58 -94.75 -148.03 -42.94 -145.70
36.40 66.12 -45.03 -70.74 -103.86 67.81 -58.11 76.55 -49.64 -101.36 -122.38 -50.80 -142.60
36.41 64.97 -46.68 -73.33 -102.05 67.97 -59.49 75.09 -51.34 -90.92 -106.17 -56.21 -136.89
36.43 63.76 -48.32 -75.90 -100.15 64.07 -60.41 73.28 -53.39 -111.96 -126.57 -66.84 -136.89
36.45 62.46 -49.98 -78.51 -98.12 63.20 -64.45 71.59 -55.22 -100.86 -109.06 -74.89 -131.96
36.46 61.16 -51.57 -81.00 -96.07 60.69 -65.55 69.48 -57.01 -128.77 -109.61 -83.25 -126.88
36.48 59.85 -53.09 -83.39 -94.01 60.85 -66.98 67.67 -58.84 -113.79 -114.64 -91.84 -123.97
36.49 58.51 -54.56 -85.70 -91.91 55.86 -69.23 66.03 -60.83 -103.07 -126.06 -93.38 -122.62
36.51 57.10 -56.03 -88.01 -89.69 53.39 -70.38 63.69 -62.49 -144.65 -102.44 -103.38 -118.07
36.53 55.57 -57.55 -90.41 -87.28 52.38 -73.14 61.52 -64.46 -125.81 -114.48 -111.59 -117.94
36.54 54.10 -58.93 -92.57 -84.98 52.38 -73.14 59.86 -66.09 -103.88 -101.51 -112.51 -113.29
36.56 52.58 -60.30 -94.71 -82.59 48.92 -77.15 57.97 -67.99 -115.98 -116.91 -113.97 -112.75
36.58 51.05 -61.59 -96.75 -80.19 46.34 -76.87 55.81 -69.73 -135.70 -108.98 -118.45 -113.03
36.59 49.45 -62.89 -98.78 -77.68 47.77 -78.51 54.18 -71.54 -99.73 -110.70 -117.22 -111.44
36.61 47.86 -64.11 -100.70 -75.17 42.75 -79.47 52.13 -73.04 -127.91 -93.93 -119.93 -109.93
36.62 46.27 -65.26 -102.52 -72.67 42.89 -80.99 50.35 -74.59 -113.76 -98.63 -118.43 -108.83
36.64 44.61 -66.41 -104.31 -70.08 39.18 -82.14 48.19 -76.10 -135.41 -94.73 -120.59 -106.84
36.66 42.91 -67.52 -106.06 -67.40 39.31 -83.68 46.53 -77.55 -102.19 -89.18 -120.50 -103.15
36.67 41.07 -68.65 -107.84 -64.51 39.18 -82.14 45.11 -78.72 -82.79 -68.52 -114.32 -99.76
36.69 39.41 -69.62 -109.36 -61.90 35.39 -81.79 43.41 -79.59 -110.86 -56.42 -112.82 -93.95
36.70 37.59 -70.62 -110.92 -59.05 32.98 -83.11 41.47 -80.58 -117.96 -60.61 -114.23 -89.86
36.72 35.78 -71.55 -112.39 -56.21 31.83 -84.55 39.76 -81.32 -105.37 -45.62 -113.17 -82.73
36.74 33.96 -72.44 -113.78 -53.34 29.33 -84.36 38.06 -82.07 -105.22 -46.34 -110.12 -76.47
36.75 32.05 -73.30 -115.14 -50.35 29.42 -85.91 36.23 -82.81 -110.26 -44.47 -111.17 -69.85
36.77 30.24 -74.07 -116.34 -47.50 26.93 -85.73 34.64 -83.44 -100.98 -39.93 -108.48 -64.45
36.79 28.29 -74.83 -117.54 -44.44 24.60 -88.70 32.82 -84.21 -109.87 -46.36 -108.09 -59.22
36.80 26.40 -75.52 -118.63 -41.46 20.81 -86.91 30.98 -84.69 -114.43 -29.75 -105.99 -52.72
36.82 24.47 -76.17 -119.64 -38.43 20.81 -86.91 29.13 -85.01 -114.19 -19.98 -107.19 -45.80
36.83 22.55 -76.76 -120.57 -35.42 18.40 -88.36 27.05 -85.63 -130.43 -39.07 -111.96 -42.86
36.85 20.51 -77.33 -121.47 -32.21 18.40 -88.36 25.35 -86.29 -100.45 -38.85 -110.92 -41.10
36.87 18.56 -77.82 -122.24 -29.15 14.71 -88.21 23.53 -86.80 -114.42 -31.93 -110.56 -38.23
36.88 16.60 -78.26 -122.93 -26.08 14.75 -89.79 21.82 -87.33 -106.99 -32.84 -110.72 -36.95
36.90 14.58 -78.66 -123.56 -22.91 11.06 -89.67 19.99 -87.86 -111.60 -32.48 -111.36 -35.57
36.92 12.58 -79.00 -124.10 -19.77 9.83 -89.64 18.03 -88.23 -121.22 -23.11 -112.46 -33.43
36.93 10.52 -79.31 -124.57 -16.52 7.36 -88.02 16.08 -88.46 -117.81 -13.79 -114.14 -30.82
36.95 8.53 -79.54 -124.95 -13.40 6.14 -88.00 14.23 -88.39 -115.71 4.40 -114.73 -25.74
36.97 6.46 -79.74 -125.25 -10.14 2.48 -87.98 12.40 -88.50 -110.75 -6.43 -114.36 -23.41
36.98 4.22 -79.89 -125.49 -6.62 2.48 -87.98 10.56 -88.60 -102.55 -5.96 -113.19 -22.01
37.00 2.35 -79.97 -125.61 -3.69 -1.17 -86.43 8.61 -88.41 -131.68 12.96 -113.32 -16.80
37.01 0.28 -80.00 -125.66 -0.44 -4.84 -88.05 6.28 -88.38 -141.08 1.92 -117.38 -12.73
37.03 -1.76 -79.98 -125.63 2.77 -6.04 -86.51 4.21 -88.21 -127.65 10.45 -118.70 -8.49
37.05 -3.82 -79.91 -125.52 6.01 -8.48 -86.57 1.88 -87.89 -141.60 19.60 -122.17 -3.24
37.06 -5.81 -79.79 -125.33 9.13 -10.88 -85.11 -0.31 -87.43 -138.44 28.81 -124.85 2.88
37.08 -7.80 -79.62 -125.06 12.26 -12.10 -85.15 -2.51 -86.98 -137.89 28.24 -126.52 8.02
37.09 -9.84 -79.39 -124.71 15.46 -13.38 -86.75 -4.58 -86.85 -126.99 7.77 -127.43 10.18
37.11 -11.88 -79.11 -124.27 18.66 -18.24 -85.44 -7.02 -86.60 -149.26 15.69 -130.79 11.31
37.13 -13.90 -78.78 -123.75 21.83 -20.63 -84.04 -9.33 -86.20 -141.69 24.13 -133.88 14.36
37.14 -15.94 -78.40 -123.14 25.03 -21.79 -82.59 -11.76 -85.66 -147.09 32.66 -138.34 18.22
37.16 -17.94 -77.96 -122.46 28.18 -26.66 -81.41 -14.30 -85.16 -156.44 30.83 -140.81 20.01
37.18 -19.93 -77.48 -121.70 31.30 -26.66 -81.41 -16.49 -84.50 -133.94 40.74 -140.10 23.89
37.19 -21.86 -76.96 -120.88 34.33 -29.05 -80.09 -18.79 -83.86 -144.64 40.34 -141.80 26.88
37.21 -23.82 -76.37 -119.96 37.42 -31.55 -80.30 -21.09 -83.23 -141.39 38.47 -141.78 28.77
37.23 -25.74 -75.75 -118.98 40.43 -33.84 -77.52 -23.39 -82.47 -143.26 47.33 -142.26 30.62
37.24 -27.69 -75.06 -117.90 43.49 -31.34 -77.31 -25.31 -81.69 -116.64 47.55 -140.14 32.55
37.26 -29.61 -74.32 -116.74 46.51 -37.63 -77.87 -27.74 -80.80 -148.33 54.33 -142.27 37.21
37.27 -31.47 -73.55 -115.53 49.44 -41.19 -75.28 -30.03 -79.78 -142.94 63.27 -141.64 41.96
37.29 -33.42 -72.69 -114.17 52.50 -41.19 -75.28 -32.09 -78.91 -121.25 51.67 -139.59 44.72
37.31 -35.22 -71.83 -112.83 55.32 -44.91 -74.21 -34.40 -78.07 -145.97 52.91 -139.48 46.74
37.32 -37.02 -70.92 -111.40 58.16 -48.66 -73.17 -36.60 -77.24 -136.54 51.12 -137.49 48.77
37.34 -38.82 -69.95 -109.88 60.98 -48.66 -73.17 -38.80 -76.42 -135.76 50.82 -137.67 49.78
37.35 -40.57 -68.95 -108.30 63.73 -49.82 -71.86 -40.88 -75.60 -129.07 51.16 -136.12 50.86
37.37 -42.33 -67.88 -106.63 66.49 -50.69 -67.68 -42.79 -74.34 -117.08 77.19 -133.68 54.74
37.39 -44.03 -66.79 -104.92 69.16 -53.31 -67.98 -44.74 -73.38 -121.21 59.43 -131.48 55.95
37.40 -45.77 -65.61 -103.06 71.90 -56.12 -69.74 -47.22 -72.62 -147.80 45.17 -134.59 55.71
37.42 -47.39 -64.45 -101.24 74.45 -58.31 -65.75 -49.29 -71.41 -130.36 76.41 -132.80 57.92
37.44 -49.02 -63.22 -99.31 77.00 -58.47 -67.18 -51.01 -70.60 -106.70 50.03 -129.17 56.59
37.45 -50.66 -61.92 -97.26 79.57 -58.31 -65.75 -52.73 -69.65 -102.71 57.20 -127.32 57.14
37.47 -52.20 -60.62 -95.22 82.00 -60.52 -61.83 -54.29 -68.41 -97.10 77.01 -122.43 59.55
37.48 -53.72 -59.28 -93.11 84.39 -62.20 -64.82 -55.64 -67.58 -83.78 51.69 -117.16 59.61
37.50 -55.19 -57.92 -90.98 86.69 -64.26 -59.53 -57.20 -66.21 -98.11 85.83 -113.39 63.11
37.52 -56.65 -56.48 -88.72 88.99 -67.54 -64.11 -58.97 -65.44 -108.56 47.48 -111.34 62.74
37.53 -58.11 -54.98 -86.37 91.28 -66.51 -55.72 -60.55 -64.24 -95.13 71.93 -109.15 62.22
37.55 -59.54 -53.44 -83.94 93.52 -65.14 -55.56 -61.74 -63.00 -70.79 74.25 -104.10 63.70
37.57 -60.86 -51.92 -81.56 95.60 -67.89 -55.88 -62.91 -61.61 -73.35 86.39 -96.66 67.82
37.58 -62.17 -50.35 -79.09 97.65 -71.41 -50.92 -64.22 -60.13 -80.73 91.35 -91.70 69.32
37.60 -63.47 -48.70 -76.49 99.70 -70.02 -50.77 -65.38 -58.49 -68.81 97.82 -87.91 74.09
37.61 -64.64 -47.13 -74.03 101.54 -71.10 -48.25 -66.66 -56.74 -82.11 112.34 -85.85 79.61
37.63 -65.77 -45.54 -71.54 103.32 -72.49 -48.40 -67.86 -55.39 -77.26 86.66 -83.86 80.57
37.65 -66.92 -43.84 -68.86 105.12 -73.59 -45.90 -69.00 -53.50 -69.61 115.66 -82.45 86.97
37.66 -68.02 -42.10 -66.14 106.85 -77.54 -43.71 -70.32 -51.92 -81.30 96.88 -80.77 88.08
37.68 -69.04 -40.42 -63.48 108.45 -74.03 -36.95 -70.97 -49.20 -41.35 173.13 -74.04 100.64
37.70 -70.04 -38.66 -60.72 110.02 -76.96 -38.49 -72.02 -47.48 -64.98 107.10 -71.03 104.16
37.71 -71.03 -36.81 -57.82 111.57 -78.11 -36.05 -73.31 -45.53 -77.82 117.05 -71.73 108.44
37.73 -71.94 -34.99 -54.97 113.01 -77.86 -33.50 -74.31 -43.29 -61.56 138.07 -70.55 113.61
37.74 -72.82 -33.13 -52.04 114.38 -80.59 -32.48 -75.23 -41.45 -56.07 112.66 -68.09 115.74
37.76 -73.62 -31.31 -49.18 115.64 -80.46 -31.21 -76.27 -39.49 -65.85 123.26 -67.79 118.28
37.78 -74.41 -29.38 -46.16 116.88 -80.12 -27.44 -77.18 -37.41 -54.59 125.92 -65.04 119.64
37.79 -75.12 -27.51 -43.21 118.00 -81.44 -26.30 -78.07 -35.20 -55.91 138.10 -62.90 124.78
37.81 -75.81 -25.55 -40.14 119.08 -81.14 -22.58 -78.83 -32.87 -45.83 141.64 -60.53 127.38
37.83 -76.45 -23.56 -37.00 120.09 -79.62 -21.25 -79.03 -30.63 -12.50 134.44 -53.65 131.14
37.84 -77.01 -21.65 -34.01 120.97 -80.86 -18.89 -79.72 -28.82 -43.29 114.35 -53.84 125.26
37.86 -77.54 -19.70 -30.95 121.79 -83.55 -16.62 -80.38 -26.63 -41.04 136.19 -51.45 128.17
37.87 -78.02 -17.68 -27.77 122.56 -83.26 -11.75 -80.89 -24.20 -31.03 146.62 -46.77 131.13
37.89 -78.44 -15.71 -24.68 123.22 -83.26 -11.75 -81.43 -22.03 -33.68 135.79 -43.98 130.90
37.91 -78.85 -13.53 -21.25 123.85 -83.13 -9.34 -81.68 -19.71 -14.40 131.02 -39.81 132.73
37.92 -79.14 -11.71 -18.40 124.31 -85.89 -7.05 -82.23 -17.30 -37.10 165.11 -36.94 136.92
37.94 -79.41 -9.66 -15.17 124.74 -84.35 -4.59 -82.65 -15.01 -25.65 138.72 -34.04 138.20
37.96 -79.64 -7.59 -11.93 125.10 -82.83 -2.16 -82.79 -12.60 -8.41 146.02 -29.29 138.99
37.97 -79.80 -5.62 -8.83 125.35 -85.66 -1.04 -83.24 -10.44 -28.70 136.65 -27.58 138.49
37.99 -79.92 -3.56 -5.60 125.54 -85.54 3.73 -83.83 -7.95 -36.04 152.34 -29.93 140.28
38.00 -79.99 -1.54 -2.42 125.64 -88.45 3.69 -84.59 -5.69 -47.04 140.02 -30.31 142.85
38.02 -80.00 0.52 0.81 125.66 -88.39 7.28 -85.07 -3.30 -29.58 146.20 -29.16 143.85
38.04 -79.96 2.62 4.11 125.60 -85.46 9.68 -85.29 -1.15 -13.17 128.24 -27.38 142.01
38.05 -79.86 4.66 7.33 125.45 -88.36 10.86 -85.81 1.11 -31.31 138.67 -27.14 142.30
38.07 -79.72 6.69 10.51 125.22 -88.36 13.25 -86.33 3.37 -32.38 139.78 -28.94 143.17
38.09 -79.53 8.70 13.66 124.92 -85.47 15.62 -86.29 5.63 2.65 141.22 -24.96 140.78
38.10 -79.28 10.68 16.78 124.54 -88.41 18.04 -86.69 7.90 -25.49 142.05 -24.95 141.12
38.12 -78.98 12.75 20.03 124.06 -85.54 20.38 -86.96 10.15 -16.29 135.66 -25.74 140.08
38.13 -78.62 14.80 23.25 123.49 -85.59 22.77 -86.96 12.53 0.40 143.63 -22.83 140.78
38.15 -78.22 16.77 26.34 122.87 -85.70 26.36 -86.97 14.79 -1.05 141.68 -19.33 139.71
38.17 -77.77 18.74 29.44 122.17 -85.70 26.36 -86.70 17.06 17.05 140.79 -12.92 139.79
38.18 -77.24 20.82 32.70 121.33 -85.75 27.56 -86.43 19.09 15.51 119.01 -8.41 137.07
38.20 -76.72 22.66 35.59 120.52 -83.02 31.06 -86.19 21.23 16.01 140.41 -5.49 138.29
38.22 -76.09 24.71 38.81 119.52 -83.02 31.06 -85.66 23.25 31.30 118.30 0.77 136.25
38.23 -75.45 26.58 41.75 118.52 -83.14 33.46 -85.13 25.27 33.19 128.27 7.33 135.10
38.25 -74.75 28.50 44.77 117.42 -86.15 36.01 -85.20 27.31 -4.22 125.34 6.64 133.51
38.26 -73.99 30.41 47.77 116.23 -80.49 36.95 -84.41 29.20 48.43 115.66 14.03 130.87
38.28 -73.19 32.29 50.73 114.97 -80.56 38.15 -83.91 30.97 30.56 109.07 18.72 128.22
38.30 -72.36 34.13 53.61 113.66 -80.71 40.58 -83.42 32.75 30.45 111.03 21.72 124.95
38.31 -71.46 35.97 56.51 112.24 -78.14 44.07 -82.67 34.52 46.25 108.31 26.45 121.62
38.33 -70.53 37.75 59.30 110.79 -78.23 45.29 -81.92 36.42 46.86 118.66 29.43 119.41
38.35 -69.55 39.53 62.09 109.25 -78.41 47.74 -81.19 38.44 45.49 125.18 32.43 120.02
38.36 -68.52 41.30 64.87 107.62 -77.31 51.35 -80.62 40.47 34.96 124.20 34.33 118.40
38.38 -67.39 43.11 67.72 105.86 -76.02 52.49 -79.92 42.61 41.33 126.49 35.33 119.22
38.39 -66.30 44.77 70.33 104.14 -74.84 54.88 -79.09 44.75 52.38 135.30 37.25 119.92
38.41 -65.14 46.44 72.94 102.33 -74.84 54.88 -77.96 46.64 70.10 116.92 44.68 119.08
38.43 -63.91 48.12 75.59 100.39 -73.68 57.27 -77.27 48.67 40.98 122.40 43.94 119.76
38.44 -62.68 49.71 78.09 98.46 -68.35 58.09 -76.05 50.66 76.35 124.68 48.51 121.32
38.46 -61.40 51.29 80.56 96.45 -68.68 61.87 -74.85 52.79 74.42 131.76 52.91 123.39
38.48 -60.04 52.87 83.05 94.31 -67.57 64.29 -73.79 54.82 63.52 121.55 54.64 124.71
38.49 -58.68 54.37 85.40 92.18 -64.90 64.06 -72.46 56.69 83.01 116.88 58.25 124.54
38.51 -57.27 55.86 87.75 89.95 -63.80 66.49 -71.00 58.57 89.14 114.41 62.62 123.46
38.52 -55.73 57.39 90.16 87.54 -65.51 70.50 -69.82 60.48 68.36 110.94 65.96 122.13
38.54 -54.32 58.73 92.26 85.32 -62.84 70.24 -68.50 62.26 85.12 114.66 70.34 120.95
38.56 -52.79 60.11 94.41 82.93 -56.54 72.24 -66.67 63.99 112.13 106.34 76.31 118.05
38.57 -51.31 61.37 96.41 80.60 -59.14 72.48 -65.10 65.75 101.25 113.44 79.43 117.71
38.59 -49.71 62.68 98.46 78.09 -55.36 73.43 -63.27 67.37 111.34 98.15 86.46 115.28
38.60 -48.12 63.91 100.39 75.59 -55.60 76.05 -61.99 69.16 79.86 112.47 86.82 114.06
38.62 -46.56 65.06 102.19 73.13 -53.26 78.46 -60.45 70.82 99.74 107.30 89.35 111.61
38.64 -44.82 66.27 104.09 70.40 -49.55 79.44 -58.65 72.34 106.93 89.83 93.69 108.44
38.65 -43.18 67.34 105.78 67.83 -45.77 79.11 -56.74 73.84 122.77 96.59 97.66 106.41
38.67 -41.42 68.44 107.51 65.06 -45.98 81.77 -54.95 75.37 107.66 92.30 99.52 104.20
38.69 -39.64 69.49 109.16 62.26 -46.21 84.47 -53.02 76.77 117.48 85.05 104.43 101.61
38.70 -37.85 70.48 110.71 59.46 -43.69 84.25 -51.11 78.17 118.06 86.36 107.72 98.78
38.72 -35.94 71.47 112.27 56.45 -41.30 85.40 -49.58 79.48 88.82 76.68 105.39 95.82
38.73 -34.24 72.30 113.57 53.79 -40.16 86.65 -47.69 80.90 126.12 94.23 107.88 93.89
38.75 -32.35 73.17 114.93 50.82 -36.55 87.72 -45.81 82.33 113.86 86.54 108.13 92.73
38.77 -30.50 73.96 116.17 47.90 -36.65 89.10 -43.91 83.64 118.01 81.26 111.94 89.61
38.78 -28.59 74.72 117.37 44.91 -34.01 86.18 -41.99 84.41 117.74 47.23 113.74 83.61
38.80 -26.68 75.42 118.47 41.91 -31.83 90.11 -40.21 85.48 109.43 65.95 113.99 81.22
38.82 -24.77 76.07 119.49 38.90 -28.19 89.87 -38.46 86.55 109.31 66.89 112.65 78.25
38.83 -22.78 76.69 120.46 35.79 -27.06 91.17 -36.56 87.49 114.55 56.90 113.34 74.71
38.85 -20.85 77.23 121.32 32.76 -23.51 92.35 -34.29 88.28 142.18 49.33 115.81 71.14
38.87 -18.78 77.76 122.15 29.50 -23.58 93.75 -32.28 89.23 118.02 55.72 115.80 68.07
38.88 -16.83 78.21 122.85 26.43 -18.62 89.36 -30.01 89.63 142.27 24.86 121.15 62.89
38.90 -14.85 78.61 123.48 23.33 -18.73 92.11 -27.87 90.17 133.71 34.01 121.91 56.87
38.91 -12.86 78.96 124.03 20.21 -11.65 93.22 -25.38 90.72 155.14 34.27 126.04 51.64
38.93 -10.82 79.27 124.51 16.99 -11.65 93.22 -22.88 91.13 151.54 25.01 129.39 46.02
38.95 -8.81 79.51 124.90 13.84 -9.32 94.55 -20.41 91.97 153.80 52.16 132.99 46.51
38.96 -6.75 79.71 125.22 10.60 -6.96 94.50 -17.93 92.41 150.86 26.60 137.14 42.57
38.98 -4.76 79.86 125.44 7.48 -5.80 95.88 -15.69 93.01 141.15 37.91 140.32 39.68
38.99 -2.71 79.95 125.59 4.26 -1.07 94.42 -13.09 93.34 158.92 19.85 144.76 35.97
39.01 -0.64 80.00 125.66 1.00 0.11 95.81 -10.73 93.68 143.14 21.01 144.86 33.14
39.03 1.38 79.99 125.64 -2.17 0.10 97.23 -8.36 94.03 147.34 21.68 147.79 29.74
39.04 3.43 79.93 125.55 -5.39 4.82 95.82 -6.01 94.68 143.72 39.61 147.93 31.21
39.06 5.46 79.81 125.37 -8.58 9.51 93.08 -3.19 94.77 174.61 6.02 152.02 28.41
39.08 7.54 79.64 125.10 -11.85 9.49 91.70 -1.08 94.62 127.18 -9.18 149.23 24.07
39.09 9.54 79.43 124.77 -14.98 9.49 91.70 1.04 94.47 132.49 -9.56 147.32 20.61
39.11 11.57 79.16 124.34 -18.18 14.10 87.71 3.38 93.79 143.25 -41.83 146.27 11.21
39.12 13.59 78.84 123.84 -21.35 16.55 91.87 5.73 93.52 144.27 -16.15 145.61 6.93
39.14 15.59 78.47 123.25 -24.49 16.40 86.44 7.95 92.58 137.29 -58.40 145.22 -2.70
39.16 17.62 78.03 122.58 -27.68 18.83 89.21 9.94 92.06 120.39 -31.53 141.37 -7.83
39.17 19.63 77.56 121.82 -30.83 23.50 88.04 12.28 91.28 142.64 -47.40 141.32 -14.68
39.19 21.53 77.05 121.03 -33.82 28.32 89.64 15.10 90.52 180.16 -48.46 144.60 -21.69
39.21 23.50 76.47 120.12 -36.91 28.19 86.92 17.44 89.63 143.09 -54.50 144.54 -31.10
39.22 25.45 75.84 119.13 -39.98 30.58 87.05 19.54 89.03 129.13 -36.94 139.99 -35.40
39.24 27.38 75.17 118.07 -43.01 35.32 86.00 22.13 88.46 158.85 -35.06 143.16 -37.99
39.25 29.28 74.45 116.95 -45.99 35.17 83.31 24.70 87.62 159.07 -51.93 145.81 -42.22
39.27 31.17 73.68 115.73 -48.96 40.01 83.64 27.29 87.21 159.18 -25.01 147.41 -40.54
39.29 33.10 72.83 114.40 -51.99 42.28 81.16 29.86 86.14 153.60 -63.94 148.34 -45.32
39.30 34.90 71.99 113.07 -54.82 44.64 80.02 32.69 85.50 178.32 -40.54 152.44 -43.53
39.32 36.72 71.08 111.64 -57.68 47.01 78.89 35.50 84.47 174.17 -63.77 157.82 -46.76
39.34 38.58 70.08 110.09 -60.60 49.40 77.77 38.09 83.44 154.57 -61.29 159.01 -48.14
39.35 40.34 69.08 108.52 -63.37 49.20 75.16 40.18 81.99 129.45 -89.75 153.94 -52.27
39.37 42.08 68.04 106.87 -66.10 54.10 74.26 42.77 80.73 160.31 -78.29 155.66 -54.65
39.39 43.78 66.96 105.18 -68.77 53.90 71.68 45.10 79.19 145.61 -95.97 157.31 -60.56
39.40 45.49 65.81 103.37 -71.46 56.32 70.60 47.20 77.65 127.95 -93.81 154.22 -66.43
39.42 47.18 64.60 101.48 -74.12 58.46 65.72 49.53 75.89 140.93 -106.46 152.41 -71.88
39.43 48.77 63.41 99.61 -76.61 58.36 64.47 51.37 73.97 116.05 -121.29 148.09 -81.51
39.45 50.38 62.14 97.62 -79.14 63.38 63.60 53.48 72.22 129.44 -107.68 145.68 -85.89
39.47 51.94 60.84 95.57 -81.59 66.20 66.35 55.63 70.85 133.36 -84.51 141.18 -90.28
39.48 53.51 59.47 93.41 -84.06 68.29 60.25 57.76 68.99 128.06 -112.16 136.57 -95.12
39.50 54.99 58.11 91.27 -86.38 68.19 59.01 59.64 67.11 117.49 -117.35 132.86 -100.73
39.51 56.48 56.65 88.99 -88.73 73.30 56.92 62.05 65.29 145.20 -109.87 134.44 -102.74
39.53 57.87 55.24 86.76 -90.90 75.70 53.40 64.21 63.20 136.98 -132.30 132.11 -108.14
39.55 59.26 53.74 84.41 -93.09 72.91 51.98 66.11 61.23 116.88 -121.12 129.23 -110.65
39.56 60.66 52.16 81.94 -95.28 78.14 49.90 68.29 59.16 130.26 -123.58 129.47 -113.63
39.58 61.94 50.63 79.53 -97.29 78.14 49.90 70.26 57.58 123.94 -99.62 127.77 -112.95
39.60 63.20 49.04 77.04 -99.28 77.87 46.23 72.21 55.75 120.75 -112.85 128.24 -112.10
39.61 64.46 47.38 74.42 -101.26 83.25 44.13 74.20 53.81 119.57 -117.18 127.25 -113.05
39.63 65.58 45.82 71.97 -103.01 80.38 42.75 75.62 51.45 92.81 -154.53 123.19 -120.06
39.64 66.72 44.14 69.34 -104.80 83.00 40.48 77.09 49.47 91.30 -122.68 119.52 -121.11
39.66 67.83 42.41 66.62 -106.55 80.02 36.74 78.27 47.24 72.16 -135.76 114.99 -122.95
39.68 68.86 40.73 63.98 -108.16 82.79 36.87 79.22 45.24 60.65 -128.26 106.53 -124.79
39.69 69.90 38.91 61.12 -109.80 85.47 34.59 80.20 43.36 58.58 -112.81 98.69 -122.84
39.71 70.89 37.08 58.25 -111.35 85.35 32.19 81.44 41.38 75.15 -119.54 94.52 -122.68
39.73 71.81 35.25 55.38 -112.80 88.15 31.10 82.44 39.50 61.37 -115.31 87.63 -121.85
39.74 72.69 33.41 52.48 -114.18 88.05 28.70 83.43 37.38 60.90 -130.35 81.32 -124.93
39.76 73.50 31.59 49.63 -115.45 85.08 25.04 84.15 35.26 45.61 -134.06 73.81 -127.05
39.77 74.30 29.67 46.60 -116.70 86.46 23.89 84.48 33.23 19.34 -121.82 63.79 -127.51
39.79 75.01 27.80 43.67 -117.83 87.82 21.54 85.22 31.11 46.87 -133.49 59.19 -125.41
39.81 75.71 25.84 40.59 -118.93 90.66 19.21 85.99 28.99 46.25 -128.56 54.69 -126.00
39.82 76.37 23.83 37.43 -119.96 90.64 18.02 87.05 27.11 62.84 -110.84 53.76 -123.51
39.84 76.93 21.97 34.50 -120.83 87.72 14.43 87.54 24.87 31.94 -145.31 50.88 -125.21
39.86 77.47 19.95 31.34 -121.69 87.73 15.61 87.77 22.97 13.59 -114.19 46.39 -125.35
39.87 77.94 18.02 28.31 -122.43 90.59 12.06 88.29 20.96 33.17 -127.50 42.19 -126.15
39.89 78.38 16.02 25.16 -123.12 90.61 8.49 88.54 18.70 15.06 -138.52 37.56 -128.47
39.90 78.77 13.96 21.94 -123.73 90.65 4.91 88.80 16.32 15.67 -142.94 33.03 -129.72
39.92 79.10 11.96 18.78 -124.25 90.70 2.52 89.36 14.07 34.73 -139.21 31.95 -130.24
39.94 79.38 9.94 15.61 -124.69 90.73 1.32 89.79 11.81 26.28 -138.81 32.64 -131.94
39.95 79.60 7.96 12.50 -125.04 87.88 0.20 89.79 9.68 0.36 -134.98 27.99 -132.09
39.97 79.78 5.93 9.32 -125.32 90.84 -2.27 89.81 7.53 1.16 -132.57 23.48 -132.49
39.99 79.91 3.89 6.10 -125.52 88.00 -3.38 89.55 5.39 -16.18 -131.17 15.58 -134.52
40.00 79.98 1.78 2.80 -125.63 88.20 -8.18 89.59 3.13 2.85 -135.02 12.67 -133.49
40.02 80.00 -0.25 -0.39 -125.66 88.26 -9.39 89.65 0.63 3.27 -154.76 11.64 -137.55
40.03 79.97 -2.30 -3.61 -125.61 85.47 -10.47 89.13 -1.63 -31.37 -137.91 5.18 -138.59
40.05 79.88 -4.30 -6.75 -125.48 85.60 -12.88 88.63 -3.76 -31.49 -134.30 0.53 -138.17
40.07 79.75 -6.31 -9.92 -125.27 85.74 -15.30 88.14 -5.78 -30.53 -125.61 -4.09 -136.43
40.08 79.56 -8.40 -13.20 -124.97 82.99 -16.36 87.37 -7.67 -46.20 -113.19 -12.19 -133.83
40.10 79.32 -10.43 -16.38 -124.59 83.15 -18.79 86.61 -9.68 -46.65 -123.82 -19.48 -132.33
40.12 79.03 -12.42 -19.50 -124.14 89.16 -22.85 86.74 -11.99 8.00 -144.31 -18.71 -133.27
40.13 78.69 -14.44 -22.68 -123.60 82.20 -24.83 85.88 -14.24 -52.85 -137.95 -24.12 -133.80
40.15 78.28 -16.51 -25.93 -122.96 83.71 -26.17 85.45 -16.52 -25.54 -135.88 -25.05 -134.28
40.16 77.83 -18.50 -29.06 -122.26 81.00 -27.21 84.73 -18.43 -44.33 -117.17 -29.77 -132.49
40.18 77.33 -20.49 -32.19 -121.47 78.65 -31.98 83.77 -20.69 -58.72 -138.06 -35.97 -130.82
40.20 76.76 -22.52 -35.38 -120.58 81.56 -33.48 83.38 -22.99 -23.29 -137.24 -35.16 -130.75
40.21 76.21 -24.33 -38.22 -119.71 79.13 -37.05 82.73 -25.40 -42.94 -160.39 -36.30 -133.36
40.23 75.57 -26.26 -41.25 -118.70 83.37 -37.44 82.49 -27.62 -14.65 -136.85 -34.72 -134.49
40.25 74.85 -28.24 -44.36 -117.57 82.22 -39.89 82.42 -29.97 -4.63 -140.62 -30.56 -137.23
40.26 74.12 -30.09 -47.27 -116.43 74.11 -41.67 81.51 -32.26 -57.13 -144.56 -31.61 -139.30
40.28 73.30 -32.05 -50.34 -115.14 85.57 -44.15 81.15 -34.39 -21.23 -126.00 -34.53 -137.47
40.29 72.48 -33.87 -53.20 -113.85 75.90 -45.72 80.52 -36.48 -39.66 -131.45 -33.21 -136.82
40.31 71.59 -35.70 -56.08 -112.46 81.71 -47.66 80.32 -38.62 -12.38 -132.74 -31.90 -136.51
40.33 70.67 -37.49 -58.90 -111.01 79.52 -52.75 80.17 -41.18 -9.25 -159.06 -28.39 -140.70
40.34 69.68 -39.30 -61.73 -109.46 81.14 -54.30 80.42 -43.41 15.19 -136.31 -21.00 -140.52
40.36 68.63 -41.11 -64.58 -107.80 75.44 -53.60 79.81 -45.42 -36.67 -120.45 -22.34 -138.84
40.38 67.57 -42.83 -67.28 -106.14 68.70 -54.17 78.77 -47.14 -64.94 -106.69 -24.54 -133.47
40.39 66.47 -44.51 -69.92 -104.41 66.30 -56.59 77.06 -49.05 -106.78 -119.76 -33.75 -131.76
40.41 65.28 -46.24 -72.63 -102.55 63.78 -57.66 75.22 -50.83 -110.70 -106.60 -44.36 -128.36
40.43 64.12 -47.84 -75.15 -100.71 60.09 -59.97 73.81 -52.66 -88.71 -115.80 -47.51 -125.48
40.44 62.82 -49.53 -77.80 -98.68 63.05 -63.04 71.56 -54.55 -133.21 -111.76 -58.71 -124.06
40.46 61.55 -51.10 -80.27 -96.69 61.56 -61.49 70.13 -56.12 -89.34 -98.30 -63.68 -120.75
40.47 60.16 -52.74 -82.84 -94.49 58.04 -65.25 67.76 -57.88 -138.06 -102.60 -76.25 -117.73
40.49 58.89 -54.15 -85.06 -92.50 59.36 -65.40 65.75 -59.15 -133.43 -83.78 -88.66 -110.20
40.51 57.45 -55.67 -87.45 -90.24 59.84 -69.70 63.62 -60.69 -127.64 -92.29 -102.95 -105.80
40.52 56.07 -57.06 -89.64 -88.07 55.71 -67.80 61.64 -62.11 -126.54 -91.07 -111.93 -102.86
40.54 54.56 -58.51 -91.91 -85.70 56.17 -72.14 60.39 -63.90 -75.19 -107.78 -112.96 -102.97
40.55 53.03 -59.90 -94.09 -83.29 53.69 -73.29 59.13 -65.57 -76.74 -101.66 -109.95 -101.16
40.57 51.54 -61.18 -96.10 -80.96 49.79 -72.85 57.73 -67.09 -89.68 -97.44 -107.85 -100.25
40.59 49.96 -62.48 -98.15 -78.47 47.49 -75.52 56.47 -68.65 -77.25 -95.28 -106.71 -98.20
40.60 48.34 -63.74 -100.12 -75.94 47.49 -75.52 54.91 -69.90 -95.49 -76.55 -102.93 -94.68
40.62 46.76 -64.91 -101.96 -73.45 44.92 -75.25 53.25 -71.27 -106.28 -87.88 -104.63 -93.63
40.64 45.14 -66.05 -103.75 -70.90 42.50 -76.48 51.70 -72.39 -98.46 -71.14 -100.67 -90.49
40.65 43.39 -67.21 -105.58 -68.15 38.83 -77.61 49.64 -73.62 -122.73 -72.97 -99.60 -89.41
40.67 41.66 -68.30 -107.28 -65.44 38.94 -79.10 47.55 -74.56 -128.72 -57.93 -99.71 -85.97
40.68 39.94 -69.32 -108.88 -62.74 37.57 -77.50 45.74 -75.53 -113.98 -60.96 -98.45 -82.96
40.70 38.11 -70.34 -110.49 -59.87 36.65 -81.90 43.79 -76.50 -117.31 -58.69 -102.66 -78.05
40.72 36.35 -71.27 -111.95 -57.09 34.13 -81.69 41.83 -77.34 -123.09 -52.82 -107.30 -73.17
40.73 34.45 -72.20 -113.42 -54.11 30.48 -82.91 39.90 -78.35 -114.67 -59.76 -109.80 -69.40
40.75 32.66 -73.03 -114.71 -51.31 29.07 -79.80 38.06 -78.78 -117.64 -27.34 -113.84 -62.61
40.77 30.74 -73.86 -116.02 -48.29 29.24 -82.82 36.23 -79.51 -109.54 -43.85 -115.24 -59.34
40.78 28.86 -74.61 -117.20 -45.33 26.76 -82.65 34.42 -80.25 -112.35 -45.78 -115.85 -55.13
40.80 26.97 -75.32 -118.31 -42.37 23.07 -82.43 32.48 -80.84 -121.33 -37.15 -118.14 -51.73
40.81 24.97 -76.00 -119.39 -39.22 23.14 -83.95 30.91 -81.48 -93.14 -37.67 -115.18 -48.20
40.83 23.05 -76.61 -120.33 -36.21 20.81 -86.91 29.09 -82.26 -113.49 -48.88 -113.66 -47.29
40.85 21.10 -77.17 -121.22 -33.14 18.40 -88.36 27.18 -83.34 -118.26 -67.01 -114.08 -47.90
40.86 19.11 -77.68 -122.03 -30.02 18.40 -88.36 25.35 -83.99 -111.82 -39.59 -113.53 -45.99
40.88 17.16 -78.14 -122.74 -26.96 14.71 -88.21 23.41 -84.64 -121.98 -40.97 -113.42 -44.80
40.90 15.16 -78.55 -123.39 -23.81 13.40 -85.06 21.70 -84.86 -104.96 -13.17 -112.45 -40.14
40.91 13.13 -78.92 -123.96 -20.62 9.78 -86.51 19.77 -85.53 -117.50 -40.85 -112.44 -41.49
40.93 11.13 -79.22 -124.44 -17.48 11.03 -88.10 17.95 -86.05 -112.95 -32.70 -112.78 -40.38
40.94 9.12 -79.48 -124.84 -14.32 4.92 -87.99 15.77 -86.59 -135.63 -33.15 -115.11 -39.12
40.96 7.01 -79.69 -125.18 -11.00 4.92 -87.99 13.95 -87.14 -107.40 -32.91 -113.71 -38.69
40.98 4.99 -79.84 -125.42 -7.84 1.26 -86.42 11.76 -87.39 -136.13 -15.35 -118.01 -36.46
40.99 2.96 -79.95 -125.58 -4.64 -1.18 -87.99 9.57 -87.50 -135.57 -6.65 -120.22 -32.24
41.01 0.94 -79.99 -125.66 -1.47 -1.18 -87.99 7.61 -87.46 -121.85 2.29 -120.58 -25.31
41.03 -1.10 -79.99 -125.65 1.73 -4.82 -86.49 5.28 -87.27 -142.99 11.55 -123.70 -20.19
41.04 -3.20 -79.94 -125.56 5.02 -6.01 -84.97 3.21 -86.95 -124.38 19.46 -123.94 -14.15
41.06 -5.23 -79.83 -125.40 8.21 -8.48 -86.57 1.02 -87.10 -135.12 -9.37 -126.95 -13.77
41.07 -7.29 -79.67 -125.14 11.45 -12.10 -85.15 -1.16 -86.97 -133.14 8.24 -128.52 -8.86
41.09 -9.26 -79.46 -124.82 14.54 -12.10 -85.15 -3.48 -86.67 -146.87 18.69 -131.91 -3.72
41.11 -11.25 -79.20 -124.41 17.68 -15.78 -85.31 -5.55 -86.40 -129.17 16.72 -131.26 1.27
41.12 -13.51 -78.85 -123.86 21.22 -16.94 -83.84 -7.73 -85.99 -120.48 22.90 -132.57 6.85
41.14 -15.32 -78.52 -123.34 24.06 -20.63 -84.04 -9.92 -85.75 -149.36 16.23 -133.89 10.01
41.15 -17.34 -78.10 -122.68 27.24 -23.03 -82.67 -12.11 -85.22 -132.77 32.36 -133.61 13.91
41.17 -19.28 -77.64 -121.96 30.29 -25.50 -82.84 -14.54 -84.70 -153.42 32.49 -136.77 16.93
41.19 -21.32 -77.11 -121.12 33.49 -26.75 -82.93 -16.73 -84.35 -130.65 21.16 -135.54 17.89
41.20 -23.24 -76.55 -120.24 36.51 -29.25 -83.13 -19.06 -84.16 -146.17 11.54 -137.72 17.10
41.22 -25.18 -75.93 -119.27 39.56 -31.66 -81.81 -21.38 -83.69 -142.80 29.32 -138.48 20.96
41.24 -27.11 -75.27 -118.23 42.58 -32.80 -80.41 -23.45 -83.21 -127.73 29.27 -137.94 23.07
41.25 -29.04 -74.54 -117.09 45.62 -36.60 -80.76 -25.90 -82.77 -149.14 26.73 -138.17 23.87
41.27 -30.95 -73.77 -115.88 48.61 -39.16 -81.02 -28.23 -82.35 -143.08 26.27 -139.56 24.83
41.29 -32.81 -72.96 -114.61 51.54 -38.90 -78.00 -30.43 -81.76 -135.47 36.04 -141.06 26.14
41.30 -34.64 -72.11 -113.28 54.41 -43.76 -75.55 -32.74 -80.91 -144.62 53.12 -140.58 29.83
41.32 -36.45 -71.21 -111.86 57.25 -43.49 -72.61 -34.79 -79.91 -127.08 62.46 -140.02 32.84
41.33 -38.30 -70.24 -110.33 60.16 -43.49 -72.61 -36.59 -78.88 -108.04 61.45 -135.48 35.74
41.35 -40.06 -69.25 -108.78 62.92 -47.36 -73.03 -38.65 -77.89 -128.36 61.70 -135.25 39.79
41.37 -41.80 -68.21 -107.14 65.67 -49.67 -70.41 -40.69 -76.62 -126.20 78.64 -133.25 46.50
41.38 -43.57 -67.09 -105.39 68.44 -52.14 -69.26 -42.74 -75.37 -123.35 75.59 -131.31 51.13
41.40 -45.39 -65.88 -103.48 71.30 -52.14 -69.26 -44.67 -74.25 -111.03 64.00 -129.64 54.60
41.42 -46.94 -64.78 -101.76 73.73 -54.63 -68.13 -46.47 -72.99 -119.31 83.60 -126.65 60.29
41.43 -48.59 -63.56 -99.83 76.32 -58.31 -65.75 -48.39 -71.46 -117.14 93.41 -124.06 67.00
41.45 -50.18 -62.31 -97.87 78.82 -58.31 -65.75 -50.33 -70.24 -120.51 76.04 -122.56 71.00
41.46 -51.77 -60.99 -95.81 81.32 -57.84 -61.53 -51.74 -68.83 -85.80 85.43 -116.68 74.23
41.48 -53.28 -59.68 -93.74 83.69 -63.39 -63.57 -53.73 -67.93 -124.97 56.76 -116.47 73.66
41.50 -54.79 -58.30 -91.57 86.06 -62.90 -59.37 -55.67 -66.60 -119.14 81.30 -117.58 75.65
41.51 -56.29 -56.84 -89.29 88.42 -64.26 -59.53 -57.36 -65.26 -101.55 81.11 -114.90 77.59
41.53 -57.67 -55.44 -87.09 90.60 -65.14 -55.56 -58.91 -63.77 -98.71 94.72 -112.15 79.20
41.54 -59.09 -53.93 -84.72 92.81 -67.57 -53.15 -60.45 -62.16 -93.88 98.02 -109.21 81.44
41.56 -60.42 -52.43 -82.36 94.91 -67.57 -53.15 -61.99 -60.55 -96.65 100.91 -107.77 85.13
41.58 -61.77 -50.83 -79.85 97.03 -70.02 -50.77 -63.53 -58.81 -92.29 104.12 -105.07 87.18
41.59 -63.03 -49.27 -77.39 99.00 -69.87 -49.43 -64.69 -57.18 -72.40 102.23 -100.59 88.07
41.61 -64.25 -47.66 -74.86 100.93 -70.81 -45.60 -65.94 -55.17 -77.64 125.11 -96.30 92.97
41.63 -65.43 -46.03 -72.30 102.78 -75.48 -50.06 -67.70 -54.02 -110.18 71.62 -98.74 91.59
41.64 -66.55 -44.40 -69.74 104.54 -77.85 -46.36 -69.15 -52.30 -91.80 109.29 -95.42 96.85
41.66 -67.67 -42.67 -67.02 106.30 -75.82 -40.94 -70.44 -50.46 -78.82 112.34 -91.39 99.95
41.67 -68.80 -40.83 -64.14 108.06 -74.29 -39.51 -71.44 -48.45 -58.53 116.83 -87.09 103.52
41.69 -69.75 -39.17 -61.53 109.57 -76.96 -38.49 -72.62 -46.75 -77.37 111.75 -84.96 105.22
41.71 -70.86 -37.12 -58.32 111.31 -78.11 -36.05 -73.68 -45.04 -56.98 92.39 -81.26 104.66
41.72 -71.66 -35.56 -55.86 112.56 -76.45 -33.38 -74.57 -43.06 -63.74 141.83 -77.97 108.75
41.74 -72.56 -33.69 -52.92 113.98 -76.34 -32.12 -75.20 -41.20 -38.19 112.71 -72.56 109.61
41.76 -73.39 -31.84 -50.01 115.28 -76.01 -28.37 -75.81 -39.09 -38.05 130.50 -69.13 112.44
41.77 -74.19 -29.93 -47.02 116.54 -78.50 -24.85 -76.58 -37.01 -46.75 126.14 -66.04 112.54
41.79 -74.92 -28.06 -44.08 117.68 -81.34 -25.05 -77.17 -34.51 -36.62 156.36 -58.68 121.02
41.80 -75.62 -26.12 -41.03 118.78 -81.04 -21.34 -77.49 -32.01 -19.46 152.51 -51.45 125.34
41.82 -76.27 -24.16 -37.95 119.80 -83.82 -20.30 -78.29 -29.95 -48.54 125.37 -48.42 126.64
41.84 -76.83 -22.28 -35.00 120.69 -80.78 -17.67 -78.93 -27.76 -41.64 140.03 -46.73 128.96
41.85 -77.39 -20.26 -31.82 121.57 -83.55 -16.62 -79.59 -25.58 -39.44 130.86 -42.94 130.87
41.87 -77.89 -18.25 -28.67 122.35 -83.47 -15.40 -80.13 -23.51 -32.62 125.72 -40.51 134.21
41.89 -78.33 -16.24 -25.51 123.05 -88.95 -9.59 -81.38 -21.13 -76.33 145.29 -41.76 134.55
41.90 -78.71 -14.30 -22.47 123.64 -86.01 -9.46 -82.35 -18.87 -61.58 144.19 -44.10 137.70
41.92 -79.06 -12.24 -19.23 124.18 -83.07 -8.14 -83.05 -16.84 -42.43 121.52 -44.54 136.80
41.94 -79.35 -10.17 -15.98 124.64 -82.92 -4.54 -83.50 -14.81 -26.58 122.19 -42.52 136.40
41.95 -79.59 -8.06 -12.66 125.02 -85.66 -1.04 -83.93 -12.41 -25.52 141.73 -41.41 134.94
41.97 -79.76 -6.21 -9.75 125.28 -85.66 -1.04 -84.39 -10.38 -31.28 137.51 -42.60 133.44
41.98 -79.89 -4.15 -6.51 125.49 -88.48 2.49 -84.86 -8.10 -28.31 138.49 -40.57 134.75
42.00 -79.97 -2.11 -3.31 125.62 -82.67 3.78 -85.05 -5.96 -11.66 132.03 -37.57 133.95
42.02 -80.00 0.01 0.02 125.66 -88.41 6.08 -85.53 -3.69 -28.77 134.61 -36.51 134.33
42.03 -79.97 2.01 3.15 125.62 -88.37 9.67 -86.02 -1.18 -30.80 157.74 -36.33 137.53
42.05 -79.90 4.04 6.34 125.50 -85.46 9.68 -85.67 0.75 21.60 119.21 -26.53 134.92
42.06 -79.77 6.11 9.60 125.30 -85.45 13.25 -85.61 3.02 3.38 137.34 -20.04 134.24
42.08 -79.59 8.11 12.73 125.02 -86.91 14.44 -86.00 5.28 -24.08 141.72 -18.20 136.26
42.10 -79.36 10.13 15.91 124.65 -85.48 16.81 -86.25 7.41 -15.84 131.94 -17.13 137.23
42.11 -79.08 12.09 18.99 124.22 -85.47 15.62 -86.24 9.08 1.21 105.54 -14.45 133.61
42.13 -78.74 14.15 22.23 123.68 -85.54 20.38 -86.22 11.22 0.73 128.82 -11.25 132.74
42.15 -78.35 16.15 25.37 123.08 -82.76 23.90 -85.65 13.36 35.30 132.27 -4.89 132.12
42.16 -77.92 18.12 28.46 122.40 -82.83 26.28 -85.67 15.61 -1.00 140.46 -3.83 132.97
42.18 -77.43 20.13 31.63 121.62 -82.83 26.28 -85.11 17.63 33.71 122.21 2.42 131.73
42.19 -76.88 22.13 34.77 120.76 -82.97 29.86 -84.57 19.65 32.73 122.40 8.78 128.19
42.21 -76.30 24.04 37.76 119.86 -83.14 33.46 -84.34 22.03 14.67 150.09 8.08 131.28
42.23 -75.66 26.00 40.85 118.84 -86.02 33.58 -84.39 24.06 -3.43 123.59 7.40 129.91
42.24 -74.95 27.98 43.96 117.72 -83.26 35.87 -84.03 26.20 21.76 127.95 11.98 128.53
42.26 -74.24 29.80 46.81 116.62 -83.33 37.09 -83.82 28.23 13.84 130.59 14.95 128.39
42.28 -73.44 31.74 49.85 115.35 -80.63 39.36 -83.33 30.61 29.00 142.38 17.73 132.08
42.29 -72.54 33.74 53.00 113.94 -78.06 42.85 -82.58 32.85 42.81 128.58 21.94 132.05
42.31 -71.74 35.41 55.62 112.68 -78.14 44.07 -82.12 34.87 31.33 136.80 21.54 132.50
42.32 -70.80 37.25 58.51 111.21 -78.41 47.74 -81.68 37.02 26.97 130.90 24.34 131.55
42.34 -69.82 39.05 61.34 109.67 -78.41 47.74 -81.24 39.16 27.05 131.27 23.67 132.46
42.36 -68.83 40.78 64.06 108.11 -75.72 48.78 -80.51 41.05 45.68 119.24 24.97 132.14
42.37 -67.73 42.58 66.88 106.39 -76.02 52.49 -79.80 42.96 42.56 113.78 27.76 128.51
42.39 -66.62 44.29 69.57 104.65 -71.89 52.19 -78.39 44.82 87.08 114.69 36.81 127.62
42.41 -65.47 45.97 72.21 102.85 -72.20 55.91 -77.28 46.82 68.19 123.50 41.45 127.17
42.42 -64.30 47.60 74.77 101.00 -68.25 56.84 -75.77 48.80 94.24 123.43 49.49 126.46
42.44 -63.06 49.23 77.34 99.05 -68.57 60.60 -74.57 50.92 73.95 130.20 53.99 125.24
42.45 -61.79 50.81 79.81 97.06 -67.23 60.49 -73.48 52.69 67.32 109.65 56.44 123.35
42.47 -60.44 52.41 82.32 94.94 -67.57 64.29 -72.43 54.71 63.50 121.52 59.65 121.82
42.49 -59.09 53.93 84.71 92.82 -65.01 65.33 -71.09 56.47 82.96 108.90 65.25 119.62
42.50 -57.72 55.39 87.01 90.67 -63.80 66.49 -69.63 58.34 91.57 117.54 71.71 118.25
42.52 -56.29 56.85 89.30 88.41 -62.60 67.66 -68.31 60.23 80.47 115.74 75.18 117.90
42.54 -54.78 58.30 91.58 86.05 -59.97 67.43 -66.71 61.72 96.37 89.72 80.57 115.49
42.55 -53.27 59.69 93.76 83.67 -59.02 71.18 -65.42 63.62 78.79 116.17 79.74 115.64
42.57 -51.72 61.03 95.87 81.24 -57.83 72.36 -63.99 65.27 88.14 100.89 81.73 113.38
42.58 -50.16 62.32 97.90 78.79 -55.60 76.05 -62.72 67.19 78.46 119.13 80.15 112.95
42.60 -48.54 63.59 99.89 76.25 -51.75 75.70 -61.04 68.70 103.05 92.50 83.06 109.18
42.62 -46.88 64.82 101.82 73.65 -51.98 78.34 -59.51 70.48 92.74 108.54 85.61 109.07
42.63 -45.34 65.91 103.53 71.23 -49.43 78.11 -57.70 71.86 120.90 92.09 91.34 106.12
42.65 -43.65 67.05 105.31 68.56 -45.87 80.44 -55.79 73.37 117.70 92.88 94.82 104.52
42.66 -41.89 68.16 107.06 65.79 -45.98 81.77 -54.00 74.90 107.58 92.23 96.42 101.99
42.68 -40.21 69.16 108.64 63.16 -45.98 81.77 -52.34 76.31 106.99 90.87 99.07 99.50
42.70 -38.41 70.17 110.23 60.34 -39.86 82.60 -50.33 77.83 122.49 92.39 101.68 99.77
42.71 -36.60 71.13 111.74 57.50 -41.20 84.04 -48.55 79.12 109.30 78.91 104.73 96.04
42.73 -34.81 72.03 113.15 54.67 -36.36 85.01 -46.40 80.38 134.25 79.09 109.35 93.87
42.75 -32.92 72.91 114.53 51.71 -36.36 85.01 -44.48 81.28 116.06 54.04 113.11 87.36
42.76 -31.02 73.74 115.83 48.73 -32.79 86.09 -42.58 82.32 114.99 63.06 114.30 84.41
42.78 -29.18 74.49 117.00 45.84 -32.96 88.82 -40.68 83.37 120.53 66.45 117.08 80.20
42.79 -27.24 75.22 118.15 42.79 -30.53 88.65 -38.79 84.42 114.47 63.84 116.44 77.38
42.81 -25.35 75.88 119.19 39.81 -26.91 88.42 -36.89 85.22 118.68 49.98 116.53 73.09
42.83 -23.42 76.50 120.16 36.78 -25.78 89.72 -34.87 86.01 125.39 49.33 118.31 68.80
42.84 -21.44 77.07 121.07 33.67 -23.44 90.96 -32.62 86.93 137.18 55.94 121.33 65.30
42.86 -19.41 77.61 121.91 30.49 -22.25 90.90 -30.86 87.76 105.65 49.78 119.65 61.04
42.88 -17.49 78.06 122.62 27.47 -18.73 92.11 -28.61 88.57 142.99 51.32 123.02 58.28
42.89 -15.40 78.50 123.31 24.19 -17.54 92.05 -26.73 89.27 110.78 41.48 120.67 54.52
42.91 -13.36 78.88 123.90 20.98 -15.16 91.96 -24.61 89.97 128.34 42.10 121.90 53.33
42.93 -11.40 79.18 124.38 17.91 -12.80 91.88 -22.61 90.55 127.04 36.73 123.10 50.70
42.94 -9.32 79.46 124.81 14.64 -11.65 93.22 -20.48 90.99 127.45 26.33 123.80 46.68
42.96 -7.26 79.67 125.15 11.40 -8.09 91.75 -18.23 91.30 136.15 18.78 125.96 42.18
42.97 -5.29 79.83 125.39 8.31 -6.93 93.11 -16.24 91.77 126.94 29.76 126.79 40.15
42.99 -3.25 79.93 125.56 5.10 -4.60 94.46 -14.12 92.24 130.25 29.13 127.28 38.13
43.01 -1.25 79.99 125.65 1.97 -2.24 94.43 -12.00 92.59 133.48 21.82 126.91 34.72
43.02 0.81 80.00 125.66 -1.27 0.11 94.41 -9.76 92.94 136.45 21.44 129.99 31.89
43.04 2.89 79.95 125.58 -4.53 2.46 91.64 -7.64 92.89 128.05 -2.84 128.49 26.47
43.05 4.92 79.85 125.43 -7.72 4.80 91.65 -5.41 92.85 138.09 -2.52 131.22 22.07
43.07 6.89 79.70 125.20 -10.82 7.16 93.05 -3.18 92.96 142.03 6.92 132.59 18.55
43.09 8.90 79.50 124.88 -13.99 10.62 88.99 -0.84 92.67 145.06 -17.89 134.40 13.09
43.10 10.98 79.24 124.47 -17.25 9.49 91.70 1.28 92.52 126.76 -9.15 134.33 9.54
43.12 12.98 78.94 124.00 -20.39 11.81 90.37 3.27 92.38 123.71 -8.56 133.08 6.81
43.14 15.02 78.58 123.43 -23.60 16.51 90.49 5.61 92.12 142.11 -15.83 134.60 2.25
43.15 17.05 78.16 122.78 -26.78 21.19 89.30 8.19 91.60 156.55 -31.33 137.23 -3.79
43.17 19.00 77.71 122.07 -29.84 20.05 90.62 10.42 91.22 140.16 -23.96 137.90 -8.37
43.19 21.03 77.19 121.24 -33.03 23.45 86.69 12.75 90.45 139.71 -46.22 138.22 -15.14
43.20 22.98 76.63 120.37 -36.09 25.82 86.80 15.09 89.96 144.87 -30.02 139.90 -17.86
43.22 24.96 76.01 119.39 -39.21 28.13 85.57 17.42 89.36 140.91 -36.67 140.19 -21.27
43.23 26.83 75.37 118.38 -42.15 28.07 84.24 19.51 88.48 132.94 -55.99 139.28 -27.56
43.25 28.73 74.66 117.28 -45.13 35.17 83.31 21.97 87.91 152.26 -35.19 140.00 -29.29
43.27 30.61 73.91 116.10 -48.09 35.02 80.67 24.52 86.81 158.43 -68.42 143.16 -35.22
43.28 32.52 73.09 114.81 -51.09 39.76 79.67 27.32 85.74 168.96 -64.72 147.69 -40.83
43.30 34.37 72.24 113.48 -53.99 42.02 77.22 29.87 84.41 157.72 -82.06 149.25 -47.46
43.32 36.18 71.35 112.08 -56.83 44.46 77.39 32.19 83.22 145.13 -74.24 148.11 -51.75
43.33 38.04 70.37 110.54 -59.76 46.83 76.27 34.87 81.78 159.74 -85.59 150.07 -57.91
43.35 39.80 69.40 109.01 -62.52 49.20 75.16 37.45 80.63 160.87 -72.02 152.18 -60.49
43.36 41.60 68.34 107.34 -65.34 51.59 74.06 40.03 79.36 155.56 -76.87 153.25 -65.18
43.38 43.28 67.28 105.69 -67.98 53.90 71.68 42.60 77.97 163.13 -87.94 155.47 -70.30
43.40 44.98 66.16 103.92 -70.65 56.22 69.32 45.42 76.48 173.53 -91.95 159.53 -73.90
43.41 46.64 65.00 102.09 -73.27 58.55 66.98 47.76 74.84 144.69 -101.04 158.78 -80.48
43.43 48.29 63.78 100.19 -75.85 63.70 67.40 50.62 73.52 176.23 -81.53 160.56 -81.79
43.45 49.95 62.49 98.16 -78.46 60.91 64.66 52.74 72.02 126.51 -89.78 156.31 -84.30
43.46 51.50 61.22 96.16 -80.89 65.77 61.30 55.11 70.42 148.73 -99.71 155.41 -86.06
43.48 53.04 59.89 94.08 -83.31 65.77 61.30 57.24 68.81 131.84 -99.55 154.08 -88.60
43.49 54.56 58.51 91.90 -85.71 68.09 57.76 59.37 66.96 129.63 -112.83 151.07 -91.32
43.51 56.06 57.07 89.65 -88.06 70.63 56.72 61.51 65.12 129.95 -111.84 147.98 -95.30
43.53 57.59 55.53 87.23 -90.46 73.10 54.44 63.66 63.16 124.34 -113.41 144.86 -98.96
43.54 58.93 54.11 84.99 -92.56 73.01 53.21 65.57 61.31 123.06 -118.99 140.85 -102.06
43.56 60.30 52.57 82.58 -94.72 75.61 52.17 67.51 59.59 118.24 -104.64 135.32 -103.33
43.58 61.60 51.05 80.18 -96.76 78.24 51.13 69.48 58.01 123.29 -99.30 133.18 -103.16
43.59 62.85 49.50 77.75 -98.73 78.05 48.67 70.92 56.14 90.55 -118.20 124.62 -106.83
43.61 64.09 47.88 75.21 -100.67 77.87 46.23 72.61 54.29 104.84 -113.87 122.45 -109.23
43.62 65.24 46.30 72.73 -102.47 83.25 44.13 74.36 52.58 112.49 -110.50 118.82 -110.31
43.64 66.38 44.65 70.14 -104.27 83.08 41.70 76.09 50.62 108.15 -122.48 116.45 -112.61
43.66 67.50 42.95 67.46 -106.02 83.00 40.48 77.58 48.89 92.06 -106.66 112.70 -111.99
43.67 68.56 41.22 64.75 -107.70 85.60 37.00 79.08 46.92 92.67 -122.05 108.97 -113.01
43.69 69.58 39.47 62.00 -109.30 88.40 35.93 80.61 45.06 95.07 -115.09 106.04 -113.18
43.70 70.59 37.64 59.13 -110.88 85.47 34.59 81.86 43.20 75.00 -112.02 101.24 -112.48
43.72 71.54 35.81 56.25 -112.37 85.35 32.19 82.83 41.20 59.32 -121.57 95.34 -114.17
43.74 72.43 33.97 53.36 -113.77 91.05 31.21 84.11 39.21 78.83 -122.60 90.90 -116.50
43.75 73.26 32.15 50.50 -115.07 90.94 28.80 85.40 37.23 80.92 -124.76 89.93 -117.16
43.77 74.07 30.23 47.48 -116.35 90.85 26.39 86.70 35.24 78.15 -119.51 87.27 -117.72
43.79 74.80 28.37 44.57 -117.49 90.77 23.99 87.45 33.23 47.45 -127.03 80.76 -119.38
43.80 75.53 26.37 41.43 -118.64 90.68 20.40 88.21 31.10 44.84 -125.67 74.43 -119.70
43.82 76.16 24.47 38.44 -119.64 90.66 19.21 88.98 28.97 47.97 -133.34 70.02 -122.36
43.83 76.78 22.46 35.27 -120.61 90.64 18.02 89.48 27.07 29.97 -113.04 63.75 -121.46
43.85 77.32 20.55 32.27 -121.45 90.60 14.44 89.70 24.92 13.97 -136.25 55.64 -123.58
43.87 77.81 18.60 29.22 -122.22 90.59 13.25 90.21 22.79 32.14 -133.91 51.36 -125.77
43.88 78.26 16.61 26.09 -122.93 90.60 9.68 90.74 20.54 32.21 -138.28 48.65 -127.44
43.90 78.65 14.62 22.96 -123.55 90.61 8.49 90.69 18.27 -2.73 -140.50 40.49 -129.23
43.92 79.01 12.55 19.72 -124.11 90.63 6.10 90.66 16.00 -1.84 -136.36 32.21 -130.39
43.93 79.30 10.56 16.59 -124.56 90.68 3.72 90.64 13.73 -1.07 -141.65 24.29 -132.60
43.95 79.54 8.54 13.41 -124.95 90.73 1.32 90.64 11.46 -0.23 -139.39 19.52 -133.84
43.96 79.74 6.48 10.18 -125.25 90.80 -1.07 90.65 9.32 0.75 -130.69 15.11 -134.34
43.98 79.88 4.43 6.96 -125.47 87.95 -2.19 90.38 7.18 -16.52 -130.86 8.67 -134.09
44.00 79.96 2.41 3.79 -125.61 88.09 -5.78 90.13 4.80 -15.84 -148.04 4.09 -137.59
44.01 80.00 0.35 0.55 -125.66 85.35 -8.07 89.60 2.54 -32.01 -137.26 -0.51 -137.69
44.03 79.98 -1.66 -2.61 -125.64 85.41 -9.27 89.08 0.29 -32.36 -140.47 -6.96 -138.35
44.05 79.92 -3.68 -5.78 -125.53 88.39 -11.81 88.86 -1.86 -13.74 -133.63 -11.56 -137.88
44.06 79.78 -5.87 -9.22 -125.33 85.67 -14.09 88.37 -4.11 -28.37 -129.65 -14.12 -136.80
44.08 79.62 -7.77 -12.21 -125.07 85.98 -18.96 87.91 -6.62 -30.51 -164.47 -16.99 -139.61
44.09 79.40 -9.77 -15.34 -124.72 86.07 -20.19 87.44 -9.01 -28.87 -149.91 -19.77 -140.44
44.11 79.11 -11.89 -18.68 -124.27 89.26 -24.10 87.30 -11.55 -8.60 -148.96 -20.61 -141.39
44.13 78.79 -13.85 -21.75 -123.77 83.61 -24.93 86.58 -13.94 -45.61 -151.32 -25.24 -143.46
44.14 78.40 -15.91 -24.99 -123.15 81.11 -28.45 85.89 -16.56 -41.04 -157.39 -27.70 -146.11
44.16 77.97 -17.91 -28.13 -122.47 81.00 -27.21 85.18 -18.71 -43.47 -131.38 -30.46 -144.44
44.18 77.50 -19.83 -31.15 -121.74 81.33 -30.95 84.78 -21.00 -25.62 -145.72 -29.82 -145.29
44.19 76.97 -21.82 -34.27 -120.90 81.56 -33.48 84.40 -23.42 -23.43 -147.58 -28.93 -146.00
44.21 76.39 -23.76 -37.32 -120.00 78.88 -34.50 83.45 -25.69 -59.08 -141.03 -33.46 -146.74
44.22 75.75 -25.73 -40.42 -118.99 73.62 -36.56 82.24 -27.93 -72.84 -135.93 -37.91 -147.37
44.24 75.08 -27.63 -43.40 -117.93 79.39 -39.62 81.58 -30.00 -41.15 -128.86 -38.97 -143.81
44.26 74.34 -29.56 -46.43 -116.77 76.87 -41.94 80.66 -32.17 -56.12 -132.58 -41.70 -142.08
44.27 73.55 -31.47 -49.44 -115.53 81.39 -45.00 79.87 -34.26 -47.71 -126.56 -45.61 -139.84
44.29 72.74 -33.30 -52.31 -114.26 71.78 -45.30 78.69 -36.30 -74.28 -127.90 -48.48 -137.49
44.31 71.85 -35.19 -55.27 -112.86 79.01 -48.68 78.48 -38.32 -12.63 -122.02 -45.63 -133.96
44.32 70.93 -37.00 -58.13 -111.41 72.05 -47.93 77.59 -40.40 -55.19 -127.82 -46.81 -133.60
44.34 69.95 -38.82 -60.97 -109.88 71.28 -53.12 76.58 -42.61 -61.42 -135.49 -50.39 -132.58
44.35 68.96 -40.55 -63.70 -108.32 69.76 -51.63 75.40 -44.43 -74.19 -114.14 -55.46 -129.23
44.37 67.90 -42.31 -66.46 -106.65 75.60 -54.97 75.08 -46.47 -20.00 -124.94 -51.55 -127.62
44.39 66.81 -44.00 -69.12 -104.95 68.86 -55.53 74.60 -48.37 -29.81 -118.58 -47.25 -125.89
44.40 65.67 -45.69 -71.77 -103.16 73.32 -58.78 73.99 -50.29 -37.50 -118.40 -46.89 -124.84
44.42 64.42 -47.43 -74.51 -101.19 62.45 -57.51 72.55 -51.84 -84.34 -91.11 -49.71 -120.70
44.44 63.25 -48.98 -76.94 -99.35 64.39 -63.20 70.85 -53.66 -110.05 -117.88 -55.94 -119.83
44.45 61.97 -50.60 -79.48 -97.33 63.05 -63.04 69.98 -55.44 -53.14 -107.96 -53.83 -117.83
44.47 60.64 -52.18 -81.96 -95.26 62.02 -65.71 68.28 -57.14 -103.69 -103.96 -62.93 -116.03
44.48 59.29 -53.71 -84.37 -93.13 57.18 -69.38 66.79 -59.29 -91.32 -131.72 -66.55 -116.42
44.50 57.91 -55.20 -86.70 -90.96 56.73 -65.10 65.34 -60.49 -90.15 -74.27 -69.42 -110.30
44.52 56.47 -56.66 -89.01 -88.71 54.27 -66.23 63.79 -61.95 -94.97 -89.52 -71.50 -107.83
44.53 54.99 -58.11 -91.28 -86.37 54.55 -69.08 61.68 -63.36 -127.51 -85.47 -82.25 -103.89
44.55 53.51 -59.47 -93.41 -84.06 50.94 -71.54 59.89 -64.96 -112.38 -100.44 -90.50 -102.07
44.57 51.99 -60.80 -95.51 -81.67 47.22 -72.58 57.28 -66.34 -162.03 -85.71 -102.96 -98.80
44.58 50.42 -62.11 -97.56 -79.21 45.94 -72.46 55.63 -67.83 -101.69 -92.05 -104.69 -98.90
44.60 48.77 -63.42 -99.62 -76.60 44.92 -75.25 53.68 -69.04 -115.82 -71.69 -105.27 -94.28
44.61 47.17 -64.61 -101.49 -74.10 42.38 -75.00 51.62 -70.24 -130.39 -75.46 -112.99 -91.03
44.63 45.62 -65.72 -103.23 -71.66 41.24 -76.36 49.54 -71.30 -136.87 -70.09 -116.31 -87.64
44.65 43.91 -66.87 -105.05 -68.97 40.21 -79.22 47.84 -72.28 -103.29 -59.89 -117.51 -80.46
44.66 42.17 -67.98 -106.78 -66.25 36.22 -75.92 45.79 -73.36 -125.31 -66.05 -121.03 -79.64
44.68 40.41 -69.04 -108.46 -63.47 34.03 -80.17 43.76 -74.76 -123.40 -84.99 -123.87 -79.18
44.69 38.69 -70.02 -109.99 -60.78 34.13 -81.69 41.72 -76.02 -130.01 -80.25 -124.12 -78.66
44.71 36.88 -70.99 -111.51 -57.93 34.13 -81.69 40.04 -77.03 -102.63 -61.96 -123.14 -74.81
44.73 35.06 -71.91 -112.96 -55.07 26.68 -81.14 37.99 -77.89 -126.47 -52.68 -119.59 -71.51
44.74 33.17 -72.80 -114.36 -52.10 25.38 -79.56 35.93 -78.60 -123.60 -42.73 -121.78 -66.58
44.76 31.31 -73.62 -115.64 -49.18 26.76 -82.65 34.12 -79.34 -112.25 -45.74 -121.42 -63.98
44.78 29.44 -74.39 -116.84 -46.25 21.98 -85.43 32.08 -80.38 -127.25 -65.00 -121.11 -62.94
44.79 27.52 -75.12 -117.99 -43.24 19.46 -83.76 29.90 -81.12 -133.40 -45.36 -120.76 -60.47
44.81 25.59 -75.80 -119.06 -40.19 19.46 -83.76 27.82 -81.58 -126.86 -27.76 -123.12 -57.25
44.83 23.61 -76.44 -120.07 -37.08 16.97 -82.14 25.90 -82.20 -116.41 -37.63 -122.23 -54.41
44.84 21.65 -77.01 -120.97 -34.01 14.58 -83.57 23.95 -82.54 -119.78 -20.90 -121.87 -48.00
44.86 19.73 -77.53 -121.78 -30.99 14.58 -83.57 22.00 -82.73 -123.28 -11.86 -121.19 -41.16
44.87 17.70 -78.02 -122.55 -27.80 12.19 -85.02 19.80 -83.06 -132.38 -20.12 -124.17 -36.98
44.89 15.73 -78.44 -123.21 -24.71 9.78 -86.51 18.11 -83.60 -105.57 -33.52 -122.08 -35.06
44.91 13.73 -78.81 -123.80 -21.57 7.31 -83.39 16.31 -83.98 -111.60 -23.64 -120.88 -33.15
44.92 11.72 -79.14 -124.31 -18.42 4.90 -84.89 14.12 -84.20 -134.96 -13.81 -123.15 -29.96
44.94 9.65 -79.42 -124.75 -15.17 3.68 -83.36 12.29 -84.00 -110.11 12.45 -121.43 -22.22
44.96 7.61 -79.64 -125.09 -11.95 4.90 -84.89 10.83 -84.11 -88.75 -6.87 -116.97 -18.37
44.97 5.60 -79.80 -125.36 -8.80 -2.39 -86.45 8.65 -84.38 -136.52 -16.78 -117.94 -17.27
44.99 3.53 -79.92 -125.54 -5.55 -2.36 -83.38 6.72 -84.50 -117.12 -7.51 -118.01 -14.26
45.00 1.56 -79.98 -125.64 -2.44 -7.20 -83.47 4.54 -84.49 -138.48 0.63 -119.88 -12.10
45.02 -0.52 -80.00 -125.66 0.82 -6.01 -84.97 2.48 -84.63 -124.60 -8.48 -120.01 -11.76
45.04 -2.54 -79.96 -125.60 3.99 -9.70 -86.61 0.29 -84.79 -136.37 -9.91 -120.41 -10.74
45.05 -4.62 -79.87 -125.45 7.26 -8.34 -80.49 -1.52 -84.19 -109.16 36.25 -120.77 -3.77
45.07 -6.70 -79.72 -125.22 10.53 -10.88 -85.11 -3.34 -84.36 -109.55 -10.33 -120.56 -2.44
45.09 -8.64 -79.53 -124.93 13.57 -13.28 -83.67 -5.16 -84.24 -117.41 7.90 -118.81 -0.26
45.10 -10.85 -79.26 -124.50 17.05 -16.94 -83.84 -7.22 -84.29 -116.19 -2.70 -119.41 -1.78
45.12 -12.71 -78.98 -124.07 19.96 -18.24 -85.44 -9.53 -84.34 -155.26 -3.69 -126.07 -1.46
45.13 -14.74 -78.63 -123.51 23.16 -19.33 -82.44 -11.23 -83.94 -103.06 24.35 -122.72 2.65
45.15 -16.80 -78.22 -122.86 26.40 -21.79 -82.59 -13.17 -83.86 -116.09 4.71 -122.62 3.87
45.17 -18.71 -77.78 -122.18 29.39 -24.10 -79.73 -14.86 -83.49 -108.79 24.03 -119.65 6.21
45.18 -20.70 -77.28 -121.39 32.51 -24.18 -81.24 -16.68 -83.12 -111.23 22.84 -118.31 9.35
45.20 -22.70 -76.71 -120.50 35.65 -27.71 -78.50 -18.48 -82.30 -108.90 49.03 -115.56 15.24
45.22 -24.64 -76.11 -119.56 38.70 -29.05 -80.09 -20.55 -82.26 -128.17 2.43 -117.47 11.86
45.23 -26.57 -75.46 -118.53 41.73 -30.10 -77.21 -22.47 -81.48 -118.56 48.72 -118.37 17.76
45.25 -28.47 -74.76 -117.44 44.72 -32.69 -78.90 -24.41 -81.00 -120.31 29.52 -118.66 19.92
45.26 -30.35 -74.02 -116.27 47.67 -36.48 -79.25 -26.37 -80.54 -121.45 28.53 -119.18 23.05
45.28 -32.24 -73.22 -115.01 50.64 -38.90 -78.00 -28.43 -79.80 -126.66 45.65 -116.32 27.98
45.30 -34.16 -72.34 -113.63 53.66 -41.19 -75.28 -30.62 -79.08 -129.85 42.55 -119.00 29.80
45.31 -35.93 -71.48 -112.27 56.44 -39.92 -75.15 -32.43 -78.34 -115.62 47.44 -118.95 34.07
45.33 -37.79 -70.51 -110.76 59.35 -43.76 -75.55 -34.40 -77.92 -118.31 25.18 -119.91 34.19
45.35 -39.55 -69.54 -109.24 62.12 -44.77 -72.75 -36.46 -77.07 -128.56 53.00 -121.64 37.20
45.36 -41.33 -68.49 -107.59 64.93 -44.64 -71.29 -38.15 -76.35 -102.76 43.76 -121.02 36.68
45.38 -43.03 -67.44 -105.93 67.60 -48.51 -71.71 -40.10 -75.51 -122.31 52.66 -120.44 41.70
45.39 -44.79 -66.29 -104.12 70.36 -49.53 -68.97 -42.04 -74.68 -116.10 49.25 -120.19 41.75
45.41 -46.46 -65.12 -102.30 72.99 -53.31 -67.98 -44.10 -73.59 -127.09 67.37 -120.87 45.54
45.43 -48.05 -63.96 -100.47 75.48 -54.32 -65.28 -45.88 -72.20 -113.91 89.15 -120.12 51.60
45.44 -49.73 -62.66 -98.43 78.12 -55.64 -65.43 -47.56 -70.94 -99.11 74.35 -117.36 54.47
45.46 -51.25 -61.43 -96.50 80.50 -56.82 -64.17 -49.12 -69.83 -100.57 71.49 -114.43 57.37
45.48 -52.85 -60.06 -94.34 83.01 -56.67 -62.77 -50.80 -68.59 -99.84 73.82 -112.86 60.01
45.49 -54.36 -58.70 -92.20 85.38 -59.02 -60.29 -52.32 -67.06 -94.35 94.32 -110.46 66.92
45.51 -55.84 -57.29 -89.98 87.72 -62.90 -59.37 -54.14 -65.73 -111.18 82.05 -108.72 69.82
45.52 -57.26 -55.87 -87.76 89.94 -62.74 -57.99 -55.95 -64.40 -113.69 83.56 -109.81 73.81
45.54 -58.67 -54.38 -85.42 92.16 -63.79 -55.41 -57.47 -62.77 -93.43 99.74 -106.93 78.51
45.56 -60.05 -52.86 -83.03 94.32 -66.20 -53.00 -59.14 -61.17 -102.09 97.76 -105.53 83.36
45.57 -61.40 -51.29 -80.56 96.45 -67.89 -55.88 -60.60 -59.96 -88.34 73.31 -101.65 83.96
45.59 -62.69 -49.70 -78.07 98.47 -68.49 -49.28 -62.02 -58.36 -87.23 98.53 -98.98 84.89
45.60 -63.93 -48.09 -75.54 100.42 -69.87 -49.43 -63.44 -56.76 -87.80 98.80 -97.85 87.34
45.62 -65.06 -46.55 -73.12 102.20 -70.81 -45.60 -64.84 -54.90 -91.79 121.82 -96.97 92.37
45.64 -66.23 -44.88 -70.49 104.03 -73.74 -47.22 -66.54 -53.35 -105.37 95.94 -97.53 94.58
45.65 -67.34 -43.19 -67.84 105.78 -73.30 -43.27 -67.97 -51.64 -88.79 105.84 -96.97 95.74
45.67 -68.42 -41.45 -65.11 107.48 -74.16 -38.23 -69.10 -49.53 -69.09 129.75 -92.76 100.51
45.69 -69.49 -39.64 -62.27 109.15 -76.96 -38.49 -70.52 -47.58 -85.12 116.71 -89.91 103.82
45.70 -70.45 -37.91 -59.55 110.66 -75.42 -37.07 -71.68 -45.75 -73.90 116.43 -87.95 105.49
45.72 -71.40 -36.09 -56.69 112.15 -79.16 -32.36 -72.98 -43.68 -79.37 126.46 -85.68 108.36
45.73 -72.32 -34.20 -53.73 113.60 -77.86 -33.50 -73.98 -41.45 -59.63 133.74 -82.81 114.40
45.75 -73.14 -32.40 -50.90 114.89 -78.81 -28.58 -75.01 -39.38 -65.50 131.36 -80.64 117.69
45.77 -73.95 -30.52 -47.95 116.16 -79.91 -24.95 -76.01 -36.93 -61.79 150.56 -78.04 122.86
45.78 -74.72 -28.59 -44.91 117.37 -78.50 -24.85 -76.78 -34.85 -46.35 125.07 -73.49 123.19
45.80 -75.41 -26.70 -41.95 118.46 -78.40 -23.62 -77.25 -32.49 -29.18 147.82 -65.87 128.37
45.82 -76.08 -24.75 -38.87 119.50 -80.95 -20.12 -78.01 -30.18 -46.51 140.74 -61.64 131.86
45.83 -76.68 -22.79 -35.80 120.46 -77.97 -17.51 -78.40 -28.11 -23.42 127.11 -57.08 131.60
45.85 -77.24 -20.83 -32.72 121.33 -80.55 -14.03 -78.75 -25.66 -22.14 150.81 -50.78 135.01
45.87 -77.76 -18.81 -29.55 122.14 -83.19 -10.55 -79.53 -23.01 -46.80 159.85 -48.07 139.35
45.88 -78.22 -16.77 -26.34 122.87 -83.07 -8.14 -79.92 -20.59 -23.44 145.11 -42.48 141.22
45.90 -78.61 -14.85 -23.32 123.48 -83.13 -9.34 -80.45 -18.17 -33.83 155.19 -39.90 143.36
45.91 -78.96 -12.84 -20.17 124.03 -82.96 -5.74 -80.86 -15.88 -25.60 140.78 -35.91 144.30
45.93 -79.27 -10.81 -16.98 124.51 -85.70 -2.24 -81.44 -13.61 -35.38 138.84 -33.26 143.13
45.95 -79.51 -8.85 -13.90 124.89 -88.62 -2.32 -82.46 -11.36 -64.51 143.59 -35.08 144.98
45.96 -79.71 -6.80 -10.68 125.21 -85.59 1.35 -83.17 -8.86 -43.82 152.20 -36.54 145.42
45.98 -79.86 -4.72 -7.42 125.44 -85.54 3.73 -83.63 -6.48 -27.67 143.97 -34.66 145.74
45.99 -79.95 -2.71 -4.25 125.59 -85.49 6.12 -84.38 -4.12 -46.83 147.11 -37.00 147.74
46.01 -80.00 -0.65 -1.02 125.66 -82.62 7.33 -84.59 -1.98 -12.64 130.50 -36.05 145.71
46.03 -79.99 1.42 2.24 125.64 -88.37 9.67 -85.11 0.04 -31.37 122.47 -34.51 141.98
46.04 -79.93 3.45 5.42 125.55 -88.36 12.06 -85.64 2.06 -32.77 125.09 -35.44 139.97
46.06 -79.81 5.49 8.62 125.37 -85.45 12.06 -85.87 4.20 -14.32 131.91 -33.49 137.65
46.08 -79.65 7.48 11.76 125.11 -85.47 15.62 -86.12 6.34 -15.72 134.12 -32.50 136.98
46.09 -79.43 9.51 14.94 124.77 -85.48 16.81 -86.10 8.24 1.35 117.25 -28.83 134.82
46.11 -79.16 11.53 18.11 124.35 -85.54 20.38 -85.79 10.51 19.04 140.27 -20.47 134.49
46.12 -78.84 13.57 21.32 123.84 -85.59 22.77 -85.79 12.66 -0.02 130.09 -16.09 132.28
46.14 -78.48 15.53 24.40 123.27 -85.66 25.16 -85.80 14.80 -0.80 135.07 -13.41 131.39
46.16 -78.05 17.56 27.59 122.60 -82.80 25.09 -85.53 16.70 16.35 114.96 -7.09 128.17
46.17 -77.56 19.60 30.79 121.83 -82.88 27.47 -85.56 18.71 -1.53 120.55 -5.98 127.18
46.19 -77.04 21.55 33.84 121.02 -82.92 28.66 -85.02 20.61 34.08 118.82 0.57 126.81
46.21 -76.47 23.52 36.94 120.11 -83.02 31.06 -84.48 22.51 32.65 116.14 7.11 125.92
46.22 -75.86 25.41 39.92 119.16 -83.08 32.26 -84.24 24.53 15.00 127.52 10.04 125.48
46.24 -75.16 27.39 43.03 118.07 -83.20 34.67 -84.02 26.43 13.59 113.93 12.97 123.46
46.25 -74.45 29.28 45.99 116.94 -83.33 37.09 -83.80 28.46 13.38 126.29 14.17 124.36
46.27 -73.68 31.16 48.95 115.74 -80.63 39.36 -83.31 30.36 30.35 117.43 15.30 122.08
46.29 -72.85 33.07 51.94 114.43 -80.87 43.01 -82.84 32.38 28.52 122.30 18.16 121.30
46.30 -71.99 34.88 54.79 113.09 -80.87 43.01 -82.36 34.17 30.02 111.86 21.24 118.98
46.32 -71.09 36.70 57.64 111.66 -78.14 44.07 -81.89 36.07 28.85 117.63 22.49 119.25
46.34 -70.07 38.61 60.65 110.06 -76.92 46.42 -81.30 37.96 34.46 109.72 26.09 118.16
46.35 -69.10 40.31 63.31 108.55 -75.72 48.78 -80.58 39.97 46.47 129.84 27.33 119.27
46.37 -67.96 42.21 66.30 106.75 -75.82 50.01 -79.86 41.87 40.78 107.29 28.14 118.38
46.39 -66.93 43.82 68.82 105.14 -74.63 52.39 -79.01 43.88 55.65 132.66 32.21 118.89
46.40 -65.81 45.49 71.45 103.37 -71.99 53.42 -77.89 45.76 69.83 116.91 37.83 119.19
46.42 -64.63 47.15 74.07 101.52 -72.09 54.67 -76.77 47.52 69.23 108.29 43.42 117.39
46.43 -63.39 48.80 76.66 99.57 -68.15 55.60 -75.52 49.14 75.97 98.80 47.98 115.53
46.45 -62.16 50.36 79.11 97.64 -68.35 58.09 -74.27 50.65 79.13 95.27 53.04 112.83
46.47 -60.84 51.94 81.59 95.57 -67.23 60.49 -72.90 52.39 83.49 106.92 58.39 112.33
46.48 -59.51 53.47 83.99 93.47 -67.45 63.02 -71.84 54.29 66.19 117.37 62.12 112.31
46.50 -58.15 54.94 86.30 91.35 -63.57 63.95 -70.50 56.04 83.96 110.22 67.07 112.36
46.52 -56.68 56.46 88.68 89.03 -62.60 67.66 -69.19 57.93 77.98 112.16 70.22 110.59
46.53 -55.17 57.93 91.00 86.67 -59.97 67.43 -67.60 59.67 94.42 103.80 75.59 110.24
46.55 -53.73 59.27 93.10 84.41 -58.90 69.88 -66.03 61.42 100.67 111.94 80.09 108.17
46.56 -52.21 60.61 95.21 82.02 -56.42 70.95 -64.47 63.17 96.44 108.52 82.75 107.33
46.58 -50.63 61.94 97.30 79.53 -59.26 73.79 -63.19 65.08 77.86 115.99 83.61 108.10
46.60 -49.03 63.21 99.29 77.02 -54.31 75.93 -61.81 67.12 85.37 125.40 84.55 110.76
46.61 -47.43 64.43 101.20 74.50 -51.86 77.01 -60.16 69.01 102.89 118.08 86.93 113.04
46.63 -45.81 65.59 103.02 71.95 -49.43 78.11 -58.38 70.77 112.14 111.04 89.79 113.45
46.64 -44.11 66.74 104.83 69.29 -45.77 79.11 -56.21 72.38 133.18 98.82 96.49 111.60
46.66 -42.46 67.80 106.51 66.69 -44.52 79.01 -54.30 73.89 121.60 96.13 100.26 110.19
46.68 -40.69 68.88 108.20 63.91 -44.73 81.66 -52.52 75.29 108.37 84.94 103.30 107.47
46.69 -38.90 69.91 109.81 61.10 -41.00 81.36 -50.62 76.68 115.66 84.92 105.42 105.58
46.71 -37.09 70.88 111.34 58.26 -37.41 82.41 -48.47 77.93 131.09 76.43 108.46 102.03
46.73 -35.32 71.78 112.75 55.48 -36.19 82.33 -46.45 79.07 128.47 72.25 111.66 98.40
46.74 -33.45 72.67 114.15 52.55 -33.84 83.49 -43.90 80.04 154.42 58.95 119.32 92.70
46.76 -31.63 73.48 115.42 49.68 -32.79 86.09 -41.75 81.06 135.44 63.99 124.33 86.55
46.77 -29.74 74.27 116.66 46.72 -32.88 87.45 -39.85 82.10 116.75 64.19 125.71 81.16
46.79 -27.83 75.00 117.82 43.71 -26.91 88.42 -37.60 83.13 137.71 63.06 128.27 76.37
46.81 -25.86 75.71 118.92 40.61 -26.91 88.42 -35.72 84.07 113.35 55.98 126.29 72.08
46.82 -23.93 76.34 119.91 37.60 -23.38 89.59 -33.60 85.12 131.35 65.74 127.26 69.04
46.84 -22.01 76.91 120.82 34.57 -21.11 92.22 -31.24 86.18 147.36 65.87 131.16 67.14
46.86 -19.98 77.46 121.68 31.39 -21.11 92.22 -29.25 87.27 119.15 65.07 131.51 65.15
46.87 -18.01 77.95 122.44 28.28 -18.67 90.73 -27.38 88.10 115.72 51.35 129.97 62.64
46.89 -15.99 78.38 123.13 25.12 -13.98 91.92 -25.16 89.06 135.57 58.55 130.68 61.27
46.90 -14.03 78.76 123.72 22.03 -11.62 91.84 -22.94 89.89 139.47 52.40 129.19 60.62
46.92 -12.03 79.09 124.23 18.90 -9.29 93.16 -20.59 90.60 145.89 43.85 130.23 58.61
46.94 -9.96 79.38 124.69 15.65 -8.11 93.13 -18.11 91.16 149.12 34.19 133.47 55.61
46.95 -8.00 79.60 125.03 12.56 -6.93 93.11 -16.11 91.63 126.80 29.72 132.38 52.27
46.97 -5.87 79.78 125.32 9.23 -3.41 93.05 -13.76 92.10 138.61 27.28 134.90 49.40
46.99 -3.86 79.91 125.52 6.06 0.12 93.02 -11.41 92.44 146.12 21.35 136.38 44.96
47.00 -1.81 79.98 125.63 2.84 0.12 93.02 -9.29 92.52 130.04 4.90 134.65 38.87
47.02 0.24 80.00 125.66 -0.38 1.29 93.02 -7.05 92.60 137.44 4.89 136.48 32.85
47.03 2.28 79.97 125.61 -3.58 4.80 91.65 -4.70 92.69 144.64 5.66 139.37 28.28
47.05 4.28 79.89 125.48 -6.72 7.14 91.67 -2.59 92.67 132.91 -1.57 139.10 22.27
47.07 6.35 79.75 125.27 -9.97 11.84 91.74 -0.24 92.66 141.86 -0.59 139.34 16.97
47.08 8.34 79.56 124.98 -13.09 9.49 91.70 1.63 92.51 118.31 -9.20 136.59 11.66
47.10 10.36 79.33 124.61 -16.28 14.16 90.43 3.86 92.24 137.13 -16.65 135.39 6.58
47.12 12.44 79.03 124.14 -19.54 16.51 90.49 6.20 91.98 140.52 -15.65 136.76 2.04
47.13 14.40 78.69 123.61 -22.63 16.47 89.13 8.19 91.59 125.25 -24.69 135.42 -3.15
47.15 16.45 78.29 122.98 -25.84 20.00 89.25 10.18 91.21 119.98 -22.74 132.81 -7.56
47.16 18.41 77.85 122.29 -28.92 21.19 89.30 12.29 90.84 131.80 -23.29 132.98 -10.38
47.18 20.37 77.36 121.52 -32.00 25.87 88.15 14.75 90.35 152.64 -30.22 134.50 -13.89
47.20 22.37 76.81 120.65 -35.15 28.07 84.24 17.07 89.61 140.74 -44.80 134.11 -18.94
47.21 24.37 76.20 119.69 -38.29 30.51 85.70 19.41 89.01 140.47 -35.84 134.87 -22.37
47.23 26.27 75.56 118.70 -41.26 30.38 83.04 21.27 88.14 116.63 -54.75 132.35 -27.78
47.25 28.23 74.85 117.58 -44.34 35.17 83.31 23.83 87.30 155.00 -50.60 136.02 -31.92
47.26 30.11 74.12 116.42 -47.30 37.42 80.82 26.16 86.34 144.27 -59.57 136.73 -36.22
47.28 31.95 73.34 115.20 -50.19 39.76 79.67 28.49 85.26 146.32 -68.14 137.31 -41.46
47.29 33.86 72.48 113.85 -53.19 42.19 79.83 31.06 84.33 154.29 -55.77 140.21 -44.57
47.31 35.64 71.62 112.50 -55.99 44.46 77.39 33.50 83.15 155.60 -75.45 143.78 -49.84
47.33 37.50 70.67 111.00 -58.90 44.37 76.09 35.82 81.82 139.55 -79.47 144.55 -55.46
47.34 39.25 69.71 109.50 -61.65 49.02 72.58 38.14 80.27 146.00 -98.19 143.89 -62.26
47.36 41.07 68.65 107.84 -64.52 49.11 73.87 40.24 79.23 125.29 -61.76 142.34 -63.95
47.38 42.75 67.62 106.21 -67.16 53.90 71.68 42.58 77.83 148.94 -89.29 143.19 -69.30
47.39 44.48 66.49 104.45 -69.87 53.61 67.87 44.90 76.31 141.59 -92.46 145.69 -73.07
47.41 46.23 65.29 102.55 -72.62 55.93 65.53 46.98 74.53 122.69 -105.06 142.45 -78.52
47.42 47.82 64.13 100.74 -75.12 58.36 64.47 49.07 72.90 133.88 -104.58 141.41 -83.02
47.44 49.49 62.85 98.73 -77.74 60.71 62.16 51.17 71.15 125.22 -104.64 139.30 -86.67
47.46 51.10 61.55 96.69 -80.27 63.09 59.86 53.26 69.15 127.03 -121.44 136.58 -93.23
47.47 52.58 60.29 94.71 -82.59 62.90 57.39 55.10 67.15 119.06 -129.09 132.93 -98.60
47.49 54.11 58.93 92.56 -84.99 67.90 55.30 57.45 65.07 144.34 -127.59 133.41 -103.41
47.51 55.58 57.54 90.38 -87.30 67.81 54.07 59.33 63.22 116.81 -115.08 130.49 -105.10
47.52 57.03 56.10 88.12 -89.59 70.35 53.02 61.46 61.13 130.34 -127.93 130.99 -111.72
47.54 58.49 54.58 85.74 -91.87 72.74 49.54 63.34 58.92 112.62 -132.40 127.36 -116.03
47.55 59.82 53.12 83.43 -93.97 75.16 46.06 65.50 56.74 136.54 -138.13 126.85 -120.59
47.57 61.15 51.58 81.02 -96.06 72.49 45.91 67.15 54.78 102.28 -121.22 124.81 -122.21
47.59 62.48 49.96 78.48 -98.15 77.96 47.45 69.11 53.08 117.72 -102.21 123.20 -121.97
47.60 63.70 48.40 76.02 -100.06 75.01 43.65 70.54 51.23 90.76 -117.48 119.75 -123.26
47.62 64.88 46.81 73.52 -101.91 81.76 42.83 72.41 49.52 118.35 -107.91 118.88 -121.90
47.63 66.10 45.06 70.79 -103.83 80.23 40.34 74.14 47.82 102.35 -100.80 117.21 -119.07
47.65 67.17 43.46 68.27 -105.50 82.86 38.07 75.64 46.09 97.53 -112.33 112.53 -117.55
47.67 68.26 41.73 65.54 -107.22 82.79 36.87 77.13 44.37 91.96 -105.61 110.04 -116.60
47.68 69.29 39.98 62.81 -108.84 85.47 34.59 78.65 42.53 93.80 -114.32 106.39 -115.24
47.70 70.30 38.17 59.96 -110.43 85.41 33.39 79.91 40.91 76.77 -97.81 102.81 -111.78
47.72 71.27 36.33 57.07 -111.96 85.30 30.99 80.93 39.41 61.19 -90.97 95.27 -107.07
47.73 72.16 34.55 54.27 -113.34 88.10 29.90 82.49 37.81 98.52 -101.09 94.90 -105.05
47.75 73.02 32.69 51.35 -114.69 88.05 28.70 83.50 35.93 61.90 -115.06 89.31 -106.34
47.76 73.82 30.84 48.44 -115.95 85.12 26.23 84.51 34.19 62.97 -108.51 86.53 -105.44
47.78 74.58 28.94 45.46 -117.15 90.77 23.99 85.41 32.31 55.34 -115.75 80.23 -106.23
47.80 75.32 26.97 42.37 -118.31 90.68 20.40 86.45 30.31 62.58 -119.32 76.26 -108.08
47.81 75.97 25.08 39.39 -119.33 90.68 20.40 87.24 28.55 49.00 -110.68 71.40 -107.91
47.83 76.58 23.15 36.37 -120.29 90.64 18.02 88.02 26.66 48.83 -117.31 67.09 -109.08
47.85 77.16 21.14 33.20 -121.20 87.74 16.80 88.25 24.88 13.61 -106.66 59.07 -108.32
47.86 77.68 19.14 30.06 -122.02 89.15 14.43 88.62 22.99 22.74 -115.18 53.67 -110.05
47.88 78.13 17.19 27.00 -122.73 90.59 10.87 89.15 20.97 33.25 -126.46 50.87 -113.60
47.89 78.55 15.15 23.79 -123.39 90.60 9.68 89.40 18.95 15.08 -121.86 42.53 -115.68
47.91 78.91 13.15 20.66 -123.95 90.62 7.29 89.66 16.81 15.97 -132.88 37.94 -117.46
47.93 79.21 11.19 17.58 -124.43 90.63 6.10 90.21 14.80 34.88 -127.31 35.13 -119.34
47.94 79.49 9.00 14.14 -124.87 90.68 3.72 90.20 12.77 -0.53 -115.28 29.54 -119.29
47.96 79.69 7.08 11.12 -125.17 87.88 0.20 89.92 10.75 -18.24 -131.70 21.46 -120.53
47.98 79.85 4.94 7.76 -125.42 90.77 0.13 89.93 8.72 0.51 -118.65 16.61 -121.33
47.99 79.94 3.03 4.76 -125.57 90.89 -3.47 89.95 6.57 1.65 -141.33 11.89 -123.73
48.01 79.99 0.99 1.55 -125.65 91.16 -9.51 90.30 3.94 21.04 -161.80 12.64 -129.25
48.02 79.99 -1.07 -1.68 -125.65 91.04 -7.09 90.49 1.79 11.55 -131.67 11.52 -130.90
48.04 79.94 -3.14 -4.93 -125.57 85.41 -9.27 89.97 -0.22 -31.49 -122.24 5.04 -130.47
48.06 79.83 -5.18 -8.13 -125.40 91.45 -14.39 90.05 -2.63 5.25 -148.12 4.06 -133.10
48.07 79.68 -7.20 -11.30 -125.15 85.82 -16.52 89.57 -5.01 -29.74 -147.55 -0.51 -134.57
48.09 79.47 -9.22 -14.47 -124.83 82.99 -16.36 88.81 -7.26 -47.32 -139.15 -8.73 -135.75
48.11 79.21 -11.21 -17.60 -124.42 85.98 -18.96 88.34 -9.53 -29.37 -141.98 -11.62 -138.42
48.12 78.90 -13.24 -20.80 -123.93 86.17 -21.42 88.17 -11.69 -10.47 -131.96 -10.84 -138.45
48.14 78.53 -15.25 -23.96 -123.36 83.61 -24.93 87.45 -14.19 -43.96 -153.95 -15.29 -141.98
48.15 78.11 -17.29 -27.16 -122.69 86.68 -27.64 87.03 -16.61 -25.41 -146.10 -17.99 -142.45
48.17 77.66 -19.22 -30.19 -121.98 84.04 -29.92 86.32 -18.65 -45.10 -129.27 -24.60 -139.20
48.19 77.14 -21.22 -33.33 -121.16 78.88 -34.50 85.10 -21.39 -74.00 -166.80 -33.16 -142.71
48.20 76.56 -23.21 -36.47 -120.26 81.81 -36.02 84.74 -24.07 -21.71 -161.70 -32.18 -146.66
48.22 75.96 -25.11 -39.44 -119.32 84.95 -38.88 84.09 -26.52 -41.16 -155.11 -36.82 -147.36
48.24 75.26 -27.12 -42.60 -118.22 76.60 -39.35 83.17 -28.80 -54.44 -134.90 -39.29 -146.09
48.25 74.57 -28.97 -45.50 -117.14 77.00 -43.24 82.57 -31.49 -38.14 -171.13 -38.38 -149.29
48.27 73.80 -30.88 -48.50 -115.93 78.40 -43.38 81.82 -33.93 -46.17 -148.70 -40.06 -149.96
48.28 72.98 -32.76 -51.46 -114.64 82.82 -45.15 81.48 -36.30 -20.48 -145.49 -41.06 -151.31
48.30 72.13 -34.60 -54.35 -113.30 76.84 -53.77 80.81 -39.19 -41.88 -178.48 -40.85 -153.77
48.32 71.20 -36.48 -57.31 -111.84 80.60 -50.19 80.20 -41.44 -36.38 -134.94 -41.95 -152.65
48.33 70.26 -38.25 -60.08 -110.37 82.59 -54.49 80.05 -43.90 -9.12 -154.38 -38.35 -155.16
48.35 69.26 -40.04 -62.90 -108.79 75.78 -56.35 79.74 -46.08 -18.98 -133.65 -32.85 -151.85
48.37 68.22 -41.78 -65.63 -107.16 78.62 -56.71 79.42 -48.15 -19.83 -128.55 -32.66 -148.53
48.38 67.10 -43.57 -68.44 -105.39 67.50 -55.38 77.68 -49.80 -103.73 -98.03 -38.92 -142.82
48.40 65.99 -45.22 -71.03 -103.66 67.97 -59.49 76.81 -51.82 -54.68 -127.56 -38.94 -142.09
48.42 64.80 -46.92 -73.70 -101.78 68.47 -63.71 75.96 -53.86 -51.55 -123.69 -40.28 -137.35
48.43 63.59 -48.54 -76.24 -99.89 65.74 -63.37 74.69 -55.86 -78.85 -124.47 -43.55 -134.92
48.45 62.32 -50.16 -78.80 -97.89 65.74 -63.37 72.99 -57.68 -104.02 -110.91 -51.90 -131.47
48.46 61.00 -51.76 -81.30 -95.82 62.02 -65.71 71.50 -58.88 -89.83 -72.41 -56.70 -120.86
48.48 59.66 -53.29 -83.71 -93.72 60.69 -65.55 69.51 -60.41 -123.19 -95.01 -65.38 -116.87
48.50 58.30 -54.79 -86.06 -91.57 62.19 -67.14 67.47 -61.68 -126.60 -78.52 -77.13 -109.28
48.51 56.87 -56.26 -88.38 -89.34 56.33 -73.61 65.53 -63.40 -119.20 -105.79 -87.15 -106.49
48.53 55.43 -57.69 -90.62 -87.06 56.33 -73.61 63.30 -65.09 -137.80 -104.47 -98.95 -104.09
48.55 53.93 -59.09 -92.82 -84.71 53.69 -73.29 61.92 -66.89 -84.68 -109.89 -97.04 -105.27
48.56 52.26 -60.57 -95.14 -82.09 51.08 -73.00 60.23 -68.24 -95.04 -75.99 -101.08 -100.12
48.58 50.82 -61.78 -97.05 -79.83 48.78 -75.66 58.26 -69.43 -131.49 -79.77 -109.07 -95.72
48.59 49.21 -63.08 -99.08 -77.30 46.20 -75.38 56.31 -70.63 -118.89 -73.11 -113.07 -90.59
48.61 47.66 -64.25 -100.93 -74.86 43.77 -76.60 54.11 -71.96 -141.82 -85.46 -116.86 -88.04
48.63 46.10 -65.38 -102.70 -72.42 43.77 -76.60 52.28 -73.05 -119.40 -71.25 -119.81 -87.93
48.64 44.41 -66.54 -104.53 -69.75 43.90 -78.10 50.61 -74.30 -102.49 -76.58 -117.74 -86.08
48.66 42.69 -67.66 -106.27 -67.06 39.18 -82.14 48.30 -75.80 -141.42 -92.18 -119.22 -87.45
48.67 40.97 -68.72 -107.94 -64.35 35.39 -81.79 46.21 -76.62 -129.94 -50.78 -120.30 -81.95
48.69 39.16 -69.76 -109.58 -61.51 34.13 -81.69 43.99 -77.43 -133.59 -48.61 -119.88 -76.36
48.71 37.35 -70.74 -111.13 -58.67 31.64 -81.49 41.79 -78.24 -134.80 -50.07 -124.89 -70.38
48.72 35.61 -71.64 -112.53 -55.93 31.64 -81.49 39.84 -79.09 -124.61 -54.40 -127.85 -68.22
48.74 33.70 -72.55 -113.97 -52.94 29.24 -82.82 37.89 -79.81 -116.26 -42.63 -126.32 -64.51
48.76 31.86 -73.38 -115.27 -50.05 26.68 -81.14 35.94 -80.39 -121.47 -35.81 -126.58 -60.78
48.77 29.99 -74.17 -116.50 -47.10 24.37 -84.03 34.00 -81.13 -119.93 -45.88 -124.39 -56.82
48.79 28.06 -74.92 -117.68 -44.07 21.91 -83.89 31.81 -81.86 -132.67 -44.19 -125.72 -54.11
48.80 26.13 -75.61 -118.77 -41.04 18.24 -83.71 29.24 -82.42 -157.06 -34.34 -131.17 -49.89
48.82 24.19 -76.26 -119.78 -38.00 15.84 -85.14 26.91 -82.72 -143.70 -18.50 -131.40 -42.52
48.84 22.28 -76.83 -120.69 -35.00 14.62 -85.10 24.83 -83.05 -130.89 -20.84 -131.50 -39.53
48.85 20.30 -77.38 -121.55 -31.89 14.62 -85.10 22.88 -83.39 -119.42 -20.88 -130.08 -36.75
48.87 18.27 -77.89 -122.34 -28.70 12.22 -86.57 20.94 -83.90 -116.50 -30.49 -128.25 -34.79
48.89 16.33 -78.31 -123.02 -25.66 9.75 -84.96 18.75 -84.24 -138.75 -22.04 -129.67 -31.56
48.90 14.32 -78.71 -123.64 -22.49 9.78 -86.51 16.80 -84.61 -118.90 -22.50 -129.93 -29.55
48.92 12.31 -79.05 -124.17 -19.33 6.13 -86.44 14.75 -85.14 -126.92 -32.77 -130.48 -29.24
48.93 10.29 -79.34 -124.62 -16.16 6.14 -88.00 12.93 -85.54 -112.31 -24.50 -129.71 -27.10
48.95 8.21 -79.58 -125.00 -12.89 1.27 -84.88 10.86 -85.64 -123.68 -5.95 -128.81 -23.28
48.97 6.22 -79.76 -125.28 -9.78 0.05 -86.43 9.04 -85.91 -114.80 -17.15 -124.59 -21.56
48.98 4.20 -79.89 -125.49 -6.60 -2.40 -88.01 7.22 -86.20 -113.05 -17.75 -121.52 -21.49
49.00 2.13 -79.97 -125.62 -3.35 -3.62 -88.02 5.39 -86.49 -110.93 -17.79 -119.53 -21.18
49.02 0.07 -80.00 -125.66 -0.11 -6.04 -86.51 3.33 -86.63 -125.78 -8.61 -120.16 -19.96
49.03 -2.05 -79.97 -125.62 3.23 -9.66 -85.07 1.14 -86.48 -129.49 8.88 -121.46 -16.02
49.05 -4.05 -79.90 -125.50 6.37 -8.52 -88.14 -0.69 -86.80 -114.68 -19.93 -119.05 -15.81
49.06 -6.04 -79.77 -125.30 9.49 -13.38 -86.75 -3.00 -86.82 -146.11 -1.55 -121.77 -13.71
49.08 -8.07 -79.59 -125.02 12.68 -14.50 -83.72 -5.07 -86.55 -127.29 16.82 -121.81 -8.75
49.10 -10.08 -79.36 -124.66 15.83 -16.94 -83.84 -7.37 -86.14 -143.38 25.88 -124.92 -3.71
49.11 -12.06 -79.09 -124.23 18.95 -18.17 -83.90 -9.32 -86.04 -121.89 6.14 -124.74 -2.51
49.13 -14.15 -78.74 -123.68 22.23 -19.47 -85.51 -11.27 -85.95 -116.07 5.44 -124.87 -0.25
49.15 -16.17 -78.35 -123.07 25.40 -20.63 -84.04 -13.09 -85.55 -111.32 24.20 -124.69 3.95
49.16 -18.13 -77.92 -122.39 28.48 -24.26 -82.75 -15.16 -85.02 -129.22 32.99 -126.52 9.03
49.18 -20.11 -77.43 -121.63 31.59 -26.66 -81.41 -17.22 -84.51 -126.96 31.40 -126.64 13.03
49.19 -22.07 -76.89 -120.79 34.67 -29.25 -83.13 -19.18 -84.32 -121.07 11.95 -125.80 13.34
49.21 -24.12 -76.28 -119.82 37.88 -29.05 -80.09 -21.23 -83.51 -120.98 47.39 -126.43 20.07
49.23 -25.98 -75.66 -118.85 40.80 -30.30 -80.19 -22.92 -82.86 -108.48 42.05 -122.67 24.43
49.24 -27.92 -74.97 -117.76 43.85 -32.48 -75.94 -24.72 -82.08 -109.63 47.42 -120.90 27.49
49.26 -29.86 -74.22 -116.58 46.91 -32.59 -77.41 -26.29 -81.44 -94.17 38.66 -115.98 28.77
49.28 -31.70 -73.45 -115.38 49.79 -37.39 -74.91 -28.21 -80.54 -121.69 56.93 -115.96 33.84
49.29 -33.58 -72.61 -114.06 52.75 -42.75 -78.40 -30.54 -79.83 -141.74 43.32 -118.53 37.63
49.31 -35.40 -71.74 -112.69 55.60 -39.79 -73.69 -32.45 -78.79 -119.48 64.56 -119.34 41.67
49.32 -37.20 -70.83 -111.25 58.43 -42.34 -73.94 -34.26 -77.91 -112.52 54.86 -117.67 43.86
49.34 -39.07 -69.81 -109.66 61.37 -46.20 -74.35 -36.21 -77.21 -115.33 41.65 -116.51 44.88
49.36 -40.78 -68.83 -108.11 64.06 -46.06 -72.88 -37.90 -76.18 -107.00 65.22 -115.10 50.21
49.37 -42.54 -67.75 -106.43 66.82 -51.13 -72.01 -40.10 -75.37 -134.69 49.29 -116.47 50.40
49.39 -44.28 -66.63 -104.66 69.56 -50.83 -69.11 -42.16 -74.26 -124.30 67.08 -118.06 52.90
49.41 -45.97 -65.47 -102.84 72.21 -52.14 -69.26 -44.12 -73.60 -120.76 41.02 -119.17 52.26
49.42 -47.63 -64.27 -100.96 74.82 -54.63 -68.13 -46.33 -72.67 -135.34 57.00 -123.29 54.09
49.44 -49.24 -63.05 -99.04 77.35 -54.47 -66.70 -48.04 -71.85 -106.20 51.03 -121.74 53.50
49.45 -50.87 -61.74 -96.99 79.91 -55.64 -65.43 -49.32 -70.55 -77.59 78.00 -115.32 56.97
49.47 -52.39 -60.46 -94.96 82.30 -56.52 -61.38 -51.00 -69.32 -105.30 77.51 -113.90 58.26
49.49 -53.96 -59.06 -92.77 84.76 -57.84 -61.53 -52.55 -68.08 -92.92 74.41 -111.94 60.22
49.50 -55.39 -57.72 -90.67 87.01 -58.87 -58.91 -53.81 -66.54 -81.19 98.95 -108.53 65.95
49.52 -56.87 -56.27 -88.39 89.33 -62.74 -57.99 -55.48 -65.05 -101.24 90.41 -107.95 68.47
49.54 -58.28 -54.81 -86.09 91.54 -62.74 -57.99 -56.64 -63.64 -71.90 86.85 -101.67 72.23
49.55 -59.65 -53.31 -83.75 93.69 -65.14 -55.56 -58.07 -62.29 -88.72 84.00 -98.11 73.92
49.57 -60.98 -51.78 -81.34 95.79 -66.05 -51.66 -59.47 -60.53 -85.96 108.78 -94.63 80.69
49.58 -62.28 -50.21 -78.87 97.83 -67.42 -51.81 -60.74 -58.89 -78.70 100.46 -88.97 85.04
49.60 -63.57 -48.57 -76.30 99.85 -71.25 -49.58 -62.42 -57.18 -101.49 103.55 -88.50 90.29
49.62 -64.78 -46.94 -73.74 101.76 -72.65 -49.74 -64.12 -55.61 -105.08 96.98 -91.25 92.19
49.63 -65.90 -45.36 -71.25 103.51 -70.81 -45.60 -65.55 -54.04 -92.62 102.24 -89.98 94.66
49.65 -67.00 -43.72 -68.68 105.24 -70.95 -46.92 -66.86 -52.58 -83.62 93.15 -89.05 96.54
49.66 -68.13 -41.93 -65.86 107.02 -79.13 -45.19 -68.89 -51.20 -119.89 81.22 -92.92 94.76
49.68 -69.16 -40.21 -63.16 108.64 -74.29 -39.51 -70.04 -49.36 -72.49 116.02 -90.05 97.32
49.70 -70.16 -38.44 -60.38 110.21 -75.69 -39.65 -71.34 -47.52 -79.84 113.12 -90.84 99.95
49.71 -71.15 -36.58 -57.46 111.75 -76.70 -35.92 -72.49 -45.56 -69.20 117.59 -88.89 103.31
49.73 -72.04 -34.79 -54.64 113.16 -79.28 -33.63 -73.82 -43.75 -82.74 112.77 -88.57 103.71
49.75 -72.88 -32.99 -51.82 114.48 -77.86 -33.50 -74.86 -41.92 -66.18 115.96 -87.32 105.26
49.76 -73.71 -31.09 -48.84 115.79 -78.81 -28.58 -75.62 -39.82 -45.88 127.46 -81.75 107.65
49.78 -74.54 -29.06 -45.64 117.08 -81.44 -26.30 -76.50 -37.48 -50.30 134.09 -76.28 111.36
49.80 -75.23 -27.21 -42.74 118.17 -79.91 -24.95 -77.41 -35.42 -58.02 131.65 -72.82 114.30
49.81 -75.89 -25.31 -39.76 119.21 -81.04 -21.34 -78.42 -32.86 -63.13 160.04 -70.77 120.99
49.83 -76.50 -23.41 -36.77 120.16 -83.82 -20.30 -78.88 -30.37 -29.46 156.47 -61.72 128.52
49.84 -77.07 -21.46 -33.71 121.06 -83.64 -17.84 -79.82 -28.20 -57.83 134.02 -60.26 130.32
49.86 -77.63 -19.34 -30.38 121.94 -83.47 -15.40 -80.60 -25.78 -44.70 139.20 -56.74 132.92
49.88 -78.07 -17.49 -27.47 122.62 -83.33 -12.96 -81.26 -23.48 -43.65 151.28 -54.19 136.29
49.89 -78.49 -15.49 -24.34 123.28 -83.13 -9.34 -81.65 -21.05 -23.75 149.89 -48.29 140.01
49.91 -78.86 -13.44 -21.11 123.88 -83.07 -8.14 -82.17 -18.52 -31.37 152.76 -44.81 143.69
49.93 -79.18 -11.41 -17.93 124.38 -82.96 -5.74 -82.58 -16.23 -25.42 139.79 -42.76 144.92
49.94 -79.45 -9.38 -14.73 124.80 -82.87 -3.35 -82.72 -13.94 -8.76 140.49 -38.61 145.56
49.96 -79.66 -7.36 -11.56 125.13 -85.74 -3.44 -83.31 -11.78 -36.07 133.06 -36.41 145.70
49.97 -79.82 -5.32 -8.36 125.39 -88.54 0.08 -84.06 -9.64 -46.19 131.97 -34.72 142.89
49.99 -79.93 -3.29 -5.16 125.56 -88.48 2.49 -84.52 -7.36 -28.70 140.39 -34.64 141.28
50.01 -79.99 -1.24 -1.94 125.65 -85.49 6.12 -84.71 -4.97 -11.38 146.88 -30.00 142.57
50.02 -80.00 0.75 1.19 125.66 -85.49 6.12 -84.91 -2.82 -12.73 135.63 -26.80 142.21
50.04 -79.95 2.81 4.41 125.59 -88.37 9.67 -85.42 -0.55 -30.82 138.34 -25.52 140.92
50.05 -79.85 4.90 7.69 125.43 -88.36 12.06 -85.94 1.59 -31.47 128.70 -26.29 138.80
50.07 -79.71 6.86 10.78 125.20 -88.36 13.25 -86.47 3.73 -33.79 136.58 -26.53 137.18
50.09 -79.50 8.91 14.00 124.88 -88.38 15.65 -87.01 5.86 -33.00 130.36 -27.29 136.24
50.10 -79.24 10.98 17.25 124.47 -85.48 16.81 -87.27 7.88 -15.72 121.51 -27.99 134.34
50.12 -78.95 12.95 20.34 124.01 -85.54 20.38 -87.25 10.26 1.29 150.49 -24.25 136.08
50.14 -78.57 15.05 23.64 123.42 -87.04 22.80 -87.10 12.53 8.81 133.83 -18.75 136.27
50.15 -78.17 17.03 26.75 122.78 -84.22 25.12 -86.67 14.80 26.41 140.57 -13.24 136.29
50.17 -77.71 18.99 29.84 122.07 -87.16 26.40 -86.84 16.83 -10.37 126.44 -13.14 134.24
50.18 -77.20 20.96 32.93 121.27 -85.79 28.76 -86.87 19.09 -1.85 140.02 -12.05 134.68
50.20 -76.65 22.90 35.97 120.41 -85.85 29.96 -86.62 21.12 15.74 126.55 -7.39 133.50
50.22 -76.02 24.91 39.13 119.42 -83.02 31.06 -86.08 23.02 31.88 113.41 -1.06 131.98
50.23 -75.38 26.80 42.10 118.40 -84.63 34.73 -85.71 25.17 23.42 134.86 4.66 131.80
50.25 -74.67 28.71 45.09 117.29 -86.23 37.23 -85.50 27.33 13.31 133.60 9.29 132.13
50.27 -73.92 30.59 48.05 116.11 -83.48 39.52 -85.30 29.60 12.38 140.69 12.10 134.05
50.28 -73.10 32.50 51.05 114.83 -82.30 43.10 -84.97 31.87 19.60 137.40 13.93 132.74
50.30 -72.24 34.38 54.00 113.47 -83.65 41.96 -84.63 33.78 20.68 116.61 15.12 131.01
50.31 -71.35 36.18 56.83 112.08 -83.74 43.19 -84.58 35.59 3.05 112.85 12.78 128.24
50.33 -70.41 37.98 59.66 110.60 -78.41 47.74 -83.71 37.72 54.14 132.11 19.23 128.81
50.35 -69.40 39.80 62.52 109.01 -78.61 50.21 -82.99 39.87 43.33 129.40 23.75 127.75
50.36 -68.39 41.51 65.21 107.42 -78.71 51.46 -82.28 42.02 45.02 135.73 26.68 128.66
50.38 -67.29 43.27 67.97 105.70 -78.71 51.46 -81.85 44.06 26.13 123.79 26.11 129.70
50.40 -66.17 44.96 70.62 103.94 -74.74 53.63 -80.86 45.95 61.52 117.46 29.92 127.96
50.41 -64.98 46.67 73.30 102.07 -76.35 56.25 -79.87 47.85 59.56 114.64 34.54 126.07
50.43 -63.77 48.30 75.88 100.17 -76.59 58.78 -79.18 49.78 42.55 118.87 37.56 123.88
50.45 -62.52 49.91 78.40 98.21 -72.54 59.68 -78.20 51.44 60.38 102.60 41.64 120.40
50.46 -61.23 51.49 80.88 96.17 -71.53 63.38 -76.99 53.58 74.36 131.44 47.00 121.89
50.48 -59.91 53.02 83.28 94.10 -68.80 63.14 -75.50 55.57 93.03 124.27 56.00 123.03
50.49 -58.53 54.54 85.67 91.93 -67.69 65.57 -74.43 57.36 65.52 109.01 57.14 120.72
50.51 -57.08 56.05 88.05 89.66 -65.13 66.61 -73.08 59.00 80.95 98.49 60.90 117.63
50.53 -55.65 57.47 90.28 87.41 -65.25 67.90 -71.73 60.64 83.81 102.39 64.78 114.30
50.54 -54.16 58.88 92.49 85.07 -64.30 71.68 -70.29 62.66 88.34 123.91 71.00 114.31
50.56 -52.69 60.20 94.56 82.76 -62.97 71.55 -69.12 64.45 74.89 114.00 72.34 113.96
50.58 -51.13 61.52 96.64 80.32 -59.14 72.48 -67.39 66.08 106.04 99.99 76.99 112.50
50.59 -49.49 62.86 98.73 77.74 -55.36 73.43 -65.27 67.54 125.97 86.94 85.33 109.30
50.61 -47.89 64.08 100.66 75.23 -54.31 75.93 -63.45 69.17 113.76 101.38 90.67 109.18
50.62 -46.35 65.21 102.42 72.81 -54.43 77.25 -61.74 70.55 112.69 91.38 94.50 105.18
50.64 -44.64 66.39 104.28 70.12 -52.10 79.67 -60.07 72.21 101.12 100.09 95.31 102.76
50.66 -42.99 67.47 105.98 67.53 -49.66 80.77 -58.26 73.73 114.62 96.61 100.22 101.52
50.67 -41.21 68.57 107.70 64.74 -45.98 81.77 -56.35 75.24 115.34 91.30 103.66 100.80
50.69 -39.48 69.58 109.29 62.02 -46.09 83.12 -54.43 76.76 120.15 95.42 107.29 100.10
50.70 -37.63 70.60 110.89 59.11 -45.06 85.72 -52.51 78.17 114.32 83.45 109.89 96.06
50.72 -35.87 71.51 112.32 56.35 -41.30 85.40 -50.34 79.55 137.52 87.90 116.15 93.45
50.74 -34.04 72.40 113.72 53.47 -40.16 86.65 -48.44 80.97 117.08 87.47 117.26 92.19
50.75 -32.11 73.27 115.10 50.44 -36.55 87.72 -46.56 82.40 111.53 84.77 115.81 91.98
50.77 -30.22 74.07 116.36 47.46 -35.32 87.63 -44.66 83.57 116.13 71.57 116.05 89.00
50.79 -28.30 74.83 117.54 44.46 -33.05 90.20 -42.53 84.87 130.54 79.09 117.83 87.77
50.80 -26.49 75.49 118.58 41.61 -31.92 91.50 -40.51 86.05 131.29 76.97 120.85 85.45
50.82 -24.54 76.14 119.61 38.54 -27.13 92.56 -38.26 87.23 137.68 72.06 123.16 83.00
50.83 -22.54 76.76 120.57 35.40 -25.78 89.72 -36.24 88.02 121.33 47.73 123.76 78.64
50.85 -20.56 77.31 121.44 32.29 -23.44 90.96 -33.97 88.81 138.20 47.87 125.56 73.89
50.87 -18.61 77.80 122.22 29.24 -22.31 92.28 -31.70 89.46 142.61 41.12 128.39 69.65
50.88 -16.66 78.25 122.91 26.16 -18.78 93.50 -29.44 90.27 141.10 50.77 128.75 65.94
50.90 -14.64 78.65 123.54 23.00 -15.21 93.35 -26.95 90.94 152.88 41.00 132.33 61.29
50.92 -12.58 79.00 124.10 19.77 -14.06 94.70 -24.70 91.64 135.18 41.94 134.69 57.01
50.93 -10.61 79.29 124.55 16.67 -11.69 94.62 -22.34 92.34 148.85 44.03 137.97 54.26
50.95 -8.58 79.54 124.94 13.48 -8.14 94.52 -19.85 92.77 153.29 26.60 140.24 49.01
50.96 -6.53 79.73 125.24 10.26 -4.60 94.46 -17.11 93.07 166.63 18.03 143.77 43.12
50.98 -4.42 79.88 125.47 6.94 -2.23 93.04 -14.62 93.11 147.80 2.80 144.79 36.19
51.00 -2.45 79.96 125.60 3.85 0.10 97.23 -12.04 93.87 165.25 47.95 149.18 36.21
51.01 -0.44 80.00 125.66 0.69 1.28 95.81 -9.56 94.35 154.08 30.21 150.77 34.45
51.03 1.66 79.98 125.64 -2.60 2.46 94.41 -7.09 94.56 148.76 12.76 151.38 31.61
51.05 3.68 79.92 125.53 -5.79 7.20 97.26 -4.49 94.94 160.82 23.27 153.35 28.86
51.06 5.76 79.79 125.34 -9.04 9.53 94.47 -2.01 95.05 149.81 6.82 153.05 25.44
51.08 7.74 79.62 125.07 -12.16 9.51 93.08 0.34 94.89 148.45 -10.21 154.37 20.23
51.09 10.06 79.36 124.67 -15.80 14.25 94.58 2.94 94.89 139.85 -0.23 153.47 15.80
51.11 11.84 79.12 124.28 -18.59 14.19 91.80 5.17 94.61 156.34 -19.08 153.78 11.23
51.13 13.86 78.79 123.76 -21.78 18.91 91.95 7.52 94.36 143.91 -15.35 151.51 7.89
51.14 15.84 78.42 123.17 -24.89 18.91 91.95 9.63 94.25 131.80 -6.78 149.91 6.94
51.16 17.81 77.99 122.51 -27.98 23.55 89.40 11.98 93.47 146.52 -48.92 148.03 -2.75
51.18 19.80 77.51 121.75 -31.10 25.93 89.51 14.44 92.84 151.37 -38.68 147.76 -9.64
51.19 21.77 76.98 120.92 -34.19 28.26 88.27 17.02 92.23 159.02 -37.82 148.79 -14.70
51.21 23.71 76.41 120.02 -37.25 30.51 85.70 19.36 91.07 144.49 -71.61 147.15 -24.19
51.22 25.70 75.76 119.00 -40.37 32.99 87.19 21.70 90.34 141.10 -43.77 146.28 -29.24
51.24 27.60 75.09 117.95 -43.35 35.32 86.00 24.28 89.64 161.30 -44.26 147.57 -32.65
51.26 29.51 74.36 116.80 -46.35 37.67 84.81 26.62 88.66 143.93 -60.04 147.98 -38.63
51.27 31.43 73.57 115.56 -49.38 39.84 80.98 29.19 87.58 154.55 -65.17 147.80 -43.24
51.29 33.28 72.75 114.27 -52.28 42.37 82.48 31.54 86.63 146.09 -58.94 148.02 -47.60
51.31 35.12 71.88 112.91 -55.17 44.64 80.02 34.11 85.44 158.84 -73.67 150.72 -54.29
51.32 36.96 70.95 111.45 -58.06 47.01 78.89 36.45 84.39 142.91 -64.03 150.36 -55.80
51.34 38.76 69.98 109.93 -60.88 49.40 77.77 38.80 83.21 144.42 -72.26 149.66 -59.16
51.36 40.50 68.99 108.37 -63.61 51.80 76.66 41.16 82.05 147.83 -72.90 148.55 -62.67
51.37 42.41 67.83 106.55 -66.61 54.10 74.26 43.51 80.91 132.72 -64.35 147.37 -61.94
51.39 44.01 66.81 104.94 -69.13 56.42 71.89 45.86 79.38 155.08 -101.28 148.77 -67.69
51.40 45.74 65.63 103.09 -71.85 58.87 70.81 48.21 77.86 140.97 -90.92 146.73 -72.36
51.42 47.36 64.48 101.28 -74.39 58.76 69.53 50.32 76.33 133.65 -96.83 145.71 -76.04
51.44 49.03 63.21 99.30 -77.02 63.70 67.40 52.71 74.97 142.85 -81.31 144.54 -77.65
51.45 50.56 62.00 97.39 -79.41 66.20 66.35 55.09 73.36 153.73 -104.06 145.30 -82.16
51.47 52.17 60.65 95.27 -81.95 65.98 63.81 57.22 71.74 127.47 -96.79 142.16 -84.47
51.48 53.72 59.28 93.12 -84.39 65.77 61.30 59.10 69.98 113.81 -106.73 139.25 -88.74
51.50 55.20 57.91 90.96 -86.70 70.94 60.47 61.25 68.25 134.43 -107.98 138.25 -92.32
51.52 56.65 56.49 88.73 -88.99 73.30 56.92 63.41 66.28 132.96 -122.03 136.77 -97.23
51.53 58.06 55.03 86.45 -91.21 76.13 58.40 65.61 64.69 136.45 -98.30 137.14 -100.62
51.55 59.47 53.51 84.06 -93.41 75.81 54.64 67.55 62.96 117.75 -104.76 133.41 -100.97
51.57 60.78 52.02 81.71 -95.48 72.91 51.98 68.95 61.08 88.59 -118.77 128.17 -103.76
51.58 62.08 50.46 79.26 -97.52 78.05 48.67 70.88 58.99 119.54 -129.25 126.76 -107.00
51.60 63.36 48.85 76.73 -99.52 80.72 47.63 72.58 57.02 104.07 -120.92 122.88 -110.96
51.61 64.58 47.22 74.17 -101.44 80.63 46.40 74.02 55.02 89.03 -123.12 116.41 -112.86
51.63 65.70 45.65 71.70 -103.20 83.25 44.13 75.75 53.05 112.49 -128.22 114.91 -116.01
51.65 66.83 43.98 69.08 -104.97 83.00 40.48 77.47 50.97 107.36 -129.69 114.27 -118.30
51.66 68.00 42.15 66.21 -106.81 85.91 41.86 78.97 49.11 86.62 -107.70 109.49 -118.28
51.68 69.04 40.41 63.48 -108.45 82.86 38.07 79.93 47.23 59.31 -117.07 102.12 -117.78
51.70 70.02 38.69 60.77 -109.99 85.47 34.59 80.86 44.85 59.08 -150.55 94.38 -123.01
51.71 71.00 36.87 57.92 -111.52 85.35 32.19 81.81 42.60 58.22 -136.90 88.43 -126.22
51.73 71.89 35.09 55.12 -112.93 88.10 29.90 83.33 40.39 95.73 -139.23 89.14 -128.26
51.74 72.77 33.22 52.19 -114.31 88.10 29.90 84.34 38.51 61.18 -114.33 83.31 -126.77
51.76 73.58 31.39 49.31 -115.59 90.81 25.19 85.35 36.27 63.21 -140.58 79.22 -128.74
51.78 74.37 29.49 46.32 -116.81 87.85 22.73 86.07 33.90 44.17 -144.74 74.74 -130.90
51.79 75.09 27.58 43.33 -117.96 90.71 21.60 86.81 31.65 45.92 -138.72 68.08 -131.95
51.81 75.79 25.61 40.23 -119.05 90.66 19.21 87.58 29.52 45.94 -127.71 61.94 -131.75
51.83 76.40 23.72 37.25 -120.01 90.64 18.02 88.05 27.14 29.87 -150.65 56.26 -136.05
51.84 77.00 21.71 34.10 -120.95 93.53 14.46 89.12 24.78 63.95 -141.48 56.73 -138.49
51.86 77.53 19.74 31.01 -121.78 90.59 10.87 89.63 22.41 31.64 -146.55 53.98 -138.09
51.87 78.00 17.76 27.90 -122.53 93.52 10.86 90.45 20.27 50.36 -131.47 53.20 -137.55
51.89 78.43 15.77 24.77 -123.20 93.53 9.66 90.99 18.25 33.50 -124.76 46.97 -136.10
51.91 78.81 13.74 21.59 -123.80 90.62 7.29 91.24 15.99 15.41 -138.08 42.40 -138.48
51.92 79.13 11.79 18.52 -124.29 93.61 3.67 91.53 13.84 17.79 -136.54 37.86 -138.07
51.94 79.40 9.75 15.31 -124.73 90.70 2.52 91.81 11.82 17.40 -123.37 35.18 -135.93
51.96 79.63 7.65 12.01 -125.09 90.80 -1.07 91.82 9.55 0.58 -134.76 30.64 -135.54
51.97 79.80 5.65 8.87 -125.35 93.74 -1.15 92.13 7.51 19.35 -127.56 27.99 -135.52
51.99 79.92 3.62 5.68 -125.54 90.93 -4.68 92.16 5.24 1.85 -140.07 25.18 -134.46
52.00 79.99 1.51 2.36 -125.64 91.10 -8.30 91.92 2.97 -14.45 -135.39 17.34 -133.86
52.02 80.00 -0.47 -0.74 -125.66 91.16 -9.51 91.97 0.93 3.63 -129.73 14.54 -132.17
52.04 79.96 -2.50 -3.92 -125.60 91.16 -9.51 91.74 -1.11 -14.62 -126.20 8.04 -131.65
52.05 79.87 -4.54 -7.12 -125.46 91.37 -13.17 91.52 -3.39 -13.27 -140.61 3.37 -133.23
52.07 79.73 -6.61 -10.38 -125.23 91.62 -16.85 91.62 -5.81 6.06 -146.09 2.43 -134.03
52.09 79.53 -8.64 -13.57 -124.93 91.80 -19.33 91.44 -8.11 -11.15 -141.73 -0.46 -134.55
52.10 79.29 -10.65 -16.73 -124.54 91.90 -20.57 91.56 -10.41 7.42 -142.89 -1.46 -136.50
52.12 78.99 -12.67 -19.90 -124.08 92.11 -23.07 91.69 -12.61 8.05 -135.50 -0.71 -136.58
52.13 78.63 -14.73 -23.14 -123.52 86.47 -25.14 90.96 -15.01 -43.76 -144.20 -7.03 -138.24
52.15 78.24 -16.69 -26.22 -122.90 89.49 -26.61 90.82 -17.21 -9.11 -137.91 -8.12 -138.03
52.17 77.78 -18.70 -29.38 -122.18 89.85 -30.41 90.69 -19.42 -7.61 -134.70 -7.44 -137.96
52.18 77.28 -20.68 -32.48 -121.39 87.04 -31.43 90.28 -21.61 -25.41 -135.21 -10.34 -138.50
52.20 76.72 -22.68 -35.62 -120.51 87.44 -35.28 89.91 -24.18 -22.49 -155.72 -11.13 -141.46
52.22 76.11 -24.66 -38.73 -119.55 84.54 -35.01 89.23 -26.37 -41.42 -132.32 -13.94 -140.63
52.23 75.46 -26.56 -41.72 -118.54 80.66 -38.46 88.13 -28.53 -68.60 -135.29 -21.41 -139.55
52.25 74.76 -28.48 -44.73 -117.43 79.26 -38.33 86.88 -30.43 -77.14 -116.82 -28.01 -137.06
52.26 74.03 -30.32 -47.63 -116.29 82.99 -46.49 85.98 -33.02 -56.61 -164.59 -34.41 -139.23
52.28 73.24 -32.18 -50.54 -115.05 81.39 -45.00 84.91 -35.22 -66.75 -136.53 -41.89 -139.33
52.30 72.35 -34.14 -53.63 -113.65 83.68 -51.91 84.63 -37.89 -16.21 -155.90 -39.14 -140.50
52.31 71.47 -35.95 -56.47 -112.26 80.95 -52.92 83.78 -40.52 -53.38 -164.63 -43.56 -143.17
52.33 70.53 -37.76 -59.31 -110.79 83.68 -51.91 83.16 -42.67 -37.99 -132.38 -46.60 -142.94
52.35 69.57 -39.50 -62.04 -109.28 81.14 -54.30 82.57 -44.96 -37.36 -144.60 -47.80 -143.88
52.36 68.52 -41.30 -64.87 -107.63 78.26 -53.94 81.65 -46.83 -55.40 -112.65 -51.09 -139.57
52.38 67.46 -43.00 -67.54 -105.97 81.71 -58.50 81.37 -49.18 -17.73 -147.37 -48.72 -141.08
52.39 66.30 -44.78 -70.33 -104.14 80.45 -59.71 81.35 -51.30 -1.24 -125.68 -41.98 -140.12
52.41 65.15 -46.43 -72.93 -102.34 69.17 -58.27 80.34 -53.30 -62.97 -124.53 -40.56 -140.89
52.43 63.95 -48.07 -75.50 -100.45 71.06 -62.64 79.15 -54.91 -73.79 -99.98 -42.28 -134.43
52.44 62.70 -49.68 -78.04 -98.49 61.41 -60.11 77.15 -56.42 -122.83 -92.95 -47.89 -130.07
52.46 61.44 -51.23 -80.48 -96.51 62.89 -61.65 75.07 -57.40 -130.89 -61.28 -59.36 -120.60
52.48 60.12 -52.78 -82.91 -94.43 68.65 -65.14 73.84 -58.62 -75.85 -75.30 -61.61 -111.67
52.49 58.72 -54.33 -85.35 -92.23 64.72 -66.04 71.95 -60.03 -114.02 -84.98 -69.21 -106.93
52.51 57.33 -55.80 -87.65 -90.05 59.52 -66.82 69.79 -61.28 -134.49 -77.88 -78.92 -100.26
52.52 55.83 -57.30 -90.01 -87.69 58.35 -68.10 67.79 -62.70 -117.97 -83.85 -85.18 -97.38
52.54 54.39 -58.66 -92.15 -85.44 58.66 -70.99 65.49 -63.95 -146.46 -79.41 -98.05 -90.58
52.56 52.84 -60.06 -94.35 -83.00 53.54 -71.83 62.80 -65.16 -161.71 -72.79 -114.10 -85.29
52.57 51.32 -61.37 -96.40 -80.62 55.01 -73.45 61.38 -66.68 -88.89 -95.26 -116.69 -82.37
52.59 49.74 -62.66 -98.42 -78.13 51.23 -74.47 59.40 -67.86 -121.95 -72.69 -121.51 -79.64
52.60 48.11 -63.92 -100.40 -75.57 48.92 -77.15 58.15 -69.56 -76.32 -104.11 -116.86 -80.75
52.62 46.52 -65.08 -102.23 -73.08 43.65 -75.13 56.22 -70.91 -122.74 -85.99 -116.04 -83.23
52.64 44.85 -66.24 -104.06 -70.45 43.77 -76.60 53.74 -72.06 -153.65 -70.83 -123.82 -82.78
52.65 43.16 -67.36 -105.81 -67.79 38.94 -79.10 51.16 -73.36 -159.43 -80.77 -128.36 -82.36
52.67 41.49 -68.40 -107.45 -65.17 36.43 -78.88 48.85 -74.57 -147.43 -77.00 -129.65 -82.27
52.69 39.73 -69.44 -109.07 -62.41 38.03 -83.55 46.82 -76.12 -125.29 -95.34 -130.39 -83.42
52.70 37.89 -70.46 -110.68 -59.51 31.45 -78.48 44.10 -76.86 -162.10 -44.61 -131.95 -79.94
52.72 36.09 -71.39 -112.15 -56.70 34.24 -83.21 42.17 -78.00 -120.01 -70.79 -127.78 -79.74
52.73 34.26 -72.29 -113.56 -53.81 31.73 -83.01 39.84 -78.96 -143.18 -58.82 -133.21 -76.10
52.75 32.41 -73.14 -114.89 -50.90 26.76 -82.65 37.39 -79.78 -150.75 -50.44 -136.09 -73.87
52.77 30.50 -73.96 -116.17 -47.91 26.85 -84.18 35.19 -80.48 -133.91 -42.66 -141.85 -67.73
52.78 28.63 -74.70 -117.34 -44.98 21.85 -82.36 33.01 -81.20 -136.34 -45.25 -143.21 -63.65
52.80 26.74 -75.40 -118.44 -42.00 21.98 -85.43 30.83 -82.09 -135.42 -54.80 -141.39 -62.05
52.82 24.73 -76.08 -119.51 -38.84 22.05 -86.98 29.14 -82.87 -100.17 -46.70 -135.46 -58.64
52.83 22.87 -76.66 -120.42 -35.92 15.89 -86.69 27.08 -83.66 -132.36 -50.33 -133.95 -55.97
52.85 20.81 -77.24 -121.34 -32.70 15.84 -85.14 24.86 -83.81 -130.71 -9.35 -134.49 -47.38
52.86 18.83 -77.75 -122.13 -29.59 13.48 -88.17 23.07 -84.78 -110.46 -59.53 -129.33 -48.87
52.88 16.92 -78.19 -122.82 -26.58 11.00 -86.53 20.74 -85.11 -148.55 -21.22 -132.18 -43.91
52.90 14.92 -78.60 -123.46 -23.44 9.81 -88.07 18.55 -85.62 -135.31 -31.20 -131.40 -41.15
52.91 12.91 -78.95 -124.02 -20.28 7.34 -86.46 16.61 -86.00 -119.23 -23.38 -128.25 -38.44
52.93 10.90 -79.25 -124.49 -17.13 3.70 -87.98 14.29 -86.38 -143.52 -23.56 -129.21 -36.53
52.95 8.82 -79.51 -124.90 -13.85 2.48 -87.98 12.36 -86.94 -115.74 -33.57 -127.15 -35.36
52.96 6.81 -79.71 -125.21 -10.69 0.03 -91.15 10.16 -87.52 -136.53 -35.63 -127.26 -33.45
52.98 4.76 -79.86 -125.44 -7.48 0.05 -86.43 7.96 -87.46 -134.84 3.40 -130.72 -28.44
52.99 2.70 -79.95 -125.59 -4.25 -2.40 -88.01 6.13 -87.59 -111.63 -8.04 -128.65 -24.21
53.01 0.64 -80.00 -125.66 -1.01 -4.84 -88.05 4.06 -87.88 -126.18 -17.71 -128.20 -25.04
53.03 -1.31 -79.99 -125.65 2.06 -7.26 -86.54 1.99 -87.72 -133.44 10.46 -130.50 -18.04
53.04 -3.37 -79.93 -125.55 5.30 -10.97 -88.22 -0.21 -87.89 -133.79 -10.26 -129.02 -16.95
53.06 -5.45 -79.81 -125.37 8.57 -12.20 -88.27 -2.41 -87.91 -132.51 -1.20 -128.74 -13.95
53.08 -7.51 -79.65 -125.11 11.80 -13.38 -86.75 -4.48 -87.94 -126.12 -1.77 -129.43 -11.79
53.09 -9.53 -79.43 -124.77 14.97 -15.84 -86.86 -6.43 -87.83 -120.98 6.92 -127.18 -8.74
53.11 -11.52 -79.17 -124.35 18.09 -17.21 -90.09 -8.40 -88.04 -123.48 -13.23 -127.95 -6.70
53.12 -13.54 -78.85 -123.85 21.27 -19.47 -85.51 -10.35 -87.47 -119.69 34.64 -126.27 0.32
53.14 -15.60 -78.46 -123.25 24.51 -19.47 -85.51 -12.30 -87.38 -116.94 5.48 -124.48 0.53
53.16 -17.56 -78.05 -122.60 27.58 -24.35 -84.29 -14.50 -87.01 -137.76 23.35 -127.09 3.67
53.17 -19.55 -77.57 -121.85 30.72 -28.10 -84.57 -16.82 -86.66 -142.50 21.29 -128.72 7.57
53.19 -21.52 -77.05 -121.03 33.81 -28.00 -83.03 -18.90 -86.31 -127.93 21.65 -128.17 8.69
53.21 -23.49 -76.47 -120.13 36.89 -29.15 -81.60 -20.72 -85.65 -111.62 40.61 -125.95 13.78
53.22 -25.42 -75.85 -119.15 39.93 -33.03 -83.46 -22.80 -85.17 -128.89 29.72 -125.59 16.87
53.24 -27.34 -75.18 -118.09 42.95 -34.18 -82.04 -24.88 -84.70 -128.31 29.04 -125.81 19.95
53.25 -29.29 -74.45 -116.94 46.01 -36.60 -80.76 -26.96 -84.09 -125.57 36.92 -126.27 22.95
53.27 -31.13 -73.69 -115.76 48.90 -36.48 -79.25 -28.88 -83.00 -121.64 68.42 -126.09 31.11
53.29 -33.02 -72.87 -114.46 51.86 -40.45 -81.15 -30.98 -82.57 -128.11 26.61 -126.93 30.31
53.30 -34.83 -72.02 -113.12 54.72 -42.75 -78.40 -33.31 -81.86 -145.61 44.50 -129.79 34.21
53.32 -36.73 -71.07 -111.64 57.70 -42.34 -73.94 -35.11 -80.82 -106.65 61.34 -126.68 38.01
53.34 -38.47 -70.14 -110.18 60.43 -44.91 -74.21 -36.79 -79.79 -107.05 65.97 -123.14 42.48
53.35 -40.25 -69.14 -108.60 63.23 -46.06 -72.88 -38.60 -78.77 -111.13 62.42 -121.46 46.55
53.37 -42.01 -68.08 -106.94 66.00 -49.97 -73.33 -40.68 -77.94 -127.27 50.60 -123.02 47.55
53.38 -43.77 -66.96 -105.19 68.75 -51.13 -72.01 -42.49 -76.80 -109.30 69.14 -121.06 51.50
53.40 -45.47 -65.82 -103.40 71.42 -53.62 -70.87 -44.43 -75.68 -119.53 68.74 -120.19 55.46
53.42 -47.15 -64.63 -101.52 74.06 -54.79 -69.57 -46.25 -74.56 -110.95 68.26 -118.72 58.60
53.43 -48.73 -63.44 -99.66 76.55 -54.95 -71.03 -48.10 -73.74 -117.13 52.12 -118.27 56.97
53.45 -50.35 -62.17 -97.65 79.10 -58.47 -67.18 -49.90 -72.34 -109.69 85.04 -116.43 62.81
53.47 -51.92 -60.87 -95.61 81.55 -59.65 -65.91 -51.59 -71.09 -104.58 77.23 -112.33 66.08
53.48 -53.45 -59.52 -93.49 83.97 -60.68 -63.24 -53.42 -70.02 -112.71 65.79 -112.93 66.53
53.50 -54.95 -58.14 -91.33 86.32 -60.36 -60.44 -54.97 -68.65 -95.33 84.96 -111.76 68.43
53.51 -56.45 -56.68 -89.04 88.67 -65.63 -59.69 -56.92 -67.33 -117.64 79.31 -112.41 70.12
53.53 -57.84 -55.27 -86.82 90.85 -65.46 -58.31 -58.47 -65.82 -98.17 95.19 -109.50 74.58
53.55 -59.24 -53.76 -84.45 93.05 -65.30 -56.93 -59.89 -64.32 -86.66 92.26 -107.24 76.89
53.56 -60.63 -52.19 -81.98 95.24 -67.89 -55.88 -61.32 -62.82 -85.34 89.65 -103.82 78.98
53.58 -61.95 -50.62 -79.51 97.31 -67.42 -51.81 -62.58 -61.04 -77.28 108.72 -100.45 83.03
53.60 -63.21 -49.03 -77.02 99.29 -67.12 -49.14 -63.80 -58.85 -75.55 135.85 -96.30 91.40
53.61 -64.43 -47.42 -74.48 101.21 -68.35 -47.96 -64.79 -56.93 -61.23 119.23 -91.45 94.82
53.63 -65.55 -45.87 -72.05 102.96 -72.34 -47.07 -66.05 -55.05 -83.59 124.14 -89.35 99.51
53.64 -66.67 -44.21 -69.45 104.73 -72.19 -45.75 -67.21 -53.30 -72.35 109.86 -85.32 103.92
53.66 -67.79 -42.48 -66.73 106.48 -72.05 -44.43 -68.37 -51.70 -71.26 97.56 -82.91 105.18
53.68 -68.84 -40.75 -64.01 108.14 -74.70 -43.41 -69.28 -50.07 -56.21 100.87 -76.76 107.33
53.69 -69.87 -38.97 -61.22 109.74 -78.38 -38.63 -70.57 -48.10 -79.27 120.73 -74.87 109.89
53.71 -70.83 -37.19 -58.41 111.26 -76.83 -37.20 -71.73 -46.13 -71.31 122.00 -73.34 112.86
53.73 -71.78 -35.33 -55.49 112.75 -79.54 -36.18 -72.89 -44.16 -70.21 118.64 -71.83 115.76
53.74 -72.67 -33.45 -52.54 114.15 -79.04 -31.09 -74.05 -42.09 -70.12 124.97 -71.11 117.38
53.76 -73.50 -31.60 -49.63 115.45 -79.16 -32.36 -75.26 -40.41 -74.73 104.19 -71.03 114.22
53.77 -74.28 -29.71 -46.67 116.67 -78.81 -28.58 -76.31 -38.47 -64.53 119.45 -71.36 114.24
53.79 -75.03 -27.75 -43.59 117.86 -81.34 -25.05 -77.20 -36.27 -53.70 131.46 -68.37 114.97
53.81 -75.69 -25.91 -40.70 118.89 -78.31 -22.39 -77.82 -33.93 -39.37 150.39 -65.07 119.03
53.82 -76.33 -23.97 -37.64 119.89 -83.91 -21.53 -79.00 -31.64 -72.80 140.54 -65.22 123.32
53.84 -76.91 -22.02 -34.59 120.81 -80.78 -17.67 -79.61 -29.07 -37.68 159.52 -63.37 129.19
53.86 -77.46 -20.00 -31.42 121.67 -83.40 -14.18 -80.11 -26.62 -30.08 146.63 -58.45 131.78
53.87 -77.95 -18.00 -28.27 122.44 -83.33 -12.96 -80.76 -24.20 -39.54 147.54 -55.28 134.33
53.89 -78.37 -16.06 -25.23 123.10 -81.71 -9.28 -80.98 -21.51 -13.75 170.76 -49.63 139.54
53.90 -78.77 -14.00 -21.99 123.72 -83.02 -6.94 -81.38 -19.09 -23.83 144.72 -45.00 141.52
53.92 -79.09 -12.03 -18.90 124.23 -82.92 -4.54 -81.75 -16.31 -23.64 174.97 -39.89 148.60
53.94 -79.37 -10.03 -15.75 124.67 -82.87 -3.35 -82.16 -13.79 -25.25 156.90 -35.96 152.34
53.95 -79.60 -7.97 -12.53 125.04 -85.66 -1.04 -82.59 -11.39 -26.27 145.87 -33.22 153.78
53.97 -79.78 -5.94 -9.33 125.32 -85.56 2.54 -83.31 -8.90 -44.63 153.45 -33.75 154.09
53.98 -79.91 -3.89 -6.10 125.52 -85.54 3.73 -83.48 -6.37 -9.91 154.27 -27.46 155.46
54.00 -79.98 -1.90 -2.98 125.63 -85.48 7.31 -83.95 -3.87 -29.64 157.60 -26.65 155.27
54.02 -80.00 0.21 0.32 125.66 -86.93 7.29 -84.30 -1.72 -21.10 128.39 -25.76 153.45
54.03 -79.97 2.23 3.51 125.61 -82.60 10.88 -84.23 0.66 4.52 147.86 -21.35 153.48
54.05 -79.89 4.24 6.66 125.49 -82.60 12.06 -84.32 2.79 -5.55 133.28 -20.53 149.73
54.07 -79.75 6.32 9.92 125.27 -85.46 14.44 -84.56 4.93 -14.76 129.13 -19.62 148.17
54.08 -79.57 8.33 13.08 124.98 -82.64 17.97 -84.53 7.18 1.73 140.01 -17.09 144.68
54.10 -79.33 10.32 16.21 124.61 -82.66 19.15 -84.51 9.43 1.35 140.91 -14.43 143.08
54.12 -79.04 12.36 19.41 124.16 -85.52 19.19 -84.50 11.46 0.88 123.80 -11.71 140.87
54.13 -78.68 14.48 22.75 123.59 -82.70 21.52 -84.21 13.35 16.64 110.45 -5.58 136.57
54.15 -78.30 16.38 25.73 123.00 -82.80 25.09 -83.94 15.49 17.80 138.74 -2.81 135.02
54.16 -77.85 18.42 28.93 122.29 -85.70 26.36 -83.96 17.39 -1.35 114.80 0.02 130.74
54.18 -77.35 20.44 32.10 121.49 -82.92 28.66 -83.56 19.53 24.16 128.87 4.54 130.79
54.20 -76.83 22.31 35.04 120.68 -82.97 29.86 -83.60 21.43 -2.41 122.84 3.85 128.28
54.21 -76.18 24.41 38.35 119.67 -83.02 31.06 -83.64 23.33 -2.43 108.60 4.16 125.81
54.23 -75.57 26.25 41.23 118.71 -83.20 34.67 -83.41 25.35 14.70 131.52 7.11 126.05
54.25 -74.87 28.18 44.27 117.61 -83.26 35.87 -83.47 27.14 -3.81 109.14 6.55 122.97
54.26 -74.14 30.05 47.20 116.46 -83.41 38.30 -83.55 29.06 -4.72 120.35 5.95 120.91
54.28 -73.36 31.92 50.14 115.23 -80.71 40.58 -83.07 31.20 29.73 132.26 8.83 121.76
54.29 -72.50 33.81 53.11 113.89 -78.14 44.07 -82.61 33.45 27.63 136.59 9.93 124.37
54.31 -71.63 35.63 55.97 112.51 -78.23 45.29 -82.16 35.47 28.39 125.56 10.99 123.05
54.33 -70.69 37.45 58.82 111.05 -75.54 46.33 -81.14 37.47 62.54 122.90 17.38 123.86
54.34 -69.69 39.28 61.70 109.47 -78.41 47.74 -80.69 39.38 27.15 114.87 17.68 122.46
54.36 -68.69 41.01 64.41 107.90 -73.07 49.82 -79.70 41.37 62.34 125.67 24.15 122.75
54.38 -67.61 42.76 67.17 106.20 -74.63 52.39 -78.86 43.51 51.17 130.11 29.51 124.90
54.39 -66.48 44.51 69.91 104.42 -73.26 52.29 -77.87 45.27 60.06 106.47 34.05 122.39
54.41 -65.34 46.17 72.52 102.63 -70.74 54.56 -76.61 47.14 78.11 116.52 42.24 123.13
54.42 -64.16 47.78 75.06 100.78 -68.25 56.84 -75.10 48.99 95.27 116.54 52.24 122.75
54.44 -62.84 49.51 77.77 98.71 -69.92 60.71 -74.02 51.00 62.29 116.29 55.49 121.15
54.46 -61.61 51.03 80.16 96.78 -68.57 60.60 -73.06 52.66 61.56 106.34 58.89 118.13
54.47 -60.27 52.61 82.64 94.67 -67.45 63.02 -71.98 54.43 65.25 107.38 62.57 116.31
54.49 -58.95 54.09 84.96 92.59 -64.90 64.06 -70.92 56.20 67.64 112.67 63.08 115.29
54.51 -57.49 55.63 87.38 90.31 -63.80 66.49 -69.46 58.08 86.49 111.01 69.02 114.90
54.52 -56.01 57.12 89.72 87.98 -61.17 66.26 -68.27 59.72 71.18 98.36 69.90 112.17
54.54 -54.58 58.49 91.87 85.74 -58.68 67.32 -66.67 61.22 101.28 94.76 74.91 108.63
54.55 -53.12 59.82 93.96 83.44 -60.20 70.00 -65.37 62.99 83.13 112.80 77.22 109.27
54.57 -51.59 61.14 96.05 81.03 -59.02 71.18 -64.20 64.65 72.62 102.94 76.67 107.91
54.59 -50.00 62.45 98.10 78.54 -55.36 73.43 -62.91 66.31 78.70 101.28 75.01 106.38
54.60 -48.31 63.76 100.16 75.89 -55.36 73.43 -61.45 67.58 85.58 74.71 77.34 102.23
54.62 -46.75 64.92 101.97 73.44 -50.59 76.90 -59.65 69.21 116.62 105.72 82.85 102.16
54.63 -45.17 66.02 103.71 70.96 -48.06 76.69 -57.71 70.57 126.28 89.01 88.95 100.33
54.65 -43.43 67.19 105.54 68.22 -45.66 77.79 -55.79 71.95 115.27 82.31 93.71 97.29
54.67 -41.75 68.24 107.19 65.59 -45.77 79.11 -53.99 73.21 114.60 80.16 96.53 94.21
54.68 -39.98 69.29 108.85 62.80 -44.62 80.33 -52.33 74.62 100.78 85.68 99.48 92.94
54.70 -38.20 70.29 110.41 60.00 -41.10 82.70 -50.57 76.15 108.11 94.57 100.17 92.92
54.72 -36.41 71.23 111.90 57.19 -39.96 83.94 -48.55 77.55 125.81 86.63 104.44 90.30
54.73 -34.53 72.16 113.35 54.24 -36.46 86.36 -46.29 79.07 135.31 91.07 110.70 89.11
54.75 -32.69 73.02 114.69 51.35 -36.36 85.01 -44.39 80.22 117.63 71.69 114.60 86.16
54.76 -30.84 73.82 115.95 48.45 -31.58 86.01 -42.02 81.48 148.54 78.62 120.89 86.55
54.78 -28.90 74.60 117.17 45.40 -31.66 87.37 -40.12 82.53 113.88 62.97 120.62 82.27
54.80 -27.02 75.30 118.28 42.44 -26.98 89.79 -38.01 83.84 131.56 81.78 121.15 81.55
54.81 -25.08 75.97 119.33 39.40 -26.98 89.79 -36.15 85.04 114.83 73.76 121.10 80.69
54.83 -23.14 76.58 120.29 36.34 -23.38 89.59 -33.91 86.09 137.62 64.41 123.41 79.12
54.85 -21.20 77.14 121.17 33.30 -22.25 90.90 -31.67 87.15 139.56 65.91 127.28 77.14
54.86 -19.23 77.65 121.98 30.21 -18.73 92.11 -29.43 88.09 138.19 58.13 130.29 73.50
54.88 -17.07 78.16 122.77 26.82 -17.44 89.31 -27.18 88.62 127.63 30.41 130.47 67.88
54.89 -15.15 78.55 123.39 23.80 -15.12 90.58 -25.05 89.05 136.96 27.11 130.64 61.48
54.91 -13.24 78.90 123.93 20.79 -13.98 91.92 -22.81 89.74 144.38 44.58 133.31 58.77
54.93 -11.21 79.21 124.42 17.61 -9.29 93.16 -20.58 90.45 136.39 43.73 132.10 55.28
54.94 -9.11 79.48 124.85 14.31 -9.29 93.16 -18.34 91.03 133.09 34.44 134.02 52.43
54.96 -7.15 79.68 125.16 11.23 -4.56 91.68 -16.10 91.22 142.70 12.04 135.13 45.45
54.98 -5.12 79.84 125.41 8.04 -4.58 93.06 -13.86 91.55 138.39 20.22 137.49 40.10
54.99 -3.03 79.94 125.57 4.75 0.11 94.41 -11.51 92.03 140.75 28.91 137.80 36.55
55.01 -1.03 79.99 125.65 1.63 0.12 93.02 -9.28 92.24 141.04 13.38 137.95 31.29
55.02 1.03 79.99 125.65 -1.62 1.29 94.41 -7.27 92.47 121.89 14.02 136.32 26.88
55.04 3.12 79.94 125.57 -4.90 4.80 91.65 -5.05 92.70 133.46 14.03 136.90 25.24
55.06 5.11 79.84 125.41 -8.02 9.49 91.70 -2.59 92.82 155.64 7.06 138.77 23.24
55.07 7.14 79.68 125.16 -11.22 10.64 90.35 -0.13 92.66 151.41 -9.64 139.47 17.82
55.09 9.24 79.46 124.82 -14.52 11.81 90.37 1.98 92.38 125.57 -16.58 138.39 11.79
55.11 11.28 79.20 124.41 -17.72 11.76 87.66 4.09 91.83 128.73 -33.61 137.96 4.98
55.12 13.27 78.89 123.92 -20.85 19.96 87.90 6.54 91.45 153.03 -23.64 138.99 1.41
55.14 15.27 78.53 123.35 -23.99 18.74 86.51 8.87 90.80 144.03 -40.48 139.55 -4.66
55.15 17.26 78.12 122.70 -27.11 23.45 86.69 11.21 90.02 144.58 -47.83 139.94 -12.33
55.17 19.23 77.65 121.98 -30.21 23.40 85.35 13.53 89.26 144.51 -47.60 140.28 -18.43
55.19 21.25 77.12 121.15 -33.39 25.76 85.46 15.98 88.36 147.08 -53.80 142.80 -25.21
55.20 23.15 76.58 120.29 -36.36 29.32 85.64 18.43 87.76 156.19 -38.28 145.08 -30.44
55.22 25.10 75.96 119.32 -39.43 28.01 82.91 20.29 86.88 113.56 -53.86 140.87 -36.53
55.24 27.09 75.27 118.24 -42.56 32.77 83.17 22.50 86.17 132.22 -42.89 138.95 -39.86
55.25 28.97 74.57 117.14 -45.50 35.17 83.31 24.83 85.46 146.64 -44.31 141.06 -42.63
55.27 30.85 73.81 115.94 -48.46 37.42 80.82 27.40 84.78 158.63 -42.29 144.05 -43.50
55.28 32.76 72.99 114.65 -51.45 39.93 82.31 29.40 84.22 120.85 -33.82 140.83 -44.52
55.30 34.58 72.14 113.32 -54.32 44.55 78.70 31.98 83.44 161.18 -48.78 142.54 -45.35
55.32 36.44 71.22 111.87 -57.24 44.29 74.80 34.06 82.25 126.08 -71.93 140.69 -47.76
55.33 38.27 70.25 110.35 -60.11 46.73 74.98 36.40 81.21 142.08 -63.17 140.45 -49.31
55.35 40.02 69.27 108.81 -62.86 49.02 72.58 38.72 79.92 145.55 -80.56 140.30 -51.99
55.37 41.78 68.22 107.16 -65.64 48.93 71.31 40.68 78.49 119.93 -87.65 136.67 -56.93
55.38 43.49 67.15 105.47 -68.31 53.80 70.40 43.26 77.24 160.79 -78.00 141.39 -59.34
55.40 45.19 66.01 103.69 -70.99 56.22 69.32 45.61 75.85 144.01 -85.03 142.57 -63.55
55.42 46.86 64.84 101.85 -73.61 58.46 65.72 47.93 74.09 143.52 -108.42 142.26 -69.96
55.43 48.62 63.53 99.79 -76.37 58.46 65.72 50.04 72.58 120.50 -86.50 138.45 -74.39
55.45 50.13 62.34 97.93 -78.75 60.71 62.16 52.12 70.57 135.93 -131.77 139.96 -84.18
55.46 51.68 61.06 95.92 -81.18 63.18 61.10 53.98 68.81 116.44 -109.99 135.48 -90.30
55.48 53.23 59.72 93.81 -83.61 65.67 60.05 56.12 67.33 131.17 -90.48 135.99 -92.16
55.50 54.74 58.34 91.64 -85.99 65.48 57.57 57.99 65.59 114.96 -106.72 133.28 -96.51
55.51 56.20 56.93 89.43 -88.28 67.99 56.53 59.89 63.99 117.65 -99.56 130.49 -98.41
55.53 57.67 55.45 87.10 -90.58 70.53 55.48 62.05 62.41 130.38 -95.50 131.53 -99.20
55.54 59.04 53.98 84.80 -92.74 72.91 51.98 63.96 60.56 119.51 -115.21 127.41 -102.92
55.56 60.40 52.45 82.39 -94.88 73.01 53.21 65.64 58.95 102.89 -98.78 123.29 -104.29
55.58 61.75 50.86 79.89 -97.00 75.33 48.49 67.33 57.23 101.50 -103.63 119.09 -103.81
55.59 62.99 49.31 77.46 -98.95 75.16 46.06 69.00 55.26 105.85 -124.53 117.63 -107.62
55.61 64.23 47.69 74.91 -100.90 77.87 46.23 70.71 53.67 105.65 -98.05 114.60 -104.24
55.62 65.36 46.14 72.47 -102.66 80.46 43.96 72.44 51.96 113.24 -112.33 114.28 -104.48
55.64 66.50 44.47 69.85 -104.46 83.16 42.91 74.19 50.24 108.59 -106.40 112.02 -106.07
55.66 67.64 42.71 67.09 -106.25 82.93 39.27 75.94 48.41 104.80 -109.91 111.01 -106.39
55.67 68.69 41.01 64.42 -107.90 82.79 36.87 77.42 46.45 93.01 -123.59 108.54 -108.79
55.69 69.73 39.21 61.59 -109.54 85.60 37.00 78.92 44.60 90.94 -111.53 104.60 -110.40
55.71 70.69 37.45 58.82 -111.05 82.67 34.47 79.90 42.85 61.15 -109.80 98.76 -109.86
55.72 71.68 35.51 55.79 -112.60 85.41 33.39 81.14 40.87 71.74 -114.62 95.65 -111.44
55.74 72.53 33.76 53.03 -113.93 85.30 30.99 82.14 39.12 64.39 -113.01 91.93 -112.38
55.76 73.41 31.79 49.93 -115.32 85.25 29.80 83.14 37.49 58.65 -94.58 87.22 -109.38
55.77 74.16 30.00 47.12 -116.49 90.89 27.59 84.45 35.63 84.35 -120.76 85.09 -111.65
55.79 74.90 28.11 44.15 -117.65 87.85 22.73 85.19 33.50 45.73 -131.29 78.33 -113.55
55.80 75.58 26.22 41.19 -118.72 87.82 21.54 85.65 31.37 29.27 -134.16 70.40 -116.32
55.82 76.25 24.20 38.02 -119.77 90.68 20.40 86.43 29.48 45.73 -111.35 64.50 -116.47
55.84 76.83 22.31 35.05 -120.68 90.62 16.82 87.21 27.47 49.79 -127.43 60.17 -116.85
55.85 77.36 20.37 31.99 -121.52 90.62 16.82 87.71 25.46 31.22 -125.56 54.20 -118.26
55.87 77.87 18.32 28.78 -122.32 90.59 13.25 88.50 23.34 47.25 -126.46 52.81 -119.92
55.89 78.31 16.36 25.70 -123.01 90.59 10.87 89.02 21.08 32.48 -141.16 48.89 -122.58
55.90 78.71 14.32 22.49 -123.63 90.62 7.29 89.55 18.71 32.06 -142.89 45.65 -125.56
55.92 79.05 12.31 19.33 -124.17 93.57 6.07 90.39 16.34 51.28 -146.32 44.92 -130.74
55.93 79.33 10.32 16.22 -124.61 90.70 2.52 90.37 13.83 -1.19 -157.23 36.36 -134.39
55.95 79.57 8.28 13.00 -124.99 90.77 0.13 90.66 11.57 17.75 -137.70 33.56 -135.03
55.97 79.75 6.26 9.83 -125.28 90.80 -1.07 90.96 9.31 18.49 -140.33 32.49 -135.64
55.98 79.89 4.18 6.57 -125.49 90.84 -2.27 90.97 7.04 0.99 -136.85 28.01 -138.19
56.00 79.97 2.16 3.39 -125.62 90.99 -5.88 91.01 4.77 2.27 -140.80 23.26 -139.53
56.02 80.00 0.08 0.12 -125.66 88.20 -8.18 90.77 2.27 -14.64 -151.25 18.67 -142.10
56.03 79.98 -1.94 -3.05 -125.63 91.16 -9.51 90.82 -0.00 3.54 -141.35 14.30 -143.59
56.05 79.90 -3.95 -6.21 -125.51 91.37 -13.17 90.90 -2.41 4.88 -150.30 11.54 -144.50
56.06 79.78 -5.97 -9.38 -125.31 91.53 -15.62 90.99 -4.70 5.68 -142.23 8.91 -144.44
56.08 79.60 -8.01 -12.59 -125.03 88.78 -17.91 90.51 -7.10 -29.40 -147.17 0.84 -144.52
56.10 79.37 -10.03 -15.75 -124.67 86.07 -20.19 90.05 -9.37 -28.66 -140.61 -1.91 -142.86
56.11 79.08 -12.10 -19.01 -124.22 89.16 -22.85 89.89 -11.67 -9.66 -138.11 -4.65 -142.90
56.13 78.75 -14.09 -22.13 -123.70 86.47 -25.14 89.46 -14.07 -27.06 -150.18 -9.21 -143.89
56.15 78.36 -16.09 -25.28 -123.09 83.93 -28.67 88.77 -16.71 -42.48 -162.18 -13.55 -146.42
56.16 77.93 -18.09 -28.42 -122.41 84.04 -29.92 88.07 -19.12 -42.64 -147.62 -18.04 -147.10
56.18 77.43 -20.13 -31.61 -121.62 84.41 -33.73 87.69 -21.67 -22.77 -153.45 -18.86 -147.32
56.19 76.91 -22.01 -34.58 -120.81 80.40 -35.90 86.62 -24.31 -69.06 -169.31 -26.12 -150.12
56.21 76.32 -24.00 -37.69 -119.88 85.74 -45.48 86.05 -27.54 -34.23 -196.20 -30.03 -154.71
56.23 75.66 -25.99 -40.82 -118.85 85.10 -40.19 85.41 -30.00 -38.60 -147.42 -34.46 -155.22
56.24 74.98 -27.89 -43.81 -117.78 88.53 -44.48 85.38 -32.65 -1.56 -165.13 -31.67 -157.02
56.26 74.23 -29.82 -46.84 -116.61 81.23 -43.67 84.90 -35.00 -29.38 -142.55 -31.74 -157.21
56.28 73.44 -31.72 -49.83 -115.36 87.21 -45.65 84.71 -37.28 -11.89 -139.21 -31.97 -157.32
56.29 72.62 -33.56 -52.71 -114.08 74.66 -46.89 83.52 -39.46 -73.84 -136.05 -36.64 -155.91
56.31 71.74 -35.40 -55.61 -112.69 77.76 -49.86 82.91 -41.58 -37.83 -129.93 -36.18 -152.69
56.32 70.83 -37.19 -58.42 -111.26 74.96 -49.55 82.00 -43.54 -56.92 -122.92 -37.61 -150.22
56.34 69.84 -39.02 -61.29 -109.70 72.05 -47.93 80.76 -44.96 -74.77 -85.94 -42.81 -143.46
56.36 68.81 -40.81 -64.10 -108.09 75.44 -53.60 80.27 -46.73 -30.21 -107.72 -38.92 -137.31
56.37 67.71 -42.60 -66.92 -106.36 77.38 -57.92 79.43 -47.97 -49.89 -74.23 -40.49 -125.11
56.39 66.69 -44.19 -69.42 -104.75 70.71 -59.83 77.99 -49.94 -95.68 -130.60 -46.20 -123.43
56.41 65.48 -45.96 -72.19 -102.86 72.46 -62.83 76.39 -51.77 -94.61 -108.02 -55.50 -117.72
56.42 64.31 -47.59 -74.75 -101.01 65.58 -61.96 74.82 -53.60 -97.62 -114.01 -62.32 -114.86
56.44 63.07 -49.21 -77.31 -99.07 65.58 -61.96 72.66 -55.23 -133.31 -100.49 -74.47 -110.99
56.45 61.77 -50.84 -79.85 -97.03 71.25 -64.07 72.32 -56.95 -20.62 -103.82 -69.15 -107.77
56.47 60.45 -52.40 -82.30 -94.96 63.54 -67.31 70.89 -58.69 -87.51 -107.35 -74.11 -105.51
56.49 59.14 -53.88 -84.63 -92.90 62.35 -68.58 69.63 -60.60 -80.04 -120.90 -76.43 -105.31
56.50 57.75 -55.37 -86.97 -90.71 58.50 -69.54 68.28 -62.76 -83.47 -133.13 -77.30 -110.03
56.52 56.29 -56.84 -89.29 -88.43 56.01 -70.68 66.34 -64.47 -117.94 -103.69 -86.07 -109.63
56.54 54.78 -58.30 -91.58 -86.05 53.39 -70.38 63.94 -65.71 -143.35 -74.45 -95.41 -109.65
56.55 53.34 -59.62 -93.65 -83.79 52.24 -71.68 62.09 -66.90 -118.75 -76.19 -97.72 -104.21
56.57 51.77 -60.99 -95.80 -81.32 49.79 -72.85 59.82 -67.90 -136.83 -60.52 -101.94 -99.46
56.59 50.21 -62.28 -97.84 -78.86 48.64 -74.18 58.13 -69.12 -104.83 -75.62 -102.66 -95.62
56.60 48.50 -63.62 -99.94 -76.18 48.64 -74.18 56.43 -70.35 -98.20 -70.83 -99.15 -92.65
56.62 46.98 -64.75 -101.72 -73.79 46.20 -75.38 53.93 -71.48 -165.81 -74.91 -113.67 -89.76
56.63 45.39 -65.88 -103.48 -71.30 39.97 -76.24 51.57 -72.37 -152.23 -57.71 -120.14 -84.80
56.65 43.70 -67.01 -105.26 -68.65 40.09 -77.72 49.35 -73.28 -137.72 -56.54 -125.91 -78.36
56.67 41.94 -68.13 -107.01 -65.88 37.57 -77.50 47.25 -74.08 -126.03 -47.92 -130.17 -69.84
56.68 40.17 -69.18 -108.67 -63.10 36.43 -78.88 45.30 -74.90 -119.38 -50.01 -130.31 -64.47
56.70 38.40 -70.18 -110.24 -60.33 32.88 -81.58 43.24 -76.02 -127.22 -69.51 -128.70 -63.98
56.71 36.68 -71.10 -111.68 -57.61 30.48 -82.91 41.07 -77.14 -139.72 -72.15 -130.80 -63.57
56.73 34.79 -72.04 -113.16 -54.66 29.24 -82.82 39.01 -78.14 -122.74 -59.54 -129.39 -63.47
56.75 32.99 -72.88 -114.48 -51.82 26.85 -84.18 36.84 -79.14 -137.24 -62.99 -132.63 -62.21
56.76 31.11 -73.70 -115.77 -48.87 25.38 -79.56 34.51 -79.68 -142.57 -32.99 -137.07 -58.43
56.78 29.19 -74.49 -117.00 -45.85 23.14 -83.95 32.20 -80.54 -139.60 -51.88 -134.44 -56.12
56.79 27.31 -75.20 -118.12 -42.89 21.98 -85.43 30.40 -81.45 -112.60 -57.46 -130.48 -56.10
56.81 25.33 -75.88 -119.20 -39.79 18.29 -85.24 28.22 -82.21 -130.77 -45.10 -129.79 -54.96
56.83 23.40 -76.50 -120.17 -36.76 15.84 -85.14 26.05 -82.97 -134.91 -47.46 -130.67 -54.91
56.84 21.45 -77.07 -121.06 -33.69 14.62 -85.10 23.87 -83.59 -134.72 -38.41 -132.21 -53.75
56.86 19.50 -77.59 -121.87 -30.63 11.00 -86.53 21.68 -84.09 -136.26 -30.82 -133.11 -49.88
56.88 17.46 -78.07 -122.63 -27.43 9.81 -88.07 19.61 -84.60 -124.23 -30.95 -131.56 -45.76
56.89 15.46 -78.49 -123.30 -24.28 8.56 -86.48 17.55 -84.97 -126.80 -22.43 -131.97 -42.05
56.91 13.44 -78.86 -123.88 -21.11 4.91 -86.43 15.35 -85.19 -134.21 -13.76 -131.67 -37.13
56.92 11.50 -79.17 -124.36 -18.07 4.93 -89.57 13.31 -86.19 -131.04 -64.11 -130.51 -40.24
56.94 9.44 -79.44 -124.79 -14.82 4.91 -86.43 11.49 -86.44 -109.99 -14.95 -127.55 -36.55
56.96 7.42 -79.65 -125.12 -11.66 -1.18 -87.99 9.17 -86.70 -143.91 -15.96 -130.68 -32.40
56.97 5.38 -79.82 -125.38 -8.45 -1.17 -86.43 7.22 -86.82 -119.06 -7.29 -129.51 -28.61
56.99 3.32 -79.93 -125.56 -5.21 -4.84 -88.05 5.16 -87.11 -126.15 -17.71 -128.64 -25.64
57.01 1.23 -79.99 -125.65 -1.94 -7.29 -88.10 2.96 -87.41 -132.00 -18.10 -128.36 -23.61
57.02 -0.75 -80.00 -125.66 1.17 -6.04 -86.51 1.26 -87.41 -108.03 0.14 -125.54 -20.51
57.04 -2.82 -79.95 -125.59 4.42 -9.70 -86.61 -0.69 -87.26 -118.53 8.83 -124.97 -16.53
57.06 -4.85 -79.85 -125.43 7.62 -10.88 -85.11 -2.64 -87.12 -119.94 8.48 -124.29 -13.44
57.07 -6.92 -79.70 -125.19 10.87 -10.88 -85.11 -4.21 -86.99 -95.50 8.02 -120.41 -11.26
57.09 -8.91 -79.50 -124.88 13.99 -14.55 -85.25 -6.16 -86.56 -122.70 27.16 -119.58 -2.14
57.10 -10.93 -79.25 -124.48 17.17 -17.01 -85.37 -8.35 -86.45 -135.05 6.52 -122.09 0.01
57.12 -12.93 -78.95 -124.01 20.31 -19.47 -85.51 -10.18 -86.21 -113.64 15.42 -119.06 3.15
57.14 -14.92 -78.60 -123.46 23.43 -19.40 -83.97 -12.01 -85.96 -113.72 15.38 -118.53 5.42
57.15 -16.93 -78.19 -122.82 26.59 -21.87 -84.12 -13.71 -85.57 -104.33 24.06 -116.34 9.59
57.17 -18.99 -77.71 -122.07 29.82 -23.11 -84.20 -15.29 -85.18 -94.00 23.18 -112.54 13.72
57.18 -20.94 -77.21 -121.28 32.89 -25.50 -82.84 -17.24 -84.81 -121.45 22.89 -113.89 16.00
57.20 -22.89 -76.66 -120.41 35.95 -27.81 -80.00 -19.05 -84.15 -112.07 40.95 -113.24 19.21
57.22 -24.84 -76.05 -119.45 39.02 -30.20 -78.69 -20.98 -83.51 -118.78 39.43 -113.12 22.30
57.23 -26.80 -75.38 -118.40 42.09 -29.05 -80.09 -22.80 -83.01 -110.31 30.44 -114.61 24.54
57.25 -28.82 -74.63 -117.23 45.26 -33.95 -79.01 -24.74 -82.38 -113.23 36.43 -113.66 25.47
57.27 -30.59 -73.92 -116.11 48.06 -34.98 -76.15 -26.53 -81.46 -118.05 60.56 -111.96 30.87
57.28 -32.49 -73.11 -114.83 51.04 -37.50 -76.38 -28.34 -80.55 -109.75 55.56 -111.57 34.89
57.30 -34.36 -72.25 -113.48 53.97 -42.75 -78.40 -30.67 -79.99 -142.63 34.04 -114.46 36.75
57.32 -36.16 -71.36 -112.09 56.81 -41.19 -75.28 -32.60 -79.11 -120.78 55.25 -116.11 39.87
57.33 -37.99 -70.40 -110.59 59.68 -43.62 -74.07 -34.66 -78.09 -124.82 61.62 -119.19 43.72
57.35 -39.76 -69.42 -109.05 62.45 -45.92 -71.43 -36.70 -76.95 -127.23 71.11 -119.77 48.54
57.36 -41.62 -68.32 -107.32 65.37 -47.08 -70.12 -38.62 -75.96 -111.94 57.35 -119.75 50.18
57.38 -43.25 -67.30 -105.72 67.93 -48.23 -68.83 -40.43 -74.98 -118.04 64.58 -119.68 52.69
57.40 -44.95 -66.18 -103.95 70.61 -50.69 -67.68 -42.59 -73.74 -133.11 76.36 -121.96 57.29
57.41 -46.67 -64.97 -102.06 73.31 -53.16 -66.55 -44.51 -72.49 -114.82 74.52 -122.12 61.09
57.43 -48.30 -63.77 -100.17 75.88 -54.63 -68.13 -46.48 -71.69 -121.76 49.73 -122.49 60.01
57.45 -49.91 -62.52 -98.21 78.40 -54.03 -62.48 -48.13 -70.30 -102.25 86.01 -121.74 63.06
57.46 -51.49 -61.23 -96.18 80.88 -57.84 -61.53 -49.64 -68.61 -92.88 103.81 -116.76 70.03
57.48 -53.05 -59.88 -94.06 83.33 -57.99 -62.92 -51.32 -67.37 -102.19 75.17 -114.90 72.03
57.49 -54.51 -58.55 -91.98 85.63 -58.73 -57.54 -52.83 -65.72 -96.29 105.36 -112.05 76.40
57.51 -56.00 -57.13 -89.73 87.97 -61.40 -57.84 -54.38 -64.36 -94.11 82.69 -108.74 77.56
57.53 -57.45 -55.68 -87.46 90.24 -65.30 -56.93 -56.20 -63.04 -112.02 81.10 -108.75 79.93
57.54 -58.88 -54.16 -85.08 92.48 -66.84 -58.47 -58.06 -62.01 -112.20 62.45 -108.16 79.72
57.56 -60.20 -52.69 -82.76 94.56 -67.42 -51.81 -59.73 -60.42 -106.01 100.59 -105.45 82.14
57.58 -61.52 -51.14 -80.33 96.64 -68.64 -50.62 -61.28 -58.83 -95.57 98.36 -103.53 84.53
57.59 -62.86 -49.49 -77.74 98.73 -66.98 -47.81 -62.52 -56.79 -73.25 120.44 -98.68 91.60
57.61 -64.15 -47.81 -75.09 100.76 -71.10 -48.25 -64.22 -55.37 -101.12 84.33 -98.56 91.43
57.62 -65.21 -46.35 -72.80 102.43 -72.19 -45.75 -65.66 -53.79 -100.06 110.00 -99.28 92.05
57.64 -66.35 -44.69 -70.20 104.23 -70.67 -44.29 -66.93 -51.93 -79.09 116.22 -96.97 96.15
57.66 -67.51 -42.92 -67.42 106.05 -74.56 -42.10 -68.51 -50.39 -93.84 91.53 -96.73 94.77
57.67 -68.62 -41.12 -64.60 107.79 -72.65 -36.83 -69.63 -48.29 -67.00 125.12 -94.02 99.02
57.69 -69.61 -39.43 -61.94 109.34 -75.55 -38.36 -70.66 -46.43 -65.94 119.45 -89.41 102.85
57.70 -70.62 -37.59 -59.04 110.93 -76.58 -34.65 -71.63 -44.05 -57.98 141.83 -83.99 110.79
57.72 -71.50 -35.88 -56.35 112.32 -76.45 -33.38 -72.54 -42.20 -59.04 120.35 -79.29 112.76
57.74 -72.41 -34.01 -53.43 113.74 -77.51 -29.72 -73.42 -40.11 -53.84 126.75 -75.12 115.60
57.75 -73.27 -32.12 -50.46 115.09 -78.92 -29.83 -74.62 -38.32 -72.25 108.79 -75.02 114.44
57.77 -74.07 -30.24 -47.50 116.34 -81.55 -27.55 -75.66 -36.25 -64.16 127.07 -71.32 118.71
57.79 -74.79 -28.39 -44.59 117.48 -82.77 -25.16 -76.72 -34.19 -66.95 130.31 -68.01 120.74
57.80 -75.49 -26.48 -41.60 118.58 -84.01 -22.77 -78.06 -32.04 -82.58 133.20 -68.36 122.44
57.82 -76.14 -24.54 -38.54 119.61 -80.86 -18.89 -78.69 -29.71 -38.60 142.11 -62.83 127.50
57.83 -76.74 -22.59 -35.49 120.55 -83.64 -17.84 -79.79 -27.82 -67.89 117.26 -62.92 126.71
57.85 -77.29 -20.65 -32.44 121.40 -83.40 -14.18 -80.57 -25.40 -48.92 150.79 -61.22 129.85
57.87 -77.80 -18.64 -29.28 122.21 -83.26 -11.75 -81.24 -23.11 -40.43 138.53 -59.47 129.52
57.88 -78.25 -16.63 -26.13 122.92 -83.33 -12.96 -81.93 -21.07 -41.99 124.77 -57.76 129.96
57.90 -78.65 -14.64 -23.00 123.54 -83.13 -9.34 -82.49 -19.03 -34.72 125.99 -55.85 129.88
57.92 -79.00 -12.62 -19.82 124.09 -84.45 -6.99 -83.04 -16.74 -33.83 139.87 -52.01 132.99
57.93 -79.30 -10.52 -16.53 124.57 -85.84 -5.84 -83.47 -14.57 -25.48 128.96 -48.14 133.18
57.95 -79.55 -8.52 -13.38 124.95 -85.74 -3.44 -83.77 -12.40 -18.45 134.89 -43.29 133.64
57.97 -79.74 -6.48 -10.17 125.25 -88.58 -1.12 -84.22 -10.24 -28.04 132.94 -37.84 133.61
57.98 -79.88 -4.39 -6.90 125.47 -88.54 0.08 -84.99 -8.34 -46.15 114.07 -38.59 130.81
58.00 -79.96 -2.46 -3.86 125.60 -88.48 2.49 -85.47 -6.31 -31.40 131.93 -34.94 132.27
58.01 -80.00 -0.40 -0.62 125.66 -88.41 6.08 -85.97 -4.28 -30.53 123.53 -33.10 129.55
58.03 -79.98 1.61 2.53 125.64 -88.38 8.47 -86.49 -2.26 -32.10 126.81 -32.27 128.38
58.05 -79.91 3.73 5.86 125.53 -88.37 9.67 -86.99 0.01 -29.80 133.75 -31.05 129.27
58.06 -79.80 5.71 8.96 125.34 -88.36 12.06 -87.51 2.15 -33.24 135.97 -30.90 130.27
58.08 -79.63 7.73 12.14 125.08 -88.37 14.45 -87.91 4.29 -24.27 132.70 -29.95 129.55
58.09 -79.40 9.74 15.30 124.73 -88.39 16.84 -88.16 6.56 -15.86 140.98 -28.98 130.76
58.11 -79.12 11.83 18.58 124.28 -88.43 19.24 -88.43 8.83 -16.00 135.06 -28.74 130.77
58.13 -78.80 13.78 21.65 123.78 -85.54 20.38 -88.13 10.98 19.32 136.58 -24.00 131.14
58.14 -78.43 15.77 24.77 123.20 -88.54 24.04 -88.13 13.37 -0.02 149.12 -19.39 134.64
58.16 -77.99 17.81 27.97 122.51 -85.66 25.16 -87.84 15.64 16.93 136.47 -14.56 135.10
58.18 -77.49 19.87 31.22 121.72 -85.75 27.56 -87.58 17.79 15.73 127.05 -9.93 135.45
58.19 -76.98 21.76 34.18 120.93 -88.77 30.07 -87.62 19.95 -2.55 138.87 -6.98 136.65
58.21 -76.41 23.70 37.23 120.02 -85.96 32.37 -87.38 22.22 14.96 140.88 -2.50 137.37
58.22 -75.75 25.71 40.39 119.00 -86.02 33.58 -87.14 24.37 13.91 127.81 2.21 136.55
58.24 -75.08 27.62 43.38 117.94 -86.15 36.01 -86.92 26.53 13.79 134.20 6.02 136.70
58.26 -74.35 29.53 46.38 116.79 -83.33 37.09 -86.42 28.55 31.06 124.32 10.71 135.04
58.27 -73.58 31.40 49.32 115.58 -83.48 39.52 -85.92 30.58 30.72 125.97 15.38 134.13
58.29 -72.76 33.26 52.24 114.29 -83.74 43.19 -85.74 32.86 11.15 141.08 14.57 134.58
58.31 -71.87 35.13 55.19 112.90 -81.05 45.47 -84.99 35.00 45.41 129.88 19.11 132.65
58.32 -70.94 36.98 58.09 111.43 -78.32 46.51 -84.26 37.14 44.61 129.67 21.88 131.97
58.34 -70.01 38.70 60.80 109.98 -79.82 47.84 -83.66 39.16 38.04 130.21 24.11 132.29
58.35 -68.96 40.55 63.70 108.32 -78.51 48.98 -82.64 41.06 60.61 111.62 30.43 129.56
58.37 -67.93 42.26 66.39 106.70 -74.53 51.15 -81.50 42.93 71.80 117.99 36.11 127.28
58.39 -66.84 43.96 69.05 104.99 -74.74 53.63 -80.37 44.94 70.45 125.16 41.76 127.01
58.40 -65.67 45.69 71.77 103.15 -74.95 56.13 -79.25 46.95 67.37 121.02 47.12 125.69
58.42 -64.50 47.32 74.33 101.32 -70.95 57.05 -78.01 48.95 77.56 125.02 51.77 125.76
58.44 -63.28 48.95 76.89 99.39 -72.54 59.68 -76.91 50.96 67.45 124.28 55.44 125.59
58.45 -61.97 50.60 79.48 97.34 -68.57 60.60 -75.40 52.70 90.58 103.99 63.39 121.88
58.47 -60.69 52.12 81.87 95.33 -68.80 63.14 -74.17 54.47 77.40 111.66 66.59 120.06
58.48 -59.33 53.66 84.29 93.20 -67.57 64.29 -73.10 56.25 65.78 108.83 68.70 117.98
58.50 -57.97 55.13 86.59 91.07 -66.47 66.74 -71.76 58.14 83.98 118.87 73.30 116.85
58.52 -56.47 56.67 89.02 88.70 -64.04 69.07 -70.32 60.15 84.17 116.92 75.65 117.37
58.53 -55.06 58.04 91.17 86.48 -62.97 71.55 -69.16 62.19 74.00 130.49 75.87 118.62
58.55 -53.56 59.43 93.35 84.13 -64.43 72.99 -68.13 64.12 63.43 119.20 75.17 118.03
58.57 -51.99 60.80 95.51 81.66 -59.26 73.79 -66.56 65.89 94.41 106.20 77.88 116.55
58.58 -50.41 62.12 97.57 79.19 -56.65 73.54 -65.13 67.54 87.61 101.07 78.88 114.15
58.60 -48.66 63.50 99.75 76.43 -56.77 74.85 -63.55 69.06 88.54 85.20 80.99 110.24
58.61 -47.25 64.56 101.41 74.21 -54.55 78.58 -62.15 70.85 100.01 128.25 81.93 112.67
58.63 -45.66 65.69 103.18 71.72 -49.43 78.11 -60.22 72.35 124.99 96.62 86.69 111.17
58.65 -43.95 66.85 105.01 69.03 -49.66 80.77 -58.42 74.00 108.73 100.04 90.99 110.29
58.66 -42.27 67.92 106.69 66.39 -47.24 81.88 -56.50 75.51 121.29 95.54 94.72 107.95
58.68 -40.51 68.98 108.36 63.64 -44.73 81.66 -54.57 76.77 118.38 77.18 98.14 103.98
58.69 -38.70 70.01 109.98 60.80 -44.83 83.01 -52.76 77.92 109.45 69.19 101.68 97.85
58.71 -36.95 70.95 111.45 58.05 -42.55 85.50 -50.57 79.17 138.44 79.13 109.18 93.84
58.73 -35.12 71.88 112.91 55.17 -37.59 85.10 -48.40 80.30 132.66 69.25 113.01 90.15
58.74 -33.22 72.77 114.31 52.19 -37.59 85.10 -46.49 81.46 114.15 69.19 115.66 86.96
58.76 -31.38 73.59 115.60 49.29 -37.69 86.45 -44.59 82.62 118.81 72.21 118.69 85.66
58.78 -29.51 74.36 116.80 46.35 -32.96 88.82 -42.43 83.64 134.11 63.62 122.10 79.20
58.79 -27.55 75.11 117.98 43.27 -30.53 88.65 -40.54 84.70 113.39 63.24 120.94 75.86
58.81 -25.67 75.77 119.02 40.31 -28.19 89.87 -38.39 85.60 135.07 57.22 123.58 71.58
58.82 -23.72 76.40 120.01 37.26 -28.19 89.87 -36.48 86.40 117.17 49.10 123.16 66.93
58.84 -21.73 76.99 120.94 34.14 -23.44 90.96 -34.36 87.33 128.82 56.28 124.21 64.84
58.86 -19.76 77.52 121.77 31.04 -21.11 92.22 -31.98 88.25 145.99 56.70 127.86 63.59
58.87 -17.80 78.00 122.51 27.96 -18.73 92.11 -29.60 88.91 148.31 41.12 128.85 59.79
58.89 -15.76 78.43 123.20 24.75 -18.78 93.50 -27.72 89.75 113.32 50.61 126.92 57.93
58.91 -13.73 78.81 123.80 21.57 -14.02 93.30 -25.36 90.58 143.74 50.04 129.87 56.01
58.92 -11.78 79.13 124.29 18.50 -11.65 93.22 -22.76 91.25 165.38 43.01 134.53 53.09
58.94 -9.70 79.41 124.74 15.24 -9.29 93.16 -20.39 91.69 141.88 26.00 135.31 49.33
58.96 -7.68 79.63 125.08 12.07 -9.29 93.16 -18.27 92.14 131.45 27.89 137.11 45.80
58.97 -5.60 79.80 125.36 8.79 -4.58 93.06 -15.91 92.46 141.67 19.19 137.77 41.99
58.99 -3.63 79.92 125.53 5.70 -2.23 93.04 -13.31 92.77 165.30 20.18 142.59 39.10
59.00 -1.60 79.98 125.64 2.52 0.12 93.02 -10.96 92.98 146.19 12.77 144.32 34.75
59.02 0.43 80.00 125.66 -0.67 0.12 93.02 -8.83 93.06 131.52 4.96 142.87 29.58
59.04 2.47 79.96 125.60 -3.87 2.46 94.41 -6.72 93.29 130.40 14.16 141.08 26.88
59.05 4.52 79.87 125.46 -7.11 7.16 93.05 -4.12 93.24 158.20 -2.75 145.57 21.54
59.07 6.58 79.73 125.24 -10.34 9.51 93.08 -1.77 93.22 143.19 -1.36 145.52 16.40
59.08 8.60 79.54 124.94 -13.50 9.49 91.70 0.35 93.07 131.52 -9.49 142.13 11.15
59.10 10.61 79.29 124.55 -16.66 11.84 91.74 2.46 92.93 130.99 -8.78 141.04 7.68
59.12 12.68 78.99 124.07 -19.92 16.51 90.49 5.04 92.66 154.48 -15.95 143.35 3.29
59.13 14.63 78.65 123.54 -22.98 18.91 91.95 7.39 92.55 149.56 -7.10 144.14 0.66
59.15 16.64 78.25 122.91 -26.15 21.19 89.30 9.73 92.18 143.17 -22.86 141.92 -3.64
59.17 18.68 77.79 122.19 -29.34 25.87 88.15 12.30 91.69 155.10 -29.33 142.81 -7.85
59.18 20.69 77.28 121.39 -32.49 25.82 86.80 14.87 91.07 156.11 -37.80 145.27 -12.13
59.20 22.60 76.74 120.54 -35.51 28.19 86.92 17.45 90.32 162.24 -47.23 148.46 -18.26
59.22 24.83 76.05 119.46 -39.00 30.45 84.36 19.78 89.45 125.63 -46.83 145.20 -22.67
59.23 26.52 75.48 118.56 -41.66 35.24 84.65 22.35 88.61 180.94 -59.26 148.97 -28.46
59.25 28.42 74.78 117.47 -44.64 37.58 83.47 25.16 87.78 174.49 -51.09 153.27 -32.62
59.26 30.35 74.02 116.27 -47.68 37.42 80.82 27.72 86.69 155.00 -66.16 155.67 -38.36
59.28 32.24 73.22 115.01 -50.64 39.84 80.98 30.05 85.74 142.85 -58.23 154.51 -42.59
59.30 34.05 72.39 113.71 -53.49 44.55 78.70 32.62 84.42 161.65 -83.54 155.72 -50.23
59.31 35.90 71.49 112.30 -56.39 44.46 77.39 34.94 83.22 142.71 -73.00 155.67 -55.25
59.33 37.74 70.54 110.81 -59.28 49.30 76.46 37.29 82.06 142.16 -70.93 154.38 -59.41
59.34 39.48 69.58 109.29 -62.02 49.11 73.87 39.62 80.76 146.59 -81.37 153.43 -63.76
59.36 41.25 68.54 107.67 -64.80 51.59 74.06 41.96 79.48 143.75 -78.98 151.58 -66.94
59.38 43.01 67.45 105.96 -67.56 53.90 71.68 44.30 78.21 142.32 -76.96 153.24 -69.95
59.39 44.68 66.36 104.24 -70.18 58.87 70.81 46.66 76.83 148.79 -87.17 150.03 -72.74
59.41 46.41 65.16 102.35 -72.91 61.11 67.19 49.02 75.20 140.21 -97.04 146.60 -77.34
59.43 48.09 63.93 100.43 -75.54 58.55 66.98 51.13 73.81 127.87 -83.74 143.89 -79.10
59.44 49.64 62.74 98.55 -77.97 63.48 64.86 53.49 72.20 151.90 -103.57 144.79 -83.63
59.46 51.23 61.45 96.52 -80.47 63.28 62.35 55.37 70.57 114.84 -100.26 140.11 -85.30
59.48 52.82 60.08 94.38 -82.97 63.18 61.10 57.24 68.94 112.07 -97.52 137.05 -87.75
59.49 54.38 58.68 92.17 -85.42 68.39 61.51 59.15 67.44 114.40 -89.59 134.27 -89.62
59.51 55.80 57.32 90.04 -87.66 68.09 57.76 61.04 65.83 121.35 -102.98 131.75 -91.78
59.52 57.25 55.88 87.78 -89.92 73.20 55.68 63.21 63.99 133.31 -113.39 130.71 -95.22
59.54 58.63 54.43 85.50 -92.09 73.10 54.44 65.13 62.27 120.34 -108.05 128.51 -98.33
59.56 60.01 52.91 83.11 -94.26 75.61 52.17 66.80 60.40 102.48 -114.13 123.88 -101.03
59.57 61.32 51.38 80.70 -96.33 75.42 49.71 68.23 58.66 88.95 -108.64 118.75 -102.19
59.59 62.64 49.76 78.16 -98.40 78.05 48.67 70.18 56.83 117.37 -110.25 117.70 -104.84
59.60 63.88 48.16 75.65 -100.34 80.63 46.40 71.89 54.98 106.56 -114.74 113.17 -105.95
59.62 65.03 46.59 73.19 -102.15 77.79 45.01 73.35 53.25 93.84 -112.08 111.07 -107.14
59.64 66.18 44.94 70.60 -103.96 80.30 41.54 75.06 51.29 106.97 -122.22 110.56 -109.61
59.65 67.29 43.26 67.96 -105.70 83.00 40.48 76.52 49.19 91.16 -131.20 108.23 -113.77
59.67 68.41 41.48 65.15 -107.46 82.86 38.07 78.00 47.22 88.04 -117.41 104.90 -115.21
59.69 69.42 39.77 62.46 -109.04 82.79 36.87 78.95 45.34 60.66 -119.04 97.64 -115.77
59.70 70.41 37.98 59.65 -110.60 82.67 34.47 79.91 43.34 58.66 -122.52 91.47 -117.22
59.72 71.37 36.13 56.76 -112.11 82.55 32.08 80.61 41.33 42.04 -121.54 85.42 -117.96
59.73 72.25 34.35 53.96 -113.49 85.20 28.61 81.58 39.22 61.86 -133.43 82.72 -120.44
59.75 73.10 32.50 51.05 -114.83 82.41 28.52 82.02 37.21 26.92 -124.45 73.67 -121.86
59.77 73.93 30.57 48.01 -116.13 85.08 25.04 82.47 35.07 26.58 -127.44 65.67 -123.13
59.78 74.67 28.70 45.08 -117.30 87.88 23.92 83.47 32.96 63.18 -132.04 62.61 -125.13
59.80 75.38 26.79 42.08 -118.41 84.97 20.31 83.94 30.84 28.82 -131.06 54.79 -126.01
59.82 76.05 24.81 38.98 -119.47 90.64 18.02 84.71 28.59 45.92 -135.14 50.27 -126.41
59.83 76.68 22.81 35.83 -120.45 90.62 16.82 85.48 26.47 46.42 -127.05 46.11 -127.37
59.85 77.23 20.89 32.81 -121.30 87.72 13.24 85.97 24.10 31.01 -148.68 43.14 -130.34
59.86 77.75 18.86 29.62 -122.12 90.59 13.25 86.77 21.98 47.59 -127.36 42.03 -130.82
59.88 78.19 16.92 26.58 -122.82 90.60 9.68 87.57 19.74 50.82 -141.53 42.91 -132.82
59.90 78.59 14.98 23.52 -123.44 87.72 9.69 87.82 17.85 15.94 -119.79 38.32 -131.45
59.91 78.96 12.89 20.24 -124.02 87.76 6.14 88.36 15.61 31.67 -132.60 38.79 -132.27
59.93 79.27 10.76 16.91 -124.52 90.65 4.91 88.91 13.60 32.58 -117.75 39.39 -131.30
59.95 79.50 8.92 14.01 -124.88 87.85 1.39 88.91 11.34 -0.24 -152.37 33.05 -133.33
59.96 79.70 6.87 10.80 -125.20 87.92 -1.00 89.21 9.21 18.04 -130.37 31.97 -133.26
59.98 79.85 4.84 7.60 -125.43 87.95 -2.19 88.94 7.19 -16.48 -124.16 25.73 -132.16
59.99 79.95 2.73 4.29 -125.59 90.93 -4.68 88.97 5.04 1.88 -128.43 21.28 -132.30
60.01 80.00 0.73 1.14 -125.66 85.41 -9.27 88.74 2.79 -14.45 -140.80 16.73 -131.51
60.03 79.99 -1.35 -2.12 -125.65 85.47 -10.47 88.23 0.42 -31.02 -143.48 8.87 -133.13
60.04 79.93 -3.31 -5.19 -125.56 85.67 -14.09 87.73 -1.96 -31.71 -152.83 0.62 -134.26
60.06 79.82 -5.40 -8.48 -125.38 85.67 -14.09 87.53 -4.33 -12.30 -142.38 -2.20 -136.52
60.08 79.66 -7.39 -11.61 -125.13 85.82 -16.52 87.33 -6.60 -12.18 -142.44 -6.59 -137.50
60.09 79.43 -9.49 -14.91 -124.78 86.17 -21.42 86.88 -9.23 -26.73 -156.80 -12.52 -141.41
60.11 79.17 -11.48 -18.04 -124.36 86.17 -21.42 86.72 -11.51 -10.52 -142.52 -13.55 -140.42
60.12 78.86 -13.48 -21.18 -123.87 86.36 -23.89 86.56 -13.80 -9.65 -142.26 -16.31 -141.61
60.14 78.48 -15.52 -24.38 -123.28 83.71 -26.17 86.14 -16.20 -25.71 -145.35 -17.24 -143.73
60.16 78.05 -17.54 -27.55 -122.61 87.04 -31.43 85.75 -18.88 -23.72 -163.15 -19.80 -147.20
60.17 77.59 -19.50 -30.63 -121.87 78.43 -29.48 85.05 -20.90 -43.39 -125.78 -22.69 -145.70
60.19 77.07 -21.46 -33.71 -121.06 84.54 -35.01 84.96 -23.35 -5.75 -152.13 -20.17 -146.56
60.21 76.49 -23.43 -36.80 -120.15 79.13 -37.05 84.30 -25.65 -40.13 -140.86 -21.01 -145.37
60.22 75.86 -25.42 -39.92 -119.15 73.74 -37.83 83.11 -28.02 -71.75 -142.83 -26.95 -145.41
60.24 75.19 -27.33 -42.93 -118.10 82.22 -39.89 82.75 -30.36 -22.30 -144.90 -27.97 -145.66
60.25 74.47 -29.22 -45.90 -116.98 80.94 -41.05 82.23 -32.32 -32.47 -121.97 -28.54 -142.18
60.27 73.70 -31.11 -48.87 -115.77 78.40 -43.38 81.45 -34.52 -47.83 -135.32 -32.27 -141.46
60.29 72.86 -33.03 -51.88 -114.46 80.12 -46.17 80.83 -36.75 -37.54 -133.90 -35.06 -140.62
60.30 72.02 -34.82 -54.70 -113.14 80.44 -48.84 80.50 -39.01 -20.78 -143.85 -34.57 -140.47
60.32 71.10 -36.67 -57.59 -111.69 80.78 -51.55 79.87 -41.03 -38.19 -122.62 -36.01 -136.42
60.34 70.12 -38.51 -60.49 -110.15 76.84 -53.77 79.71 -43.45 -9.55 -146.00 -32.63 -138.44
60.35 69.15 -40.23 -63.20 -108.61 78.26 -53.94 79.09 -45.35 -39.81 -120.11 -36.04 -135.23
60.37 68.09 -41.99 -65.96 -106.96 70.22 -55.68 78.20 -47.21 -54.72 -114.48 -37.50 -132.60
60.38 66.99 -43.74 -68.70 -105.22 64.96 -56.44 77.32 -49.07 -53.29 -112.99 -35.65 -129.61
60.40 65.86 -45.42 -71.34 -103.45 74.91 -60.36 76.59 -51.12 -45.39 -126.99 -37.96 -127.82
60.42 64.66 -47.10 -73.99 -101.57 66.77 -60.72 75.17 -53.09 -86.23 -119.71 -43.33 -127.60
60.43 63.46 -48.72 -76.52 -99.68 62.89 -61.65 73.62 -54.91 -96.81 -113.99 -48.23 -125.46
60.45 62.18 -50.34 -79.07 -97.67 63.05 -63.04 71.91 -56.60 -103.82 -102.64 -54.86 -122.34
60.47 60.86 -51.92 -81.56 -95.60 61.71 -62.89 70.04 -58.01 -114.21 -85.66 -64.20 -116.52
60.48 59.48 -53.50 -84.04 -93.43 64.89 -67.48 68.45 -59.60 -95.29 -95.55 -69.91 -113.81
60.50 58.15 -54.94 -86.29 -91.35 58.35 -68.10 66.60 -61.03 -118.84 -92.06 -80.84 -108.42
60.51 56.74 -56.40 -88.59 -89.12 61.35 -71.33 64.91 -62.77 -104.21 -107.13 -87.28 -107.12
60.53 55.25 -57.86 -90.89 -86.78 51.96 -68.80 63.08 -64.08 -110.08 -79.05 -92.82 -103.58
60.55 53.79 -59.22 -93.02 -84.49 52.24 -71.68 61.81 -65.61 -80.10 -95.94 -95.50 -101.87
60.56 52.24 -60.59 -95.17 -82.06 51.23 -74.47 59.44 -67.02 -144.43 -86.04 -105.40 -97.78
60.58 50.69 -61.89 -97.21 -79.63 46.20 -75.38 57.39 -68.48 -127.85 -91.12 -109.56 -94.92
60.60 49.10 -63.16 -99.21 -77.12 44.92 -75.25 55.59 -69.84 -110.53 -83.70 -110.94 -91.89
60.61 47.44 -64.42 -101.18 -74.52 45.05 -76.73 53.79 -71.21 -108.82 -82.79 -111.44 -89.90
60.63 45.86 -65.55 -102.97 -72.03 39.97 -76.24 51.62 -72.55 -139.92 -85.95 -114.01 -89.93
60.64 44.21 -66.68 -104.74 -69.44 37.68 -78.99 48.89 -73.70 -171.44 -72.51 -121.62 -87.63
60.66 42.51 -67.77 -106.45 -66.78 35.28 -80.28 46.59 -74.92 -143.66 -75.86 -124.10 -86.01
60.68 40.72 -68.86 -108.17 -63.96 34.03 -80.17 43.86 -75.80 -163.48 -52.91 -130.03 -80.59
60.69 38.93 -69.89 -109.78 -61.15 30.30 -79.89 41.69 -76.91 -131.94 -67.57 -132.22 -79.44
60.71 37.17 -70.84 -111.28 -58.39 29.24 -82.82 39.39 -78.02 -144.45 -69.98 -138.65 -76.84
60.73 35.35 -71.77 -112.73 -55.53 30.48 -82.91 37.32 -78.87 -127.72 -52.01 -136.98 -73.44
60.74 33.48 -72.66 -114.13 -52.59 24.30 -82.50 35.13 -79.58 -132.55 -43.07 -137.45 -68.63
60.76 31.68 -73.46 -115.39 -49.77 23.14 -83.95 32.95 -80.45 -139.49 -55.72 -140.35 -65.84
60.77 29.72 -74.27 -116.67 -46.69 20.68 -83.82 30.51 -81.16 -143.99 -41.88 -143.86 -61.75
60.79 27.84 -75.00 -117.81 -43.74 21.98 -85.43 28.71 -82.08 -112.34 -57.33 -141.11 -58.88
60.81 25.96 -75.67 -118.87 -40.77 17.07 -85.19 26.65 -82.70 -129.33 -38.89 -136.90 -55.52
60.82 23.94 -76.33 -119.90 -37.61 14.58 -83.57 24.58 -83.03 -122.80 -19.52 -134.81 -49.89
60.84 22.03 -76.91 -120.80 -34.61 14.67 -86.64 22.64 -83.67 -122.13 -40.82 -130.67 -48.68
60.86 20.06 -77.44 -121.65 -31.51 11.03 -88.10 20.72 -84.49 -118.30 -50.39 -129.31 -46.96
60.87 18.04 -77.94 -122.43 -28.34 10.97 -84.99 18.89 -84.71 -110.39 -13.09 -125.90 -41.27
60.89 16.01 -78.38 -123.12 -25.15 8.54 -84.94 16.70 -84.91 -132.68 -12.23 -126.40 -37.30
60.90 14.06 -78.75 -123.71 -22.09 7.34 -86.46 15.00 -85.31 -107.63 -25.14 -123.91 -35.50
60.92 12.06 -79.09 -124.23 -18.95 6.11 -84.90 13.30 -85.40 -105.34 -5.86 -120.49 -30.52
60.94 9.99 -79.37 -124.68 -15.69 2.48 -86.42 11.48 -85.66 -109.26 -15.59 -117.02 -27.89
60.95 8.02 -79.60 -125.03 -12.60 3.69 -86.42 9.65 -85.76 -116.20 -6.35 -117.41 -22.79
60.97 5.94 -79.78 -125.32 -9.33 -1.18 -87.99 7.82 -86.04 -109.65 -16.85 -115.44 -20.59
60.98 3.92 -79.90 -125.51 -6.16 -4.80 -84.94 5.89 -86.18 -120.52 -8.56 -115.21 -19.49
61.00 1.90 -79.98 -125.63 -2.98 -4.80 -84.94 3.94 -86.01 -120.56 10.55 -115.05 -14.35
61.02 -0.18 -80.00 -125.66 0.28 -4.78 -83.41 2.36 -85.54 -95.89 28.40 -112.81 -6.47
61.03 -2.22 -79.97 -125.62 3.49 -8.44 -85.03 0.42 -85.55 -119.06 -0.24 -113.68 -5.19
61.05 -4.25 -79.89 -125.49 6.68 -8.38 -81.99 -1.27 -85.25 -104.88 18.30 -110.90 -2.14
61.07 -6.32 -79.75 -125.27 9.93 -9.66 -85.07 -2.97 -85.11 -103.04 8.45 -110.44 1.22
61.08 -8.29 -79.57 -124.99 13.03 -13.28 -83.67 -4.91 -84.99 -122.85 7.82 -112.19 2.59
61.10 -10.39 -79.32 -124.60 16.32 -13.28 -83.67 -6.49 -84.71 -93.72 16.38 -110.64 5.79
61.12 -12.36 -79.04 -124.15 19.42 -14.44 -82.20 -8.30 -84.29 -114.38 26.64 -110.46 9.09
61.13 -14.54 -78.67 -123.57 22.84 -18.17 -83.90 -10.00 -83.88 -96.67 23.29 -109.16 13.10
61.15 -16.39 -78.30 -123.00 25.75 -19.26 -80.93 -11.45 -83.48 -96.44 26.72 -106.75 16.63
61.16 -18.49 -77.83 -122.26 29.04 -21.79 -82.59 -13.15 -83.25 -99.40 13.76 -104.63 16.95
61.18 -20.38 -77.36 -121.52 32.01 -22.95 -81.15 -14.96 -83.02 -117.23 14.58 -106.77 15.57
61.20 -22.37 -76.81 -120.65 35.14 -21.57 -78.09 -16.28 -82.33 -79.71 42.11 -102.83 19.81
61.21 -24.31 -76.22 -119.72 38.19 -28.86 -77.11 -18.33 -81.84 -126.69 30.13 -105.01 20.99
61.23 -26.24 -75.57 -118.71 41.22 -30.10 -77.21 -20.37 -81.05 -126.20 48.51 -107.33 25.00
61.24 -28.16 -74.88 -117.62 44.24 -28.76 -75.65 -21.92 -80.25 -95.49 49.44 -104.59 29.16
61.26 -30.01 -74.16 -116.49 47.14 -33.84 -77.52 -23.97 -79.64 -130.24 38.92 -108.24 31.41
61.28 -31.98 -73.33 -115.19 50.23 -36.24 -76.27 -26.15 -79.04 -128.18 34.89 -109.62 32.24
61.29 -33.81 -72.51 -113.89 53.10 -36.02 -73.34 -27.94 -77.99 -111.83 66.18 -111.14 36.53
61.31 -35.63 -71.63 -112.51 55.97 -39.67 -72.24 -29.98 -77.12 -126.63 53.96 -114.16 39.25
61.33 -37.44 -70.70 -111.05 58.82 -43.49 -72.61 -32.15 -76.12 -133.83 61.55 -117.60 44.03
